== [06:16:10] setup
== [06:16:14] data prep
Warning: You are sending unauthenticated requests to the HF Hub. Please set a HF_TOKEN to enable higher rate limits and faster downloads.
HB [06:16:40] data prep | disk free 40G | mem 3.6G/60G | 
train: 855861 paragraphs, 111548103 tokens (35s)
validation: 1840 paragraphs, 233852 tokens (2s)
test: 2173 paragraphs, 267392 tokens (1s)
teacher: bert-base-uncased (30522, 768) -> 256-bit codes, 29522 candidate tokens, bit balance 0.500
evalset test: 20000 graphs -> ../data/stage2/test20k.gtmd (0.1s)
Warning: You are sending unauthenticated requests to the HF Hub. Please set a HF_TOKEN to enable higher rate limits and faster downloads.
HB [06:17:10] data prep | disk free 39G | mem 2.5G/60G | 
prep: 3000000 train windows, 5000 val, 20000 test -> /root/lae
== [06:17:16] waiting for the logic-bert source at /root/logic-bert/src/logic_text.c (copy it onto the pod)
== [06:17:21] build
{"check":"truth_tables,packed_scalar,odd_padding,partial_packs,checkpoint_roundtrip","passed":true}
== [06:17:23] throughput probe
RESULT {"probe_seconds_per_step":2.00267,"pretrain_steps":12583,"windows":3221248,"masked_targets":6442496}
== [06:17:40] pretrain 12583 steps
HB [06:17:40] pretrain 12583 steps | disk free 38G | mem 2.1G/60G | 
HB [06:18:10] pretrain 12583 steps | disk free 38G | mem 2.7G/60G | 
HB [06:18:40] pretrain 12583 steps | disk free 38G | mem 2.7G/60G | 
HB [06:19:10] pretrain 12583 steps | disk free 38G | mem 2.7G/60G | 
HB [06:19:40] pretrain 12583 steps | disk free 38G | mem 2.7G/60G | 
HB [06:20:10] pretrain 12583 steps | disk free 38G | mem 2.7G/60G | 
HB [06:20:41] pretrain 12583 steps | disk free 38G | mem 2.7G/60G | 
HB [06:21:11] pretrain 12583 steps | disk free 38G | mem 2.7G/60G | 
HB [06:21:41] pretrain 12583 steps | disk free 38G | mem 2.7G/60G | 
HB [06:22:11] pretrain 12583 steps | disk free 38G | mem 2.7G/60G | 
HB [06:22:41] pretrain 12583 steps | disk free 38G | mem 2.7G/60G | 
HB [06:23:11] pretrain 12583 steps | disk free 38G | mem 2.7G/60G | 
HB [06:23:41] pretrain 12583 steps | disk free 38G | mem 2.7G/60G | 
HB [06:24:11] pretrain 12583 steps | disk free 38G | mem 2.7G/60G | 
HB [06:24:41] pretrain 12583 steps | disk free 38G | mem 2.7G/60G | 
HB [06:25:11] pretrain 12583 steps | disk free 38G | mem 2.7G/60G | 
HB [06:25:41] pretrain 12583 steps | disk free 38G | mem 2.7G/60G | 
HB [06:26:11] pretrain 12583 steps | disk free 38G | mem 2.7G/60G | 
HB [06:26:41] pretrain 12583 steps | disk free 38G | mem 2.7G/60G | 
HB [06:27:11] pretrain 12583 steps | disk free 38G | mem 2.7G/60G | 
HB [06:27:41] pretrain 12583 steps | disk free 38G | mem 2.7G/60G | 
HB [06:28:11] pretrain 12583 steps | disk free 38G | mem 2.7G/60G | 
HB [06:28:41] pretrain 12583 steps | disk free 38G | mem 2.7G/60G | 
HB [06:29:11] pretrain 12583 steps | disk free 38G | mem 2.7G/60G | 
HB [06:29:41] pretrain 12583 steps | disk free 38G | mem 2.7G/60G | 
HB [06:30:11] pretrain 12583 steps | disk free 38G | mem 2.7G/60G | 
HB [06:30:41] pretrain 12583 steps | disk free 38G | mem 2.7G/60G | 
HB [06:31:11] pretrain 12583 steps | disk free 38G | mem 2.7G/60G | 
HB [06:31:41] pretrain 12583 steps | disk free 38G | mem 2.7G/60G | 
HB [06:32:11] pretrain 12583 steps | disk free 38G | mem 2.7G/60G | 
HB [06:32:41] pretrain 12583 steps | disk free 38G | mem 2.7G/60G | 
HB [06:33:11] pretrain 12583 steps | disk free 38G | mem 2.7G/60G | 
HB [06:33:41] pretrain 12583 steps | disk free 38G | mem 2.7G/60G | 
HB [06:34:11] pretrain 12583 steps | disk free 38G | mem 2.7G/60G | 
HB [06:34:42] pretrain 12583 steps | disk free 38G | mem 2.7G/60G | 
HB [06:35:12] pretrain 12583 steps | disk free 38G | mem 2.7G/60G | 
HB [06:35:42] pretrain 12583 steps | disk free 38G | mem 2.7G/60G | 
HB [06:36:12] pretrain 12583 steps | disk free 38G | mem 2.7G/60G | 
HB [06:36:42] pretrain 12583 steps | disk free 38G | mem 2.8G/60G | {"step":629,"ce":6.78904,"loss":6.797153,"lr":0.02486198,"code_temperature":0.95009,"masked_targets":512,"compute_seconds":1111.4602,"wall_seconds":1120.2185,"val_mlm_ce":6.855171}
HB [06:37:12] pretrain 12583 steps | disk free 38G | mem 2.8G/60G | {"step":629,"ce":6.78904,"loss":6.797153,"lr":0.02486198,"code_temperature":0.95009,"masked_targets":512,"compute_seconds":1111.4602,"wall_seconds":1120.2185,"val_mlm_ce":6.855171}
HB [06:37:42] pretrain 12583 steps | disk free 38G | mem 2.8G/60G | {"step":629,"ce":6.78904,"loss":6.797153,"lr":0.02486198,"code_temperature":0.95009,"masked_targets":512,"compute_seconds":1111.4602,"wall_seconds":1120.2185,"val_mlm_ce":6.855171}
HB [06:38:12] pretrain 12583 steps | disk free 38G | mem 2.8G/60G | {"step":629,"ce":6.78904,"loss":6.797153,"lr":0.02486198,"code_temperature":0.95009,"masked_targets":512,"compute_seconds":1111.4602,"wall_seconds":1120.2185,"val_mlm_ce":6.855171}
HB [06:38:42] pretrain 12583 steps | disk free 38G | mem 2.8G/60G | {"step":629,"ce":6.78904,"loss":6.797153,"lr":0.02486198,"code_temperature":0.95009,"masked_targets":512,"compute_seconds":1111.4602,"wall_seconds":1120.2185,"val_mlm_ce":6.855171}
HB [06:39:12] pretrain 12583 steps | disk free 38G | mem 2.8G/60G | {"step":629,"ce":6.78904,"loss":6.797153,"lr":0.02486198,"code_temperature":0.95009,"masked_targets":512,"compute_seconds":1111.4602,"wall_seconds":1120.2185,"val_mlm_ce":6.855171}
HB [06:39:42] pretrain 12583 steps | disk free 38G | mem 2.8G/60G | {"step":629,"ce":6.78904,"loss":6.797153,"lr":0.02486198,"code_temperature":0.95009,"masked_targets":512,"compute_seconds":1111.4602,"wall_seconds":1120.2185,"val_mlm_ce":6.855171}
HB [06:40:12] pretrain 12583 steps | disk free 38G | mem 2.8G/60G | {"step":629,"ce":6.78904,"loss":6.797153,"lr":0.02486198,"code_temperature":0.95009,"masked_targets":512,"compute_seconds":1111.4602,"wall_seconds":1120.2185,"val_mlm_ce":6.855171}
HB [06:40:42] pretrain 12583 steps | disk free 38G | mem 2.8G/60G | {"step":629,"ce":6.78904,"loss":6.797153,"lr":0.02486198,"code_temperature":0.95009,"masked_targets":512,"compute_seconds":1111.4602,"wall_seconds":1120.2185,"val_mlm_ce":6.855171}
HB [06:41:12] pretrain 12583 steps | disk free 38G | mem 2.8G/60G | {"step":629,"ce":6.78904,"loss":6.797153,"lr":0.02486198,"code_temperature":0.95009,"masked_targets":512,"compute_seconds":1111.4602,"wall_seconds":1120.2185,"val_mlm_ce":6.855171}
HB [06:41:42] pretrain 12583 steps | disk free 38G | mem 2.8G/60G | {"step":629,"ce":6.78904,"loss":6.797153,"lr":0.02486198,"code_temperature":0.95009,"masked_targets":512,"compute_seconds":1111.4602,"wall_seconds":1120.2185,"val_mlm_ce":6.855171}
HB [06:42:12] pretrain 12583 steps | disk free 38G | mem 2.8G/60G | {"step":629,"ce":6.78904,"loss":6.797153,"lr":0.02486198,"code_temperature":0.95009,"masked_targets":512,"compute_seconds":1111.4602,"wall_seconds":1120.2185,"val_mlm_ce":6.855171}
HB [06:42:42] pretrain 12583 steps | disk free 38G | mem 2.8G/60G | {"step":629,"ce":6.78904,"loss":6.797153,"lr":0.02486198,"code_temperature":0.95009,"masked_targets":512,"compute_seconds":1111.4602,"wall_seconds":1120.2185,"val_mlm_ce":6.855171}
HB [06:43:12] pretrain 12583 steps | disk free 38G | mem 2.8G/60G | {"step":629,"ce":6.78904,"loss":6.797153,"lr":0.02486198,"code_temperature":0.95009,"masked_targets":512,"compute_seconds":1111.4602,"wall_seconds":1120.2185,"val_mlm_ce":6.855171}
HB [06:43:42] pretrain 12583 steps | disk free 38G | mem 2.8G/60G | {"step":629,"ce":6.78904,"loss":6.797153,"lr":0.02486198,"code_temperature":0.95009,"masked_targets":512,"compute_seconds":1111.4602,"wall_seconds":1120.2185,"val_mlm_ce":6.855171}
HB [06:44:12] pretrain 12583 steps | disk free 38G | mem 2.8G/60G | {"step":629,"ce":6.78904,"loss":6.797153,"lr":0.02486198,"code_temperature":0.95009,"masked_targets":512,"compute_seconds":1111.4602,"wall_seconds":1120.2185,"val_mlm_ce":6.855171}
HB [06:44:42] pretrain 12583 steps | disk free 38G | mem 2.8G/60G | {"step":629,"ce":6.78904,"loss":6.797153,"lr":0.02486198,"code_temperature":0.95009,"masked_targets":512,"compute_seconds":1111.4602,"wall_seconds":1120.2185,"val_mlm_ce":6.855171}
HB [06:45:12] pretrain 12583 steps | disk free 38G | mem 2.8G/60G | {"step":629,"ce":6.78904,"loss":6.797153,"lr":0.02486198,"code_temperature":0.95009,"masked_targets":512,"compute_seconds":1111.4602,"wall_seconds":1120.2185,"val_mlm_ce":6.855171}
HB [06:45:42] pretrain 12583 steps | disk free 38G | mem 2.8G/60G | {"step":629,"ce":6.78904,"loss":6.797153,"lr":0.02486198,"code_temperature":0.95009,"masked_targets":512,"compute_seconds":1111.4602,"wall_seconds":1120.2185,"val_mlm_ce":6.855171}
HB [06:46:12] pretrain 12583 steps | disk free 38G | mem 2.8G/60G | {"step":629,"ce":6.78904,"loss":6.797153,"lr":0.02486198,"code_temperature":0.95009,"masked_targets":512,"compute_seconds":1111.4602,"wall_seconds":1120.2185,"val_mlm_ce":6.855171}
HB [06:46:42] pretrain 12583 steps | disk free 38G | mem 2.8G/60G | {"step":629,"ce":6.78904,"loss":6.797153,"lr":0.02486198,"code_temperature":0.95009,"masked_targets":512,"compute_seconds":1111.4602,"wall_seconds":1120.2185,"val_mlm_ce":6.855171}
HB [06:47:12] pretrain 12583 steps | disk free 38G | mem 2.8G/60G | {"step":629,"ce":6.78904,"loss":6.797153,"lr":0.02486198,"code_temperature":0.95009,"masked_targets":512,"compute_seconds":1111.4602,"wall_seconds":1120.2185,"val_mlm_ce":6.855171}
HB [06:47:43] pretrain 12583 steps | disk free 38G | mem 2.8G/60G | {"step":629,"ce":6.78904,"loss":6.797153,"lr":0.02486198,"code_temperature":0.95009,"masked_targets":512,"compute_seconds":1111.4602,"wall_seconds":1120.2185,"val_mlm_ce":6.855171}
HB [06:48:13] pretrain 12583 steps | disk free 38G | mem 2.8G/60G | {"step":629,"ce":6.78904,"loss":6.797153,"lr":0.02486198,"code_temperature":0.95009,"masked_targets":512,"compute_seconds":1111.4602,"wall_seconds":1120.2185,"val_mlm_ce":6.855171}
HB [06:48:43] pretrain 12583 steps | disk free 38G | mem 2.8G/60G | {"step":629,"ce":6.78904,"loss":6.797153,"lr":0.02486198,"code_temperature":0.95009,"masked_targets":512,"compute_seconds":1111.4602,"wall_seconds":1120.2185,"val_mlm_ce":6.855171}
HB [06:49:13] pretrain 12583 steps | disk free 38G | mem 2.8G/60G | {"step":629,"ce":6.78904,"loss":6.797153,"lr":0.02486198,"code_temperature":0.95009,"masked_targets":512,"compute_seconds":1111.4602,"wall_seconds":1120.2185,"val_mlm_ce":6.855171}
HB [06:49:43] pretrain 12583 steps | disk free 38G | mem 2.8G/60G | {"step":629,"ce":6.78904,"loss":6.797153,"lr":0.02486198,"code_temperature":0.95009,"masked_targets":512,"compute_seconds":1111.4602,"wall_seconds":1120.2185,"val_mlm_ce":6.855171}
HB [06:50:13] pretrain 12583 steps | disk free 38G | mem 2.8G/60G | {"step":629,"ce":6.78904,"loss":6.797153,"lr":0.02486198,"code_temperature":0.95009,"masked_targets":512,"compute_seconds":1111.4602,"wall_seconds":1120.2185,"val_mlm_ce":6.855171}
HB [06:50:43] pretrain 12583 steps | disk free 38G | mem 2.8G/60G | {"step":629,"ce":6.78904,"loss":6.797153,"lr":0.02486198,"code_temperature":0.95009,"masked_targets":512,"compute_seconds":1111.4602,"wall_seconds":1120.2185,"val_mlm_ce":6.855171}
HB [06:51:13] pretrain 12583 steps | disk free 38G | mem 2.8G/60G | {"step":629,"ce":6.78904,"loss":6.797153,"lr":0.02486198,"code_temperature":0.95009,"masked_targets":512,"compute_seconds":1111.4602,"wall_seconds":1120.2185,"val_mlm_ce":6.855171}
HB [06:51:43] pretrain 12583 steps | disk free 38G | mem 2.8G/60G | {"step":629,"ce":6.78904,"loss":6.797153,"lr":0.02486198,"code_temperature":0.95009,"masked_targets":512,"compute_seconds":1111.4602,"wall_seconds":1120.2185,"val_mlm_ce":6.855171}
HB [06:52:13] pretrain 12583 steps | disk free 38G | mem 2.8G/60G | {"step":629,"ce":6.78904,"loss":6.797153,"lr":0.02486198,"code_temperature":0.95009,"masked_targets":512,"compute_seconds":1111.4602,"wall_seconds":1120.2185,"val_mlm_ce":6.855171}
HB [06:52:43] pretrain 12583 steps | disk free 38G | mem 2.8G/60G | {"step":629,"ce":6.78904,"loss":6.797153,"lr":0.02486198,"code_temperature":0.95009,"masked_targets":512,"compute_seconds":1111.4602,"wall_seconds":1120.2185,"val_mlm_ce":6.855171}
HB [06:53:13] pretrain 12583 steps | disk free 38G | mem 2.8G/60G | {"step":629,"ce":6.78904,"loss":6.797153,"lr":0.02486198,"code_temperature":0.95009,"masked_targets":512,"compute_seconds":1111.4602,"wall_seconds":1120.2185,"val_mlm_ce":6.855171}
HB [06:53:43] pretrain 12583 steps | disk free 38G | mem 2.8G/60G | {"step":629,"ce":6.78904,"loss":6.797153,"lr":0.02486198,"code_temperature":0.95009,"masked_targets":512,"compute_seconds":1111.4602,"wall_seconds":1120.2185,"val_mlm_ce":6.855171}
HB [06:54:13] pretrain 12583 steps | disk free 38G | mem 2.8G/60G | {"step":629,"ce":6.78904,"loss":6.797153,"lr":0.02486198,"code_temperature":0.95009,"masked_targets":512,"compute_seconds":1111.4602,"wall_seconds":1120.2185,"val_mlm_ce":6.855171}
HB [06:54:43] pretrain 12583 steps | disk free 38G | mem 2.8G/60G | {"step":629,"ce":6.78904,"loss":6.797153,"lr":0.02486198,"code_temperature":0.95009,"masked_targets":512,"compute_seconds":1111.4602,"wall_seconds":1120.2185,"val_mlm_ce":6.855171}
HB [06:55:13] pretrain 12583 steps | disk free 38G | mem 2.8G/60G | {"step":629,"ce":6.78904,"loss":6.797153,"lr":0.02486198,"code_temperature":0.95009,"masked_targets":512,"compute_seconds":1111.4602,"wall_seconds":1120.2185,"val_mlm_ce":6.855171}
HB [06:55:43] pretrain 12583 steps | disk free 38G | mem 2.8G/60G | {"step":629,"ce":6.78904,"loss":6.797153,"lr":0.02486198,"code_temperature":0.95009,"masked_targets":512,"compute_seconds":1111.4602,"wall_seconds":1120.2185,"val_mlm_ce":6.855171}
HB [06:56:13] pretrain 12583 steps | disk free 38G | mem 2.8G/60G | {"step":629,"ce":6.78904,"loss":6.797153,"lr":0.02486198,"code_temperature":0.95009,"masked_targets":512,"compute_seconds":1111.4602,"wall_seconds":1120.2185,"val_mlm_ce":6.855171}
HB [06:56:43] pretrain 12583 steps | disk free 38G | mem 2.8G/60G | {"step":629,"ce":6.78904,"loss":6.797153,"lr":0.02486198,"code_temperature":0.95009,"masked_targets":512,"compute_seconds":1111.4602,"wall_seconds":1120.2185,"val_mlm_ce":6.855171}
HB [06:57:13] pretrain 12583 steps | disk free 38G | mem 2.8G/60G | {"step":1258,"ce":6.448058,"loss":6.45566,"lr":0.02445043,"code_temperature":0.9001,"masked_targets":512,"compute_seconds":2352.8280,"wall_seconds":2369.0144,"val_mlm_ce":6.153991}
HB [06:57:43] pretrain 12583 steps | disk free 38G | mem 2.8G/60G | {"step":1258,"ce":6.448058,"loss":6.45566,"lr":0.02445043,"code_temperature":0.9001,"masked_targets":512,"compute_seconds":2352.8280,"wall_seconds":2369.0144,"val_mlm_ce":6.153991}
HB [06:58:13] pretrain 12583 steps | disk free 38G | mem 2.8G/60G | {"step":1258,"ce":6.448058,"loss":6.45566,"lr":0.02445043,"code_temperature":0.9001,"masked_targets":512,"compute_seconds":2352.8280,"wall_seconds":2369.0144,"val_mlm_ce":6.153991}
HB [06:58:43] pretrain 12583 steps | disk free 38G | mem 2.8G/60G | {"step":1258,"ce":6.448058,"loss":6.45566,"lr":0.02445043,"code_temperature":0.9001,"masked_targets":512,"compute_seconds":2352.8280,"wall_seconds":2369.0144,"val_mlm_ce":6.153991}
HB [06:59:13] pretrain 12583 steps | disk free 38G | mem 2.8G/60G | {"step":1258,"ce":6.448058,"loss":6.45566,"lr":0.02445043,"code_temperature":0.9001,"masked_targets":512,"compute_seconds":2352.8280,"wall_seconds":2369.0144,"val_mlm_ce":6.153991}
HB [06:59:43] pretrain 12583 steps | disk free 38G | mem 2.8G/60G | {"step":1258,"ce":6.448058,"loss":6.45566,"lr":0.02445043,"code_temperature":0.9001,"masked_targets":512,"compute_seconds":2352.8280,"wall_seconds":2369.0144,"val_mlm_ce":6.153991}
HB [07:00:13] pretrain 12583 steps | disk free 38G | mem 2.8G/60G | {"step":1258,"ce":6.448058,"loss":6.45566,"lr":0.02445043,"code_temperature":0.9001,"masked_targets":512,"compute_seconds":2352.8280,"wall_seconds":2369.0144,"val_mlm_ce":6.153991}
HB [07:00:43] pretrain 12583 steps | disk free 38G | mem 2.8G/60G | {"step":1258,"ce":6.448058,"loss":6.45566,"lr":0.02445043,"code_temperature":0.9001,"masked_targets":512,"compute_seconds":2352.8280,"wall_seconds":2369.0144,"val_mlm_ce":6.153991}
HB [07:01:13] pretrain 12583 steps | disk free 38G | mem 2.8G/60G | {"step":1258,"ce":6.448058,"loss":6.45566,"lr":0.02445043,"code_temperature":0.9001,"masked_targets":512,"compute_seconds":2352.8280,"wall_seconds":2369.0144,"val_mlm_ce":6.153991}
HB [07:01:44] pretrain 12583 steps | disk free 38G | mem 2.8G/60G | {"step":1258,"ce":6.448058,"loss":6.45566,"lr":0.02445043,"code_temperature":0.9001,"masked_targets":512,"compute_seconds":2352.8280,"wall_seconds":2369.0144,"val_mlm_ce":6.153991}
HB [07:02:14] pretrain 12583 steps | disk free 38G | mem 2.8G/60G | {"step":1258,"ce":6.448058,"loss":6.45566,"lr":0.02445043,"code_temperature":0.9001,"masked_targets":512,"compute_seconds":2352.8280,"wall_seconds":2369.0144,"val_mlm_ce":6.153991}
HB [07:02:44] pretrain 12583 steps | disk free 38G | mem 2.8G/60G | {"step":1258,"ce":6.448058,"loss":6.45566,"lr":0.02445043,"code_temperature":0.9001,"masked_targets":512,"compute_seconds":2352.8280,"wall_seconds":2369.0144,"val_mlm_ce":6.153991}
HB [07:03:14] pretrain 12583 steps | disk free 38G | mem 2.8G/60G | {"step":1258,"ce":6.448058,"loss":6.45566,"lr":0.02445043,"code_temperature":0.9001,"masked_targets":512,"compute_seconds":2352.8280,"wall_seconds":2369.0144,"val_mlm_ce":6.153991}
HB [07:03:44] pretrain 12583 steps | disk free 38G | mem 2.8G/60G | {"step":1258,"ce":6.448058,"loss":6.45566,"lr":0.02445043,"code_temperature":0.9001,"masked_targets":512,"compute_seconds":2352.8280,"wall_seconds":2369.0144,"val_mlm_ce":6.153991}
HB [07:04:14] pretrain 12583 steps | disk free 38G | mem 2.8G/60G | {"step":1258,"ce":6.448058,"loss":6.45566,"lr":0.02445043,"code_temperature":0.9001,"masked_targets":512,"compute_seconds":2352.8280,"wall_seconds":2369.0144,"val_mlm_ce":6.153991}
HB [07:04:44] pretrain 12583 steps | disk free 38G | mem 2.8G/60G | {"step":1258,"ce":6.448058,"loss":6.45566,"lr":0.02445043,"code_temperature":0.9001,"masked_targets":512,"compute_seconds":2352.8280,"wall_seconds":2369.0144,"val_mlm_ce":6.153991}
HB [07:05:14] pretrain 12583 steps | disk free 38G | mem 2.8G/60G | {"step":1258,"ce":6.448058,"loss":6.45566,"lr":0.02445043,"code_temperature":0.9001,"masked_targets":512,"compute_seconds":2352.8280,"wall_seconds":2369.0144,"val_mlm_ce":6.153991}
HB [07:05:44] pretrain 12583 steps | disk free 38G | mem 2.8G/60G | {"step":1258,"ce":6.448058,"loss":6.45566,"lr":0.02445043,"code_temperature":0.9001,"masked_targets":512,"compute_seconds":2352.8280,"wall_seconds":2369.0144,"val_mlm_ce":6.153991}
HB [07:06:14] pretrain 12583 steps | disk free 38G | mem 2.8G/60G | {"step":1258,"ce":6.448058,"loss":6.45566,"lr":0.02445043,"code_temperature":0.9001,"masked_targets":512,"compute_seconds":2352.8280,"wall_seconds":2369.0144,"val_mlm_ce":6.153991}
HB [07:06:44] pretrain 12583 steps | disk free 38G | mem 2.8G/60G | {"step":1258,"ce":6.448058,"loss":6.45566,"lr":0.02445043,"code_temperature":0.9001,"masked_targets":512,"compute_seconds":2352.8280,"wall_seconds":2369.0144,"val_mlm_ce":6.153991}
HB [07:07:14] pretrain 12583 steps | disk free 38G | mem 2.8G/60G | {"step":1258,"ce":6.448058,"loss":6.45566,"lr":0.02445043,"code_temperature":0.9001,"masked_targets":512,"compute_seconds":2352.8280,"wall_seconds":2369.0144,"val_mlm_ce":6.153991}
HB [07:07:44] pretrain 12583 steps | disk free 38G | mem 2.8G/60G | {"step":1258,"ce":6.448058,"loss":6.45566,"lr":0.02445043,"code_temperature":0.9001,"masked_targets":512,"compute_seconds":2352.8280,"wall_seconds":2369.0144,"val_mlm_ce":6.153991}
HB [07:08:14] pretrain 12583 steps | disk free 38G | mem 2.8G/60G | {"step":1258,"ce":6.448058,"loss":6.45566,"lr":0.02445043,"code_temperature":0.9001,"masked_targets":512,"compute_seconds":2352.8280,"wall_seconds":2369.0144,"val_mlm_ce":6.153991}
HB [07:08:44] pretrain 12583 steps | disk free 38G | mem 2.8G/60G | {"step":1258,"ce":6.448058,"loss":6.45566,"lr":0.02445043,"code_temperature":0.9001,"masked_targets":512,"compute_seconds":2352.8280,"wall_seconds":2369.0144,"val_mlm_ce":6.153991}
HB [07:09:14] pretrain 12583 steps | disk free 38G | mem 2.8G/60G | {"step":1258,"ce":6.448058,"loss":6.45566,"lr":0.02445043,"code_temperature":0.9001,"masked_targets":512,"compute_seconds":2352.8280,"wall_seconds":2369.0144,"val_mlm_ce":6.153991}
HB [07:09:44] pretrain 12583 steps | disk free 38G | mem 2.8G/60G | {"step":1258,"ce":6.448058,"loss":6.45566,"lr":0.02445043,"code_temperature":0.9001,"masked_targets":512,"compute_seconds":2352.8280,"wall_seconds":2369.0144,"val_mlm_ce":6.153991}
HB [07:10:14] pretrain 12583 steps | disk free 38G | mem 2.8G/60G | {"step":1258,"ce":6.448058,"loss":6.45566,"lr":0.02445043,"code_temperature":0.9001,"masked_targets":512,"compute_seconds":2352.8280,"wall_seconds":2369.0144,"val_mlm_ce":6.153991}
HB [07:10:44] pretrain 12583 steps | disk free 38G | mem 2.8G/60G | {"step":1258,"ce":6.448058,"loss":6.45566,"lr":0.02445043,"code_temperature":0.9001,"masked_targets":512,"compute_seconds":2352.8280,"wall_seconds":2369.0144,"val_mlm_ce":6.153991}
HB [07:11:14] pretrain 12583 steps | disk free 38G | mem 2.8G/60G | {"step":1258,"ce":6.448058,"loss":6.45566,"lr":0.02445043,"code_temperature":0.9001,"masked_targets":512,"compute_seconds":2352.8280,"wall_seconds":2369.0144,"val_mlm_ce":6.153991}
HB [07:11:44] pretrain 12583 steps | disk free 38G | mem 2.8G/60G | {"step":1258,"ce":6.448058,"loss":6.45566,"lr":0.02445043,"code_temperature":0.9001,"masked_targets":512,"compute_seconds":2352.8280,"wall_seconds":2369.0144,"val_mlm_ce":6.153991}
HB [07:12:14] pretrain 12583 steps | disk free 38G | mem 2.8G/60G | {"step":1258,"ce":6.448058,"loss":6.45566,"lr":0.02445043,"code_temperature":0.9001,"masked_targets":512,"compute_seconds":2352.8280,"wall_seconds":2369.0144,"val_mlm_ce":6.153991}
HB [07:12:44] pretrain 12583 steps | disk free 38G | mem 2.8G/60G | {"step":1258,"ce":6.448058,"loss":6.45566,"lr":0.02445043,"code_temperature":0.9001,"masked_targets":512,"compute_seconds":2352.8280,"wall_seconds":2369.0144,"val_mlm_ce":6.153991}
HB [07:13:14] pretrain 12583 steps | disk free 38G | mem 2.8G/60G | {"step":1258,"ce":6.448058,"loss":6.45566,"lr":0.02445043,"code_temperature":0.9001,"masked_targets":512,"compute_seconds":2352.8280,"wall_seconds":2369.0144,"val_mlm_ce":6.153991}
HB [07:13:44] pretrain 12583 steps | disk free 38G | mem 2.8G/60G | {"step":1258,"ce":6.448058,"loss":6.45566,"lr":0.02445043,"code_temperature":0.9001,"masked_targets":512,"compute_seconds":2352.8280,"wall_seconds":2369.0144,"val_mlm_ce":6.153991}
HB [07:14:15] pretrain 12583 steps | disk free 38G | mem 2.8G/60G | {"step":1258,"ce":6.448058,"loss":6.45566,"lr":0.02445043,"code_temperature":0.9001,"masked_targets":512,"compute_seconds":2352.8280,"wall_seconds":2369.0144,"val_mlm_ce":6.153991}
HB [07:14:45] pretrain 12583 steps | disk free 38G | mem 2.8G/60G | {"step":1258,"ce":6.448058,"loss":6.45566,"lr":0.02445043,"code_temperature":0.9001,"masked_targets":512,"compute_seconds":2352.8280,"wall_seconds":2369.0144,"val_mlm_ce":6.153991}
HB [07:15:15] pretrain 12583 steps | disk free 38G | mem 2.8G/60G | {"step":1258,"ce":6.448058,"loss":6.45566,"lr":0.02445043,"code_temperature":0.9001,"masked_targets":512,"compute_seconds":2352.8280,"wall_seconds":2369.0144,"val_mlm_ce":6.153991}
HB [07:15:45] pretrain 12583 steps | disk free 38G | mem 2.8G/60G | {"step":1258,"ce":6.448058,"loss":6.45566,"lr":0.02445043,"code_temperature":0.9001,"masked_targets":512,"compute_seconds":2352.8280,"wall_seconds":2369.0144,"val_mlm_ce":6.153991}
HB [07:16:15] pretrain 12583 steps | disk free 38G | mem 2.8G/60G | {"step":1258,"ce":6.448058,"loss":6.45566,"lr":0.02445043,"code_temperature":0.9001,"masked_targets":512,"compute_seconds":2352.8280,"wall_seconds":2369.0144,"val_mlm_ce":6.153991}
HB [07:16:45] pretrain 12583 steps | disk free 38G | mem 2.8G/60G | {"step":1258,"ce":6.448058,"loss":6.45566,"lr":0.02445043,"code_temperature":0.9001,"masked_targets":512,"compute_seconds":2352.8280,"wall_seconds":2369.0144,"val_mlm_ce":6.153991}
HB [07:17:15] pretrain 12583 steps | disk free 38G | mem 2.8G/60G | {"step":1258,"ce":6.448058,"loss":6.45566,"lr":0.02445043,"code_temperature":0.9001,"masked_targets":512,"compute_seconds":2352.8280,"wall_seconds":2369.0144,"val_mlm_ce":6.153991}
HB [07:17:45] pretrain 12583 steps | disk free 38G | mem 2.8G/60G | {"step":1887,"ce":5.721873,"loss":5.728843,"lr":0.02377548,"code_temperature":0.8501,"masked_targets":512,"compute_seconds":3569.1079,"wall_seconds":3593.5562,"val_mlm_ce":5.838322}
HB [07:18:15] pretrain 12583 steps | disk free 38G | mem 2.8G/60G | {"step":1887,"ce":5.721873,"loss":5.728843,"lr":0.02377548,"code_temperature":0.8501,"masked_targets":512,"compute_seconds":3569.1079,"wall_seconds":3593.5562,"val_mlm_ce":5.838322}
HB [07:18:45] pretrain 12583 steps | disk free 38G | mem 2.8G/60G | {"step":1887,"ce":5.721873,"loss":5.728843,"lr":0.02377548,"code_temperature":0.8501,"masked_targets":512,"compute_seconds":3569.1079,"wall_seconds":3593.5562,"val_mlm_ce":5.838322}
HB [07:19:15] pretrain 12583 steps | disk free 38G | mem 2.8G/60G | {"step":1887,"ce":5.721873,"loss":5.728843,"lr":0.02377548,"code_temperature":0.8501,"masked_targets":512,"compute_seconds":3569.1079,"wall_seconds":3593.5562,"val_mlm_ce":5.838322}
HB [07:19:45] pretrain 12583 steps | disk free 38G | mem 2.8G/60G | {"step":1887,"ce":5.721873,"loss":5.728843,"lr":0.02377548,"code_temperature":0.8501,"masked_targets":512,"compute_seconds":3569.1079,"wall_seconds":3593.5562,"val_mlm_ce":5.838322}
HB [07:20:15] pretrain 12583 steps | disk free 38G | mem 2.8G/60G | {"step":1887,"ce":5.721873,"loss":5.728843,"lr":0.02377548,"code_temperature":0.8501,"masked_targets":512,"compute_seconds":3569.1079,"wall_seconds":3593.5562,"val_mlm_ce":5.838322}
HB [07:20:45] pretrain 12583 steps | disk free 38G | mem 2.8G/60G | {"step":1887,"ce":5.721873,"loss":5.728843,"lr":0.02377548,"code_temperature":0.8501,"masked_targets":512,"compute_seconds":3569.1079,"wall_seconds":3593.5562,"val_mlm_ce":5.838322}
HB [07:21:15] pretrain 12583 steps | disk free 38G | mem 2.8G/60G | {"step":1887,"ce":5.721873,"loss":5.728843,"lr":0.02377548,"code_temperature":0.8501,"masked_targets":512,"compute_seconds":3569.1079,"wall_seconds":3593.5562,"val_mlm_ce":5.838322}
HB [07:21:45] pretrain 12583 steps | disk free 38G | mem 2.8G/60G | {"step":1887,"ce":5.721873,"loss":5.728843,"lr":0.02377548,"code_temperature":0.8501,"masked_targets":512,"compute_seconds":3569.1079,"wall_seconds":3593.5562,"val_mlm_ce":5.838322}
HB [07:22:15] pretrain 12583 steps | disk free 38G | mem 2.8G/60G | {"step":1887,"ce":5.721873,"loss":5.728843,"lr":0.02377548,"code_temperature":0.8501,"masked_targets":512,"compute_seconds":3569.1079,"wall_seconds":3593.5562,"val_mlm_ce":5.838322}
HB [07:22:45] pretrain 12583 steps | disk free 38G | mem 2.8G/60G | {"step":1887,"ce":5.721873,"loss":5.728843,"lr":0.02377548,"code_temperature":0.8501,"masked_targets":512,"compute_seconds":3569.1079,"wall_seconds":3593.5562,"val_mlm_ce":5.838322}
HB [07:23:15] pretrain 12583 steps | disk free 38G | mem 2.8G/60G | {"step":1887,"ce":5.721873,"loss":5.728843,"lr":0.02377548,"code_temperature":0.8501,"masked_targets":512,"compute_seconds":3569.1079,"wall_seconds":3593.5562,"val_mlm_ce":5.838322}
HB [07:23:45] pretrain 12583 steps | disk free 38G | mem 2.8G/60G | {"step":1887,"ce":5.721873,"loss":5.728843,"lr":0.02377548,"code_temperature":0.8501,"masked_targets":512,"compute_seconds":3569.1079,"wall_seconds":3593.5562,"val_mlm_ce":5.838322}
HB [07:24:15] pretrain 12583 steps | disk free 38G | mem 2.8G/60G | {"step":1887,"ce":5.721873,"loss":5.728843,"lr":0.02377548,"code_temperature":0.8501,"masked_targets":512,"compute_seconds":3569.1079,"wall_seconds":3593.5562,"val_mlm_ce":5.838322}
HB [07:24:45] pretrain 12583 steps | disk free 38G | mem 2.8G/60G | {"step":1887,"ce":5.721873,"loss":5.728843,"lr":0.02377548,"code_temperature":0.8501,"masked_targets":512,"compute_seconds":3569.1079,"wall_seconds":3593.5562,"val_mlm_ce":5.838322}
HB [07:25:15] pretrain 12583 steps | disk free 38G | mem 2.8G/60G | {"step":1887,"ce":5.721873,"loss":5.728843,"lr":0.02377548,"code_temperature":0.8501,"masked_targets":512,"compute_seconds":3569.1079,"wall_seconds":3593.5562,"val_mlm_ce":5.838322}
HB [07:25:45] pretrain 12583 steps | disk free 38G | mem 2.8G/60G | {"step":1887,"ce":5.721873,"loss":5.728843,"lr":0.02377548,"code_temperature":0.8501,"masked_targets":512,"compute_seconds":3569.1079,"wall_seconds":3593.5562,"val_mlm_ce":5.838322}
HB [07:26:15] pretrain 12583 steps | disk free 38G | mem 2.8G/60G | {"step":1887,"ce":5.721873,"loss":5.728843,"lr":0.02377548,"code_temperature":0.8501,"masked_targets":512,"compute_seconds":3569.1079,"wall_seconds":3593.5562,"val_mlm_ce":5.838322}
HB [07:26:45] pretrain 12583 steps | disk free 38G | mem 2.8G/60G | {"step":1887,"ce":5.721873,"loss":5.728843,"lr":0.02377548,"code_temperature":0.8501,"masked_targets":512,"compute_seconds":3569.1079,"wall_seconds":3593.5562,"val_mlm_ce":5.838322}
HB [07:27:15] pretrain 12583 steps | disk free 38G | mem 2.8G/60G | {"step":1887,"ce":5.721873,"loss":5.728843,"lr":0.02377548,"code_temperature":0.8501,"masked_targets":512,"compute_seconds":3569.1079,"wall_seconds":3593.5562,"val_mlm_ce":5.838322}
HB [07:27:46] pretrain 12583 steps | disk free 38G | mem 2.8G/60G | {"step":1887,"ce":5.721873,"loss":5.728843,"lr":0.02377548,"code_temperature":0.8501,"masked_targets":512,"compute_seconds":3569.1079,"wall_seconds":3593.5562,"val_mlm_ce":5.838322}
HB [07:28:16] pretrain 12583 steps | disk free 38G | mem 2.8G/60G | {"step":1887,"ce":5.721873,"loss":5.728843,"lr":0.02377548,"code_temperature":0.8501,"masked_targets":512,"compute_seconds":3569.1079,"wall_seconds":3593.5562,"val_mlm_ce":5.838322}
HB [07:28:46] pretrain 12583 steps | disk free 38G | mem 2.8G/60G | {"step":1887,"ce":5.721873,"loss":5.728843,"lr":0.02377548,"code_temperature":0.8501,"masked_targets":512,"compute_seconds":3569.1079,"wall_seconds":3593.5562,"val_mlm_ce":5.838322}
HB [07:29:16] pretrain 12583 steps | disk free 38G | mem 2.8G/60G | {"step":1887,"ce":5.721873,"loss":5.728843,"lr":0.02377548,"code_temperature":0.8501,"masked_targets":512,"compute_seconds":3569.1079,"wall_seconds":3593.5562,"val_mlm_ce":5.838322}
HB [07:29:46] pretrain 12583 steps | disk free 38G | mem 2.8G/60G | {"step":1887,"ce":5.721873,"loss":5.728843,"lr":0.02377548,"code_temperature":0.8501,"masked_targets":512,"compute_seconds":3569.1079,"wall_seconds":3593.5562,"val_mlm_ce":5.838322}
HB [07:30:16] pretrain 12583 steps | disk free 38G | mem 2.8G/60G | {"step":1887,"ce":5.721873,"loss":5.728843,"lr":0.02377548,"code_temperature":0.8501,"masked_targets":512,"compute_seconds":3569.1079,"wall_seconds":3593.5562,"val_mlm_ce":5.838322}
HB [07:30:46] pretrain 12583 steps | disk free 38G | mem 2.8G/60G | {"step":1887,"ce":5.721873,"loss":5.728843,"lr":0.02377548,"code_temperature":0.8501,"masked_targets":512,"compute_seconds":3569.1079,"wall_seconds":3593.5562,"val_mlm_ce":5.838322}
HB [07:31:16] pretrain 12583 steps | disk free 38G | mem 2.8G/60G | {"step":1887,"ce":5.721873,"loss":5.728843,"lr":0.02377548,"code_temperature":0.8501,"masked_targets":512,"compute_seconds":3569.1079,"wall_seconds":3593.5562,"val_mlm_ce":5.838322}
HB [07:31:46] pretrain 12583 steps | disk free 38G | mem 2.8G/60G | {"step":1887,"ce":5.721873,"loss":5.728843,"lr":0.02377548,"code_temperature":0.8501,"masked_targets":512,"compute_seconds":3569.1079,"wall_seconds":3593.5562,"val_mlm_ce":5.838322}
HB [07:32:16] pretrain 12583 steps | disk free 38G | mem 2.8G/60G | {"step":1887,"ce":5.721873,"loss":5.728843,"lr":0.02377548,"code_temperature":0.8501,"masked_targets":512,"compute_seconds":3569.1079,"wall_seconds":3593.5562,"val_mlm_ce":5.838322}
HB [07:32:46] pretrain 12583 steps | disk free 38G | mem 2.8G/60G | {"step":1887,"ce":5.721873,"loss":5.728843,"lr":0.02377548,"code_temperature":0.8501,"masked_targets":512,"compute_seconds":3569.1079,"wall_seconds":3593.5562,"val_mlm_ce":5.838322}
HB [07:33:16] pretrain 12583 steps | disk free 38G | mem 2.8G/60G | {"step":1887,"ce":5.721873,"loss":5.728843,"lr":0.02377548,"code_temperature":0.8501,"masked_targets":512,"compute_seconds":3569.1079,"wall_seconds":3593.5562,"val_mlm_ce":5.838322}
HB [07:33:46] pretrain 12583 steps | disk free 38G | mem 2.8G/60G | {"step":1887,"ce":5.721873,"loss":5.728843,"lr":0.02377548,"code_temperature":0.8501,"masked_targets":512,"compute_seconds":3569.1079,"wall_seconds":3593.5562,"val_mlm_ce":5.838322}
HB [07:34:16] pretrain 12583 steps | disk free 38G | mem 2.8G/60G | {"step":1887,"ce":5.721873,"loss":5.728843,"lr":0.02377548,"code_temperature":0.8501,"masked_targets":512,"compute_seconds":3569.1079,"wall_seconds":3593.5562,"val_mlm_ce":5.838322}
HB [07:34:46] pretrain 12583 steps | disk free 38G | mem 2.8G/60G | {"step":1887,"ce":5.721873,"loss":5.728843,"lr":0.02377548,"code_temperature":0.8501,"masked_targets":512,"compute_seconds":3569.1079,"wall_seconds":3593.5562,"val_mlm_ce":5.838322}
HB [07:35:16] pretrain 12583 steps | disk free 38G | mem 2.8G/60G | {"step":1887,"ce":5.721873,"loss":5.728843,"lr":0.02377548,"code_temperature":0.8501,"masked_targets":512,"compute_seconds":3569.1079,"wall_seconds":3593.5562,"val_mlm_ce":5.838322}
HB [07:35:46] pretrain 12583 steps | disk free 38G | mem 2.8G/60G | {"step":1887,"ce":5.721873,"loss":5.728843,"lr":0.02377548,"code_temperature":0.8501,"masked_targets":512,"compute_seconds":3569.1079,"wall_seconds":3593.5562,"val_mlm_ce":5.838322}
HB [07:36:16] pretrain 12583 steps | disk free 38G | mem 2.8G/60G | {"step":1887,"ce":5.721873,"loss":5.728843,"lr":0.02377548,"code_temperature":0.8501,"masked_targets":512,"compute_seconds":3569.1079,"wall_seconds":3593.5562,"val_mlm_ce":5.838322}
HB [07:36:46] pretrain 12583 steps | disk free 38G | mem 2.8G/60G | {"step":1887,"ce":5.721873,"loss":5.728843,"lr":0.02377548,"code_temperature":0.8501,"masked_targets":512,"compute_seconds":3569.1079,"wall_seconds":3593.5562,"val_mlm_ce":5.838322}
HB [07:37:16] pretrain 12583 steps | disk free 38G | mem 2.8G/60G | {"step":1887,"ce":5.721873,"loss":5.728843,"lr":0.02377548,"code_temperature":0.8501,"masked_targets":512,"compute_seconds":3569.1079,"wall_seconds":3593.5562,"val_mlm_ce":5.838322}
HB [07:37:46] pretrain 12583 steps | disk free 38G | mem 2.8G/60G | {"step":1887,"ce":5.721873,"loss":5.728843,"lr":0.02377548,"code_temperature":0.8501,"masked_targets":512,"compute_seconds":3569.1079,"wall_seconds":3593.5562,"val_mlm_ce":5.838322}
HB [07:38:16] pretrain 12583 steps | disk free 38G | mem 2.8G/60G | {"step":2516,"ce":5.430564,"loss":5.437054,"lr":0.02285375,"code_temperature":0.80011,"masked_targets":512,"compute_seconds":4802.1909,"wall_seconds":4833.8919,"val_mlm_ce":5.676781}
HB [07:38:46] pretrain 12583 steps | disk free 38G | mem 2.8G/60G | {"step":2516,"ce":5.430564,"loss":5.437054,"lr":0.02285375,"code_temperature":0.80011,"masked_targets":512,"compute_seconds":4802.1909,"wall_seconds":4833.8919,"val_mlm_ce":5.676781}
HB [07:39:16] pretrain 12583 steps | disk free 38G | mem 2.8G/60G | {"step":2516,"ce":5.430564,"loss":5.437054,"lr":0.02285375,"code_temperature":0.80011,"masked_targets":512,"compute_seconds":4802.1909,"wall_seconds":4833.8919,"val_mlm_ce":5.676781}
HB [07:39:46] pretrain 12583 steps | disk free 38G | mem 2.8G/60G | {"step":2516,"ce":5.430564,"loss":5.437054,"lr":0.02285375,"code_temperature":0.80011,"masked_targets":512,"compute_seconds":4802.1909,"wall_seconds":4833.8919,"val_mlm_ce":5.676781}
HB [07:40:16] pretrain 12583 steps | disk free 38G | mem 2.8G/60G | {"step":2516,"ce":5.430564,"loss":5.437054,"lr":0.02285375,"code_temperature":0.80011,"masked_targets":512,"compute_seconds":4802.1909,"wall_seconds":4833.8919,"val_mlm_ce":5.676781}
HB [07:40:46] pretrain 12583 steps | disk free 38G | mem 2.8G/60G | {"step":2516,"ce":5.430564,"loss":5.437054,"lr":0.02285375,"code_temperature":0.80011,"masked_targets":512,"compute_seconds":4802.1909,"wall_seconds":4833.8919,"val_mlm_ce":5.676781}
HB [07:41:17] pretrain 12583 steps | disk free 38G | mem 2.8G/60G | {"step":2516,"ce":5.430564,"loss":5.437054,"lr":0.02285375,"code_temperature":0.80011,"masked_targets":512,"compute_seconds":4802.1909,"wall_seconds":4833.8919,"val_mlm_ce":5.676781}
HB [07:41:47] pretrain 12583 steps | disk free 38G | mem 2.8G/60G | {"step":2516,"ce":5.430564,"loss":5.437054,"lr":0.02285375,"code_temperature":0.80011,"masked_targets":512,"compute_seconds":4802.1909,"wall_seconds":4833.8919,"val_mlm_ce":5.676781}
HB [07:42:17] pretrain 12583 steps | disk free 38G | mem 2.8G/60G | {"step":2516,"ce":5.430564,"loss":5.437054,"lr":0.02285375,"code_temperature":0.80011,"masked_targets":512,"compute_seconds":4802.1909,"wall_seconds":4833.8919,"val_mlm_ce":5.676781}
HB [07:42:47] pretrain 12583 steps | disk free 38G | mem 2.8G/60G | {"step":2516,"ce":5.430564,"loss":5.437054,"lr":0.02285375,"code_temperature":0.80011,"masked_targets":512,"compute_seconds":4802.1909,"wall_seconds":4833.8919,"val_mlm_ce":5.676781}
HB [07:43:17] pretrain 12583 steps | disk free 38G | mem 2.8G/60G | {"step":2516,"ce":5.430564,"loss":5.437054,"lr":0.02285375,"code_temperature":0.80011,"masked_targets":512,"compute_seconds":4802.1909,"wall_seconds":4833.8919,"val_mlm_ce":5.676781}
HB [07:43:47] pretrain 12583 steps | disk free 38G | mem 2.8G/60G | {"step":2516,"ce":5.430564,"loss":5.437054,"lr":0.02285375,"code_temperature":0.80011,"masked_targets":512,"compute_seconds":4802.1909,"wall_seconds":4833.8919,"val_mlm_ce":5.676781}
HB [07:44:17] pretrain 12583 steps | disk free 38G | mem 2.8G/60G | {"step":2516,"ce":5.430564,"loss":5.437054,"lr":0.02285375,"code_temperature":0.80011,"masked_targets":512,"compute_seconds":4802.1909,"wall_seconds":4833.8919,"val_mlm_ce":5.676781}
HB [07:44:47] pretrain 12583 steps | disk free 38G | mem 2.8G/60G | {"step":2516,"ce":5.430564,"loss":5.437054,"lr":0.02285375,"code_temperature":0.80011,"masked_targets":512,"compute_seconds":4802.1909,"wall_seconds":4833.8919,"val_mlm_ce":5.676781}
HB [07:45:17] pretrain 12583 steps | disk free 38G | mem 2.8G/60G | {"step":2516,"ce":5.430564,"loss":5.437054,"lr":0.02285375,"code_temperature":0.80011,"masked_targets":512,"compute_seconds":4802.1909,"wall_seconds":4833.8919,"val_mlm_ce":5.676781}
HB [07:45:47] pretrain 12583 steps | disk free 38G | mem 2.8G/60G | {"step":2516,"ce":5.430564,"loss":5.437054,"lr":0.02285375,"code_temperature":0.80011,"masked_targets":512,"compute_seconds":4802.1909,"wall_seconds":4833.8919,"val_mlm_ce":5.676781}
HB [07:46:17] pretrain 12583 steps | disk free 38G | mem 2.8G/60G | {"step":2516,"ce":5.430564,"loss":5.437054,"lr":0.02285375,"code_temperature":0.80011,"masked_targets":512,"compute_seconds":4802.1909,"wall_seconds":4833.8919,"val_mlm_ce":5.676781}
HB [07:46:47] pretrain 12583 steps | disk free 38G | mem 2.8G/60G | {"step":2516,"ce":5.430564,"loss":5.437054,"lr":0.02285375,"code_temperature":0.80011,"masked_targets":512,"compute_seconds":4802.1909,"wall_seconds":4833.8919,"val_mlm_ce":5.676781}
HB [07:47:17] pretrain 12583 steps | disk free 38G | mem 2.8G/60G | {"step":2516,"ce":5.430564,"loss":5.437054,"lr":0.02285375,"code_temperature":0.80011,"masked_targets":512,"compute_seconds":4802.1909,"wall_seconds":4833.8919,"val_mlm_ce":5.676781}
HB [07:47:47] pretrain 12583 steps | disk free 38G | mem 2.8G/60G | {"step":2516,"ce":5.430564,"loss":5.437054,"lr":0.02285375,"code_temperature":0.80011,"masked_targets":512,"compute_seconds":4802.1909,"wall_seconds":4833.8919,"val_mlm_ce":5.676781}
HB [07:48:17] pretrain 12583 steps | disk free 38G | mem 2.8G/60G | {"step":2516,"ce":5.430564,"loss":5.437054,"lr":0.02285375,"code_temperature":0.80011,"masked_targets":512,"compute_seconds":4802.1909,"wall_seconds":4833.8919,"val_mlm_ce":5.676781}
HB [07:48:47] pretrain 12583 steps | disk free 38G | mem 2.8G/60G | {"step":2516,"ce":5.430564,"loss":5.437054,"lr":0.02285375,"code_temperature":0.80011,"masked_targets":512,"compute_seconds":4802.1909,"wall_seconds":4833.8919,"val_mlm_ce":5.676781}
HB [07:49:17] pretrain 12583 steps | disk free 38G | mem 2.8G/60G | {"step":2516,"ce":5.430564,"loss":5.437054,"lr":0.02285375,"code_temperature":0.80011,"masked_targets":512,"compute_seconds":4802.1909,"wall_seconds":4833.8919,"val_mlm_ce":5.676781}
HB [07:49:47] pretrain 12583 steps | disk free 38G | mem 2.8G/60G | {"step":2516,"ce":5.430564,"loss":5.437054,"lr":0.02285375,"code_temperature":0.80011,"masked_targets":512,"compute_seconds":4802.1909,"wall_seconds":4833.8919,"val_mlm_ce":5.676781}
HB [07:50:17] pretrain 12583 steps | disk free 38G | mem 2.8G/60G | {"step":2516,"ce":5.430564,"loss":5.437054,"lr":0.02285375,"code_temperature":0.80011,"masked_targets":512,"compute_seconds":4802.1909,"wall_seconds":4833.8919,"val_mlm_ce":5.676781}
HB [07:50:47] pretrain 12583 steps | disk free 38G | mem 2.8G/60G | {"step":2516,"ce":5.430564,"loss":5.437054,"lr":0.02285375,"code_temperature":0.80011,"masked_targets":512,"compute_seconds":4802.1909,"wall_seconds":4833.8919,"val_mlm_ce":5.676781}
HB [07:51:17] pretrain 12583 steps | disk free 38G | mem 2.8G/60G | {"step":2516,"ce":5.430564,"loss":5.437054,"lr":0.02285375,"code_temperature":0.80011,"masked_targets":512,"compute_seconds":4802.1909,"wall_seconds":4833.8919,"val_mlm_ce":5.676781}
HB [07:51:47] pretrain 12583 steps | disk free 38G | mem 2.8G/60G | {"step":2516,"ce":5.430564,"loss":5.437054,"lr":0.02285375,"code_temperature":0.80011,"masked_targets":512,"compute_seconds":4802.1909,"wall_seconds":4833.8919,"val_mlm_ce":5.676781}
HB [07:52:17] pretrain 12583 steps | disk free 38G | mem 2.8G/60G | {"step":2516,"ce":5.430564,"loss":5.437054,"lr":0.02285375,"code_temperature":0.80011,"masked_targets":512,"compute_seconds":4802.1909,"wall_seconds":4833.8919,"val_mlm_ce":5.676781}
HB [07:52:47] pretrain 12583 steps | disk free 38G | mem 2.8G/60G | {"step":2516,"ce":5.430564,"loss":5.437054,"lr":0.02285375,"code_temperature":0.80011,"masked_targets":512,"compute_seconds":4802.1909,"wall_seconds":4833.8919,"val_mlm_ce":5.676781}
HB [07:53:17] pretrain 12583 steps | disk free 38G | mem 2.8G/60G | {"step":2516,"ce":5.430564,"loss":5.437054,"lr":0.02285375,"code_temperature":0.80011,"masked_targets":512,"compute_seconds":4802.1909,"wall_seconds":4833.8919,"val_mlm_ce":5.676781}
HB [07:53:47] pretrain 12583 steps | disk free 38G | mem 2.8G/60G | {"step":2516,"ce":5.430564,"loss":5.437054,"lr":0.02285375,"code_temperature":0.80011,"masked_targets":512,"compute_seconds":4802.1909,"wall_seconds":4833.8919,"val_mlm_ce":5.676781}
HB [07:54:17] pretrain 12583 steps | disk free 38G | mem 2.8G/60G | {"step":2516,"ce":5.430564,"loss":5.437054,"lr":0.02285375,"code_temperature":0.80011,"masked_targets":512,"compute_seconds":4802.1909,"wall_seconds":4833.8919,"val_mlm_ce":5.676781}
HB [07:54:47] pretrain 12583 steps | disk free 38G | mem 2.8G/60G | {"step":2516,"ce":5.430564,"loss":5.437054,"lr":0.02285375,"code_temperature":0.80011,"masked_targets":512,"compute_seconds":4802.1909,"wall_seconds":4833.8919,"val_mlm_ce":5.676781}
HB [07:55:17] pretrain 12583 steps | disk free 38G | mem 2.8G/60G | {"step":2516,"ce":5.430564,"loss":5.437054,"lr":0.02285375,"code_temperature":0.80011,"masked_targets":512,"compute_seconds":4802.1909,"wall_seconds":4833.8919,"val_mlm_ce":5.676781}
HB [07:55:47] pretrain 12583 steps | disk free 38G | mem 2.8G/60G | {"step":2516,"ce":5.430564,"loss":5.437054,"lr":0.02285375,"code_temperature":0.80011,"masked_targets":512,"compute_seconds":4802.1909,"wall_seconds":4833.8919,"val_mlm_ce":5.676781}
HB [07:56:17] pretrain 12583 steps | disk free 38G | mem 2.8G/60G | {"step":2516,"ce":5.430564,"loss":5.437054,"lr":0.02285375,"code_temperature":0.80011,"masked_targets":512,"compute_seconds":4802.1909,"wall_seconds":4833.8919,"val_mlm_ce":5.676781}
HB [07:56:48] pretrain 12583 steps | disk free 38G | mem 2.8G/60G | {"step":2516,"ce":5.430564,"loss":5.437054,"lr":0.02285375,"code_temperature":0.80011,"masked_targets":512,"compute_seconds":4802.1909,"wall_seconds":4833.8919,"val_mlm_ce":5.676781}
HB [07:57:18] pretrain 12583 steps | disk free 38G | mem 2.8G/60G | {"step":2516,"ce":5.430564,"loss":5.437054,"lr":0.02285375,"code_temperature":0.80011,"masked_targets":512,"compute_seconds":4802.1909,"wall_seconds":4833.8919,"val_mlm_ce":5.676781}
HB [07:57:48] pretrain 12583 steps | disk free 38G | mem 2.8G/60G | {"step":2516,"ce":5.430564,"loss":5.437054,"lr":0.02285375,"code_temperature":0.80011,"masked_targets":512,"compute_seconds":4802.1909,"wall_seconds":4833.8919,"val_mlm_ce":5.676781}
HB [07:58:18] pretrain 12583 steps | disk free 38G | mem 2.8G/60G | {"step":2516,"ce":5.430564,"loss":5.437054,"lr":0.02285375,"code_temperature":0.80011,"masked_targets":512,"compute_seconds":4802.1909,"wall_seconds":4833.8919,"val_mlm_ce":5.676781}
HB [07:58:48] pretrain 12583 steps | disk free 38G | mem 2.8G/60G | {"step":2516,"ce":5.430564,"loss":5.437054,"lr":0.02285375,"code_temperature":0.80011,"masked_targets":512,"compute_seconds":4802.1909,"wall_seconds":4833.8919,"val_mlm_ce":5.676781}
HB [07:59:18] pretrain 12583 steps | disk free 38G | mem 3.1G/60G | {"step":2516,"ce":5.430564,"loss":5.437054,"lr":0.02285375,"code_temperature":0.80011,"masked_targets":512,"compute_seconds":4802.1909,"wall_seconds":4833.8919,"val_mlm_ce":5.676781}
HB [07:59:48] pretrain 12583 steps | disk free 38G | mem 2.8G/60G | {"step":3145,"ce":5.527783,"loss":5.533883,"lr":0.02170793,"code_temperature":0.75012,"masked_targets":512,"compute_seconds":6060.0912,"wall_seconds":6098.2774,"val_mlm_ce":5.576441}
HB [08:00:18] pretrain 12583 steps | disk free 38G | mem 2.8G/60G | {"step":3145,"ce":5.527783,"loss":5.533883,"lr":0.02170793,"code_temperature":0.75012,"masked_targets":512,"compute_seconds":6060.0912,"wall_seconds":6098.2774,"val_mlm_ce":5.576441}
HB [08:00:48] pretrain 12583 steps | disk free 38G | mem 2.8G/60G | {"step":3145,"ce":5.527783,"loss":5.533883,"lr":0.02170793,"code_temperature":0.75012,"masked_targets":512,"compute_seconds":6060.0912,"wall_seconds":6098.2774,"val_mlm_ce":5.576441}
HB [08:01:18] pretrain 12583 steps | disk free 38G | mem 2.8G/60G | {"step":3145,"ce":5.527783,"loss":5.533883,"lr":0.02170793,"code_temperature":0.75012,"masked_targets":512,"compute_seconds":6060.0912,"wall_seconds":6098.2774,"val_mlm_ce":5.576441}
HB [08:01:48] pretrain 12583 steps | disk free 38G | mem 2.8G/60G | {"step":3145,"ce":5.527783,"loss":5.533883,"lr":0.02170793,"code_temperature":0.75012,"masked_targets":512,"compute_seconds":6060.0912,"wall_seconds":6098.2774,"val_mlm_ce":5.576441}
HB [08:02:18] pretrain 12583 steps | disk free 38G | mem 2.8G/60G | {"step":3145,"ce":5.527783,"loss":5.533883,"lr":0.02170793,"code_temperature":0.75012,"masked_targets":512,"compute_seconds":6060.0912,"wall_seconds":6098.2774,"val_mlm_ce":5.576441}
HB [08:02:48] pretrain 12583 steps | disk free 38G | mem 2.8G/60G | {"step":3145,"ce":5.527783,"loss":5.533883,"lr":0.02170793,"code_temperature":0.75012,"masked_targets":512,"compute_seconds":6060.0912,"wall_seconds":6098.2774,"val_mlm_ce":5.576441}
HB [08:03:18] pretrain 12583 steps | disk free 38G | mem 2.8G/60G | {"step":3145,"ce":5.527783,"loss":5.533883,"lr":0.02170793,"code_temperature":0.75012,"masked_targets":512,"compute_seconds":6060.0912,"wall_seconds":6098.2774,"val_mlm_ce":5.576441}
HB [08:03:48] pretrain 12583 steps | disk free 38G | mem 2.8G/60G | {"step":3145,"ce":5.527783,"loss":5.533883,"lr":0.02170793,"code_temperature":0.75012,"masked_targets":512,"compute_seconds":6060.0912,"wall_seconds":6098.2774,"val_mlm_ce":5.576441}
HB [08:04:18] pretrain 12583 steps | disk free 38G | mem 2.8G/60G | {"step":3145,"ce":5.527783,"loss":5.533883,"lr":0.02170793,"code_temperature":0.75012,"masked_targets":512,"compute_seconds":6060.0912,"wall_seconds":6098.2774,"val_mlm_ce":5.576441}
HB [08:04:48] pretrain 12583 steps | disk free 38G | mem 2.8G/60G | {"step":3145,"ce":5.527783,"loss":5.533883,"lr":0.02170793,"code_temperature":0.75012,"masked_targets":512,"compute_seconds":6060.0912,"wall_seconds":6098.2774,"val_mlm_ce":5.576441}
HB [08:05:18] pretrain 12583 steps | disk free 38G | mem 2.8G/60G | {"step":3145,"ce":5.527783,"loss":5.533883,"lr":0.02170793,"code_temperature":0.75012,"masked_targets":512,"compute_seconds":6060.0912,"wall_seconds":6098.2774,"val_mlm_ce":5.576441}
HB [08:05:48] pretrain 12583 steps | disk free 38G | mem 2.8G/60G | {"step":3145,"ce":5.527783,"loss":5.533883,"lr":0.02170793,"code_temperature":0.75012,"masked_targets":512,"compute_seconds":6060.0912,"wall_seconds":6098.2774,"val_mlm_ce":5.576441}
HB [08:06:18] pretrain 12583 steps | disk free 38G | mem 2.8G/60G | {"step":3145,"ce":5.527783,"loss":5.533883,"lr":0.02170793,"code_temperature":0.75012,"masked_targets":512,"compute_seconds":6060.0912,"wall_seconds":6098.2774,"val_mlm_ce":5.576441}
HB [08:06:48] pretrain 12583 steps | disk free 38G | mem 2.8G/60G | {"step":3145,"ce":5.527783,"loss":5.533883,"lr":0.02170793,"code_temperature":0.75012,"masked_targets":512,"compute_seconds":6060.0912,"wall_seconds":6098.2774,"val_mlm_ce":5.576441}
HB [08:07:18] pretrain 12583 steps | disk free 38G | mem 2.8G/60G | {"step":3145,"ce":5.527783,"loss":5.533883,"lr":0.02170793,"code_temperature":0.75012,"masked_targets":512,"compute_seconds":6060.0912,"wall_seconds":6098.2774,"val_mlm_ce":5.576441}
HB [08:07:48] pretrain 12583 steps | disk free 38G | mem 2.8G/60G | {"step":3145,"ce":5.527783,"loss":5.533883,"lr":0.02170793,"code_temperature":0.75012,"masked_targets":512,"compute_seconds":6060.0912,"wall_seconds":6098.2774,"val_mlm_ce":5.576441}
HB [08:08:18] pretrain 12583 steps | disk free 38G | mem 2.8G/60G | {"step":3145,"ce":5.527783,"loss":5.533883,"lr":0.02170793,"code_temperature":0.75012,"masked_targets":512,"compute_seconds":6060.0912,"wall_seconds":6098.2774,"val_mlm_ce":5.576441}
HB [08:08:48] pretrain 12583 steps | disk free 38G | mem 2.8G/60G | {"step":3145,"ce":5.527783,"loss":5.533883,"lr":0.02170793,"code_temperature":0.75012,"masked_targets":512,"compute_seconds":6060.0912,"wall_seconds":6098.2774,"val_mlm_ce":5.576441}
HB [08:09:19] pretrain 12583 steps | disk free 38G | mem 2.8G/60G | {"step":3145,"ce":5.527783,"loss":5.533883,"lr":0.02170793,"code_temperature":0.75012,"masked_targets":512,"compute_seconds":6060.0912,"wall_seconds":6098.2774,"val_mlm_ce":5.576441}
HB [08:09:49] pretrain 12583 steps | disk free 38G | mem 2.8G/60G | {"step":3145,"ce":5.527783,"loss":5.533883,"lr":0.02170793,"code_temperature":0.75012,"masked_targets":512,"compute_seconds":6060.0912,"wall_seconds":6098.2774,"val_mlm_ce":5.576441}
HB [08:10:19] pretrain 12583 steps | disk free 38G | mem 2.8G/60G | {"step":3145,"ce":5.527783,"loss":5.533883,"lr":0.02170793,"code_temperature":0.75012,"masked_targets":512,"compute_seconds":6060.0912,"wall_seconds":6098.2774,"val_mlm_ce":5.576441}
HB [08:10:49] pretrain 12583 steps | disk free 38G | mem 2.8G/60G | {"step":3145,"ce":5.527783,"loss":5.533883,"lr":0.02170793,"code_temperature":0.75012,"masked_targets":512,"compute_seconds":6060.0912,"wall_seconds":6098.2774,"val_mlm_ce":5.576441}
HB [08:11:19] pretrain 12583 steps | disk free 38G | mem 2.8G/60G | {"step":3145,"ce":5.527783,"loss":5.533883,"lr":0.02170793,"code_temperature":0.75012,"masked_targets":512,"compute_seconds":6060.0912,"wall_seconds":6098.2774,"val_mlm_ce":5.576441}
HB [08:11:49] pretrain 12583 steps | disk free 38G | mem 2.8G/60G | {"step":3145,"ce":5.527783,"loss":5.533883,"lr":0.02170793,"code_temperature":0.75012,"masked_targets":512,"compute_seconds":6060.0912,"wall_seconds":6098.2774,"val_mlm_ce":5.576441}
HB [08:12:19] pretrain 12583 steps | disk free 38G | mem 2.8G/60G | {"step":3145,"ce":5.527783,"loss":5.533883,"lr":0.02170793,"code_temperature":0.75012,"masked_targets":512,"compute_seconds":6060.0912,"wall_seconds":6098.2774,"val_mlm_ce":5.576441}
HB [08:12:49] pretrain 12583 steps | disk free 38G | mem 2.8G/60G | {"step":3145,"ce":5.527783,"loss":5.533883,"lr":0.02170793,"code_temperature":0.75012,"masked_targets":512,"compute_seconds":6060.0912,"wall_seconds":6098.2774,"val_mlm_ce":5.576441}
HB [08:13:19] pretrain 12583 steps | disk free 38G | mem 2.8G/60G | {"step":3145,"ce":5.527783,"loss":5.533883,"lr":0.02170793,"code_temperature":0.75012,"masked_targets":512,"compute_seconds":6060.0912,"wall_seconds":6098.2774,"val_mlm_ce":5.576441}
HB [08:13:49] pretrain 12583 steps | disk free 38G | mem 2.8G/60G | {"step":3145,"ce":5.527783,"loss":5.533883,"lr":0.02170793,"code_temperature":0.75012,"masked_targets":512,"compute_seconds":6060.0912,"wall_seconds":6098.2774,"val_mlm_ce":5.576441}
HB [08:14:19] pretrain 12583 steps | disk free 38G | mem 2.8G/60G | {"step":3145,"ce":5.527783,"loss":5.533883,"lr":0.02170793,"code_temperature":0.75012,"masked_targets":512,"compute_seconds":6060.0912,"wall_seconds":6098.2774,"val_mlm_ce":5.576441}
HB [08:14:49] pretrain 12583 steps | disk free 38G | mem 2.8G/60G | {"step":3145,"ce":5.527783,"loss":5.533883,"lr":0.02170793,"code_temperature":0.75012,"masked_targets":512,"compute_seconds":6060.0912,"wall_seconds":6098.2774,"val_mlm_ce":5.576441}
HB [08:15:19] pretrain 12583 steps | disk free 38G | mem 2.8G/60G | {"step":3145,"ce":5.527783,"loss":5.533883,"lr":0.02170793,"code_temperature":0.75012,"masked_targets":512,"compute_seconds":6060.0912,"wall_seconds":6098.2774,"val_mlm_ce":5.576441}
HB [08:15:49] pretrain 12583 steps | disk free 38G | mem 2.8G/60G | {"step":3145,"ce":5.527783,"loss":5.533883,"lr":0.02170793,"code_temperature":0.75012,"masked_targets":512,"compute_seconds":6060.0912,"wall_seconds":6098.2774,"val_mlm_ce":5.576441}
HB [08:16:19] pretrain 12583 steps | disk free 38G | mem 2.8G/60G | {"step":3145,"ce":5.527783,"loss":5.533883,"lr":0.02170793,"code_temperature":0.75012,"masked_targets":512,"compute_seconds":6060.0912,"wall_seconds":6098.2774,"val_mlm_ce":5.576441}
HB [08:16:49] pretrain 12583 steps | disk free 38G | mem 2.8G/60G | {"step":3145,"ce":5.527783,"loss":5.533883,"lr":0.02170793,"code_temperature":0.75012,"masked_targets":512,"compute_seconds":6060.0912,"wall_seconds":6098.2774,"val_mlm_ce":5.576441}
HB [08:17:19] pretrain 12583 steps | disk free 38G | mem 2.8G/60G | {"step":3145,"ce":5.527783,"loss":5.533883,"lr":0.02170793,"code_temperature":0.75012,"masked_targets":512,"compute_seconds":6060.0912,"wall_seconds":6098.2774,"val_mlm_ce":5.576441}
HB [08:17:49] pretrain 12583 steps | disk free 38G | mem 2.8G/60G | {"step":3145,"ce":5.527783,"loss":5.533883,"lr":0.02170793,"code_temperature":0.75012,"masked_targets":512,"compute_seconds":6060.0912,"wall_seconds":6098.2774,"val_mlm_ce":5.576441}
HB [08:18:19] pretrain 12583 steps | disk free 38G | mem 2.8G/60G | {"step":3145,"ce":5.527783,"loss":5.533883,"lr":0.02170793,"code_temperature":0.75012,"masked_targets":512,"compute_seconds":6060.0912,"wall_seconds":6098.2774,"val_mlm_ce":5.576441}
HB [08:18:49] pretrain 12583 steps | disk free 38G | mem 2.8G/60G | {"step":3145,"ce":5.527783,"loss":5.533883,"lr":0.02170793,"code_temperature":0.75012,"masked_targets":512,"compute_seconds":6060.0912,"wall_seconds":6098.2774,"val_mlm_ce":5.576441}
HB [08:19:19] pretrain 12583 steps | disk free 38G | mem 2.8G/60G | {"step":3145,"ce":5.527783,"loss":5.533883,"lr":0.02170793,"code_temperature":0.75012,"masked_targets":512,"compute_seconds":6060.0912,"wall_seconds":6098.2774,"val_mlm_ce":5.576441}
HB [08:19:49] pretrain 12583 steps | disk free 38G | mem 2.8G/60G | {"step":3145,"ce":5.527783,"loss":5.533883,"lr":0.02170793,"code_temperature":0.75012,"masked_targets":512,"compute_seconds":6060.0912,"wall_seconds":6098.2774,"val_mlm_ce":5.576441}
HB [08:20:19] pretrain 12583 steps | disk free 38G | mem 2.8G/60G | {"step":3774,"ce":5.565753,"loss":5.571556,"lr":0.02036622,"code_temperature":0.70013,"masked_targets":512,"compute_seconds":7303.2463,"wall_seconds":7348.5431,"val_mlm_ce":5.501362}
HB [08:20:49] pretrain 12583 steps | disk free 38G | mem 2.8G/60G | {"step":3774,"ce":5.565753,"loss":5.571556,"lr":0.02036622,"code_temperature":0.70013,"masked_targets":512,"compute_seconds":7303.2463,"wall_seconds":7348.5431,"val_mlm_ce":5.501362}
HB [08:21:19] pretrain 12583 steps | disk free 38G | mem 2.8G/60G | {"step":3774,"ce":5.565753,"loss":5.571556,"lr":0.02036622,"code_temperature":0.70013,"masked_targets":512,"compute_seconds":7303.2463,"wall_seconds":7348.5431,"val_mlm_ce":5.501362}
HB [08:21:49] pretrain 12583 steps | disk free 38G | mem 2.8G/60G | {"step":3774,"ce":5.565753,"loss":5.571556,"lr":0.02036622,"code_temperature":0.70013,"masked_targets":512,"compute_seconds":7303.2463,"wall_seconds":7348.5431,"val_mlm_ce":5.501362}
HB [08:22:19] pretrain 12583 steps | disk free 38G | mem 2.8G/60G | {"step":3774,"ce":5.565753,"loss":5.571556,"lr":0.02036622,"code_temperature":0.70013,"masked_targets":512,"compute_seconds":7303.2463,"wall_seconds":7348.5431,"val_mlm_ce":5.501362}
HB [08:22:50] pretrain 12583 steps | disk free 38G | mem 2.8G/60G | {"step":3774,"ce":5.565753,"loss":5.571556,"lr":0.02036622,"code_temperature":0.70013,"masked_targets":512,"compute_seconds":7303.2463,"wall_seconds":7348.5431,"val_mlm_ce":5.501362}
HB [08:23:20] pretrain 12583 steps | disk free 38G | mem 2.8G/60G | {"step":3774,"ce":5.565753,"loss":5.571556,"lr":0.02036622,"code_temperature":0.70013,"masked_targets":512,"compute_seconds":7303.2463,"wall_seconds":7348.5431,"val_mlm_ce":5.501362}
HB [08:23:50] pretrain 12583 steps | disk free 38G | mem 2.8G/60G | {"step":3774,"ce":5.565753,"loss":5.571556,"lr":0.02036622,"code_temperature":0.70013,"masked_targets":512,"compute_seconds":7303.2463,"wall_seconds":7348.5431,"val_mlm_ce":5.501362}
HB [08:24:20] pretrain 12583 steps | disk free 38G | mem 2.8G/60G | {"step":3774,"ce":5.565753,"loss":5.571556,"lr":0.02036622,"code_temperature":0.70013,"masked_targets":512,"compute_seconds":7303.2463,"wall_seconds":7348.5431,"val_mlm_ce":5.501362}
HB [08:24:50] pretrain 12583 steps | disk free 38G | mem 2.8G/60G | {"step":3774,"ce":5.565753,"loss":5.571556,"lr":0.02036622,"code_temperature":0.70013,"masked_targets":512,"compute_seconds":7303.2463,"wall_seconds":7348.5431,"val_mlm_ce":5.501362}
HB [08:25:20] pretrain 12583 steps | disk free 38G | mem 2.8G/60G | {"step":3774,"ce":5.565753,"loss":5.571556,"lr":0.02036622,"code_temperature":0.70013,"masked_targets":512,"compute_seconds":7303.2463,"wall_seconds":7348.5431,"val_mlm_ce":5.501362}
HB [08:25:50] pretrain 12583 steps | disk free 38G | mem 2.8G/60G | {"step":3774,"ce":5.565753,"loss":5.571556,"lr":0.02036622,"code_temperature":0.70013,"masked_targets":512,"compute_seconds":7303.2463,"wall_seconds":7348.5431,"val_mlm_ce":5.501362}
HB [08:26:20] pretrain 12583 steps | disk free 38G | mem 2.8G/60G | {"step":3774,"ce":5.565753,"loss":5.571556,"lr":0.02036622,"code_temperature":0.70013,"masked_targets":512,"compute_seconds":7303.2463,"wall_seconds":7348.5431,"val_mlm_ce":5.501362}
HB [08:26:50] pretrain 12583 steps | disk free 38G | mem 2.8G/60G | {"step":3774,"ce":5.565753,"loss":5.571556,"lr":0.02036622,"code_temperature":0.70013,"masked_targets":512,"compute_seconds":7303.2463,"wall_seconds":7348.5431,"val_mlm_ce":5.501362}
HB [08:27:20] pretrain 12583 steps | disk free 38G | mem 2.8G/60G | {"step":3774,"ce":5.565753,"loss":5.571556,"lr":0.02036622,"code_temperature":0.70013,"masked_targets":512,"compute_seconds":7303.2463,"wall_seconds":7348.5431,"val_mlm_ce":5.501362}
HB [08:27:50] pretrain 12583 steps | disk free 38G | mem 2.8G/60G | {"step":3774,"ce":5.565753,"loss":5.571556,"lr":0.02036622,"code_temperature":0.70013,"masked_targets":512,"compute_seconds":7303.2463,"wall_seconds":7348.5431,"val_mlm_ce":5.501362}
HB [08:28:20] pretrain 12583 steps | disk free 38G | mem 2.8G/60G | {"step":3774,"ce":5.565753,"loss":5.571556,"lr":0.02036622,"code_temperature":0.70013,"masked_targets":512,"compute_seconds":7303.2463,"wall_seconds":7348.5431,"val_mlm_ce":5.501362}
HB [08:28:50] pretrain 12583 steps | disk free 38G | mem 2.8G/60G | {"step":3774,"ce":5.565753,"loss":5.571556,"lr":0.02036622,"code_temperature":0.70013,"masked_targets":512,"compute_seconds":7303.2463,"wall_seconds":7348.5431,"val_mlm_ce":5.501362}
HB [08:29:20] pretrain 12583 steps | disk free 38G | mem 2.8G/60G | {"step":3774,"ce":5.565753,"loss":5.571556,"lr":0.02036622,"code_temperature":0.70013,"masked_targets":512,"compute_seconds":7303.2463,"wall_seconds":7348.5431,"val_mlm_ce":5.501362}
HB [08:29:50] pretrain 12583 steps | disk free 38G | mem 2.8G/60G | {"step":3774,"ce":5.565753,"loss":5.571556,"lr":0.02036622,"code_temperature":0.70013,"masked_targets":512,"compute_seconds":7303.2463,"wall_seconds":7348.5431,"val_mlm_ce":5.501362}
HB [08:30:20] pretrain 12583 steps | disk free 38G | mem 2.8G/60G | {"step":3774,"ce":5.565753,"loss":5.571556,"lr":0.02036622,"code_temperature":0.70013,"masked_targets":512,"compute_seconds":7303.2463,"wall_seconds":7348.5431,"val_mlm_ce":5.501362}
HB [08:30:50] pretrain 12583 steps | disk free 38G | mem 2.8G/60G | {"step":3774,"ce":5.565753,"loss":5.571556,"lr":0.02036622,"code_temperature":0.70013,"masked_targets":512,"compute_seconds":7303.2463,"wall_seconds":7348.5431,"val_mlm_ce":5.501362}
HB [08:31:20] pretrain 12583 steps | disk free 38G | mem 2.8G/60G | {"step":3774,"ce":5.565753,"loss":5.571556,"lr":0.02036622,"code_temperature":0.70013,"masked_targets":512,"compute_seconds":7303.2463,"wall_seconds":7348.5431,"val_mlm_ce":5.501362}
HB [08:31:50] pretrain 12583 steps | disk free 38G | mem 2.8G/60G | {"step":3774,"ce":5.565753,"loss":5.571556,"lr":0.02036622,"code_temperature":0.70013,"masked_targets":512,"compute_seconds":7303.2463,"wall_seconds":7348.5431,"val_mlm_ce":5.501362}
HB [08:32:20] pretrain 12583 steps | disk free 38G | mem 2.8G/60G | {"step":3774,"ce":5.565753,"loss":5.571556,"lr":0.02036622,"code_temperature":0.70013,"masked_targets":512,"compute_seconds":7303.2463,"wall_seconds":7348.5431,"val_mlm_ce":5.501362}
HB [08:32:50] pretrain 12583 steps | disk free 38G | mem 2.8G/60G | {"step":3774,"ce":5.565753,"loss":5.571556,"lr":0.02036622,"code_temperature":0.70013,"masked_targets":512,"compute_seconds":7303.2463,"wall_seconds":7348.5431,"val_mlm_ce":5.501362}
HB [08:33:20] pretrain 12583 steps | disk free 38G | mem 2.8G/60G | {"step":3774,"ce":5.565753,"loss":5.571556,"lr":0.02036622,"code_temperature":0.70013,"masked_targets":512,"compute_seconds":7303.2463,"wall_seconds":7348.5431,"val_mlm_ce":5.501362}
HB [08:33:50] pretrain 12583 steps | disk free 38G | mem 2.8G/60G | {"step":3774,"ce":5.565753,"loss":5.571556,"lr":0.02036622,"code_temperature":0.70013,"masked_targets":512,"compute_seconds":7303.2463,"wall_seconds":7348.5431,"val_mlm_ce":5.501362}
HB [08:34:20] pretrain 12583 steps | disk free 38G | mem 2.8G/60G | {"step":3774,"ce":5.565753,"loss":5.571556,"lr":0.02036622,"code_temperature":0.70013,"masked_targets":512,"compute_seconds":7303.2463,"wall_seconds":7348.5431,"val_mlm_ce":5.501362}
HB [08:34:50] pretrain 12583 steps | disk free 38G | mem 2.8G/60G | {"step":3774,"ce":5.565753,"loss":5.571556,"lr":0.02036622,"code_temperature":0.70013,"masked_targets":512,"compute_seconds":7303.2463,"wall_seconds":7348.5431,"val_mlm_ce":5.501362}
HB [08:35:20] pretrain 12583 steps | disk free 38G | mem 2.8G/60G | {"step":3774,"ce":5.565753,"loss":5.571556,"lr":0.02036622,"code_temperature":0.70013,"masked_targets":512,"compute_seconds":7303.2463,"wall_seconds":7348.5431,"val_mlm_ce":5.501362}
HB [08:35:50] pretrain 12583 steps | disk free 38G | mem 2.8G/60G | {"step":3774,"ce":5.565753,"loss":5.571556,"lr":0.02036622,"code_temperature":0.70013,"masked_targets":512,"compute_seconds":7303.2463,"wall_seconds":7348.5431,"val_mlm_ce":5.501362}
HB [08:36:20] pretrain 12583 steps | disk free 38G | mem 2.8G/60G | {"step":3774,"ce":5.565753,"loss":5.571556,"lr":0.02036622,"code_temperature":0.70013,"masked_targets":512,"compute_seconds":7303.2463,"wall_seconds":7348.5431,"val_mlm_ce":5.501362}
HB [08:36:50] pretrain 12583 steps | disk free 38G | mem 2.8G/60G | {"step":3774,"ce":5.565753,"loss":5.571556,"lr":0.02036622,"code_temperature":0.70013,"masked_targets":512,"compute_seconds":7303.2463,"wall_seconds":7348.5431,"val_mlm_ce":5.501362}
HB [08:37:20] pretrain 12583 steps | disk free 38G | mem 2.8G/60G | {"step":3774,"ce":5.565753,"loss":5.571556,"lr":0.02036622,"code_temperature":0.70013,"masked_targets":512,"compute_seconds":7303.2463,"wall_seconds":7348.5431,"val_mlm_ce":5.501362}
HB [08:37:51] pretrain 12583 steps | disk free 38G | mem 2.8G/60G | {"step":3774,"ce":5.565753,"loss":5.571556,"lr":0.02036622,"code_temperature":0.70013,"masked_targets":512,"compute_seconds":7303.2463,"wall_seconds":7348.5431,"val_mlm_ce":5.501362}
HB [08:38:21] pretrain 12583 steps | disk free 38G | mem 2.8G/60G | {"step":3774,"ce":5.565753,"loss":5.571556,"lr":0.02036622,"code_temperature":0.70013,"masked_targets":512,"compute_seconds":7303.2463,"wall_seconds":7348.5431,"val_mlm_ce":5.501362}
HB [08:38:51] pretrain 12583 steps | disk free 38G | mem 2.8G/60G | {"step":4403,"ce":4.975151,"loss":4.980742,"lr":0.01886165,"code_temperature":0.65014,"masked_targets":512,"compute_seconds":8413.3145,"wall_seconds":8464.8446,"val_mlm_ce":5.452284}
HB [08:39:21] pretrain 12583 steps | disk free 38G | mem 2.8G/60G | {"step":4403,"ce":4.975151,"loss":4.980742,"lr":0.01886165,"code_temperature":0.65014,"masked_targets":512,"compute_seconds":8413.3145,"wall_seconds":8464.8446,"val_mlm_ce":5.452284}
HB [08:39:51] pretrain 12583 steps | disk free 38G | mem 2.8G/60G | {"step":4403,"ce":4.975151,"loss":4.980742,"lr":0.01886165,"code_temperature":0.65014,"masked_targets":512,"compute_seconds":8413.3145,"wall_seconds":8464.8446,"val_mlm_ce":5.452284}
HB [08:40:21] pretrain 12583 steps | disk free 38G | mem 2.8G/60G | {"step":4403,"ce":4.975151,"loss":4.980742,"lr":0.01886165,"code_temperature":0.65014,"masked_targets":512,"compute_seconds":8413.3145,"wall_seconds":8464.8446,"val_mlm_ce":5.452284}
HB [08:40:51] pretrain 12583 steps | disk free 38G | mem 2.8G/60G | {"step":4403,"ce":4.975151,"loss":4.980742,"lr":0.01886165,"code_temperature":0.65014,"masked_targets":512,"compute_seconds":8413.3145,"wall_seconds":8464.8446,"val_mlm_ce":5.452284}
HB [08:41:21] pretrain 12583 steps | disk free 38G | mem 2.8G/60G | {"step":4403,"ce":4.975151,"loss":4.980742,"lr":0.01886165,"code_temperature":0.65014,"masked_targets":512,"compute_seconds":8413.3145,"wall_seconds":8464.8446,"val_mlm_ce":5.452284}
HB [08:41:51] pretrain 12583 steps | disk free 38G | mem 2.8G/60G | {"step":4403,"ce":4.975151,"loss":4.980742,"lr":0.01886165,"code_temperature":0.65014,"masked_targets":512,"compute_seconds":8413.3145,"wall_seconds":8464.8446,"val_mlm_ce":5.452284}
HB [08:42:21] pretrain 12583 steps | disk free 38G | mem 2.8G/60G | {"step":4403,"ce":4.975151,"loss":4.980742,"lr":0.01886165,"code_temperature":0.65014,"masked_targets":512,"compute_seconds":8413.3145,"wall_seconds":8464.8446,"val_mlm_ce":5.452284}
HB [08:42:51] pretrain 12583 steps | disk free 38G | mem 2.8G/60G | {"step":4403,"ce":4.975151,"loss":4.980742,"lr":0.01886165,"code_temperature":0.65014,"masked_targets":512,"compute_seconds":8413.3145,"wall_seconds":8464.8446,"val_mlm_ce":5.452284}
HB [08:43:21] pretrain 12583 steps | disk free 38G | mem 2.8G/60G | {"step":4403,"ce":4.975151,"loss":4.980742,"lr":0.01886165,"code_temperature":0.65014,"masked_targets":512,"compute_seconds":8413.3145,"wall_seconds":8464.8446,"val_mlm_ce":5.452284}
HB [08:43:51] pretrain 12583 steps | disk free 38G | mem 2.8G/60G | {"step":4403,"ce":4.975151,"loss":4.980742,"lr":0.01886165,"code_temperature":0.65014,"masked_targets":512,"compute_seconds":8413.3145,"wall_seconds":8464.8446,"val_mlm_ce":5.452284}
HB [08:44:21] pretrain 12583 steps | disk free 38G | mem 2.8G/60G | {"step":4403,"ce":4.975151,"loss":4.980742,"lr":0.01886165,"code_temperature":0.65014,"masked_targets":512,"compute_seconds":8413.3145,"wall_seconds":8464.8446,"val_mlm_ce":5.452284}
HB [08:44:51] pretrain 12583 steps | disk free 38G | mem 2.8G/60G | {"step":4403,"ce":4.975151,"loss":4.980742,"lr":0.01886165,"code_temperature":0.65014,"masked_targets":512,"compute_seconds":8413.3145,"wall_seconds":8464.8446,"val_mlm_ce":5.452284}
HB [08:45:21] pretrain 12583 steps | disk free 38G | mem 2.8G/60G | {"step":4403,"ce":4.975151,"loss":4.980742,"lr":0.01886165,"code_temperature":0.65014,"masked_targets":512,"compute_seconds":8413.3145,"wall_seconds":8464.8446,"val_mlm_ce":5.452284}
HB [08:45:51] pretrain 12583 steps | disk free 38G | mem 2.8G/60G | {"step":4403,"ce":4.975151,"loss":4.980742,"lr":0.01886165,"code_temperature":0.65014,"masked_targets":512,"compute_seconds":8413.3145,"wall_seconds":8464.8446,"val_mlm_ce":5.452284}
HB [08:46:21] pretrain 12583 steps | disk free 38G | mem 2.8G/60G | {"step":4403,"ce":4.975151,"loss":4.980742,"lr":0.01886165,"code_temperature":0.65014,"masked_targets":512,"compute_seconds":8413.3145,"wall_seconds":8464.8446,"val_mlm_ce":5.452284}
HB [08:46:51] pretrain 12583 steps | disk free 38G | mem 2.8G/60G | {"step":4403,"ce":4.975151,"loss":4.980742,"lr":0.01886165,"code_temperature":0.65014,"masked_targets":512,"compute_seconds":8413.3145,"wall_seconds":8464.8446,"val_mlm_ce":5.452284}
HB [08:47:21] pretrain 12583 steps | disk free 38G | mem 2.8G/60G | {"step":4403,"ce":4.975151,"loss":4.980742,"lr":0.01886165,"code_temperature":0.65014,"masked_targets":512,"compute_seconds":8413.3145,"wall_seconds":8464.8446,"val_mlm_ce":5.452284}
HB [08:47:51] pretrain 12583 steps | disk free 38G | mem 2.8G/60G | {"step":4403,"ce":4.975151,"loss":4.980742,"lr":0.01886165,"code_temperature":0.65014,"masked_targets":512,"compute_seconds":8413.3145,"wall_seconds":8464.8446,"val_mlm_ce":5.452284}
HB [08:48:21] pretrain 12583 steps | disk free 38G | mem 2.8G/60G | {"step":4403,"ce":4.975151,"loss":4.980742,"lr":0.01886165,"code_temperature":0.65014,"masked_targets":512,"compute_seconds":8413.3145,"wall_seconds":8464.8446,"val_mlm_ce":5.452284}
HB [08:48:51] pretrain 12583 steps | disk free 38G | mem 2.8G/60G | {"step":4403,"ce":4.975151,"loss":4.980742,"lr":0.01886165,"code_temperature":0.65014,"masked_targets":512,"compute_seconds":8413.3145,"wall_seconds":8464.8446,"val_mlm_ce":5.452284}
HB [08:49:21] pretrain 12583 steps | disk free 38G | mem 2.8G/60G | {"step":4403,"ce":4.975151,"loss":4.980742,"lr":0.01886165,"code_temperature":0.65014,"masked_targets":512,"compute_seconds":8413.3145,"wall_seconds":8464.8446,"val_mlm_ce":5.452284}
HB [08:49:51] pretrain 12583 steps | disk free 38G | mem 2.8G/60G | {"step":4403,"ce":4.975151,"loss":4.980742,"lr":0.01886165,"code_temperature":0.65014,"masked_targets":512,"compute_seconds":8413.3145,"wall_seconds":8464.8446,"val_mlm_ce":5.452284}
HB [08:50:21] pretrain 12583 steps | disk free 38G | mem 2.8G/60G | {"step":4403,"ce":4.975151,"loss":4.980742,"lr":0.01886165,"code_temperature":0.65014,"masked_targets":512,"compute_seconds":8413.3145,"wall_seconds":8464.8446,"val_mlm_ce":5.452284}
HB [08:50:51] pretrain 12583 steps | disk free 38G | mem 2.8G/60G | {"step":4403,"ce":4.975151,"loss":4.980742,"lr":0.01886165,"code_temperature":0.65014,"masked_targets":512,"compute_seconds":8413.3145,"wall_seconds":8464.8446,"val_mlm_ce":5.452284}
HB [08:51:22] pretrain 12583 steps | disk free 38G | mem 2.8G/60G | {"step":4403,"ce":4.975151,"loss":4.980742,"lr":0.01886165,"code_temperature":0.65014,"masked_targets":512,"compute_seconds":8413.3145,"wall_seconds":8464.8446,"val_mlm_ce":5.452284}
HB [08:51:52] pretrain 12583 steps | disk free 38G | mem 2.8G/60G | {"step":4403,"ce":4.975151,"loss":4.980742,"lr":0.01886165,"code_temperature":0.65014,"masked_targets":512,"compute_seconds":8413.3145,"wall_seconds":8464.8446,"val_mlm_ce":5.452284}
HB [08:52:22] pretrain 12583 steps | disk free 38G | mem 2.8G/60G | {"step":4403,"ce":4.975151,"loss":4.980742,"lr":0.01886165,"code_temperature":0.65014,"masked_targets":512,"compute_seconds":8413.3145,"wall_seconds":8464.8446,"val_mlm_ce":5.452284}
HB [08:52:52] pretrain 12583 steps | disk free 38G | mem 2.8G/60G | {"step":4403,"ce":4.975151,"loss":4.980742,"lr":0.01886165,"code_temperature":0.65014,"masked_targets":512,"compute_seconds":8413.3145,"wall_seconds":8464.8446,"val_mlm_ce":5.452284}
HB [08:53:22] pretrain 12583 steps | disk free 38G | mem 2.8G/60G | {"step":4403,"ce":4.975151,"loss":4.980742,"lr":0.01886165,"code_temperature":0.65014,"masked_targets":512,"compute_seconds":8413.3145,"wall_seconds":8464.8446,"val_mlm_ce":5.452284}
HB [08:53:52] pretrain 12583 steps | disk free 38G | mem 2.8G/60G | {"step":4403,"ce":4.975151,"loss":4.980742,"lr":0.01886165,"code_temperature":0.65014,"masked_targets":512,"compute_seconds":8413.3145,"wall_seconds":8464.8446,"val_mlm_ce":5.452284}
HB [08:54:22] pretrain 12583 steps | disk free 38G | mem 2.8G/60G | {"step":4403,"ce":4.975151,"loss":4.980742,"lr":0.01886165,"code_temperature":0.65014,"masked_targets":512,"compute_seconds":8413.3145,"wall_seconds":8464.8446,"val_mlm_ce":5.452284}
HB [08:54:52] pretrain 12583 steps | disk free 38G | mem 2.8G/60G | {"step":4403,"ce":4.975151,"loss":4.980742,"lr":0.01886165,"code_temperature":0.65014,"masked_targets":512,"compute_seconds":8413.3145,"wall_seconds":8464.8446,"val_mlm_ce":5.452284}
HB [08:55:22] pretrain 12583 steps | disk free 38G | mem 2.8G/60G | {"step":4403,"ce":4.975151,"loss":4.980742,"lr":0.01886165,"code_temperature":0.65014,"masked_targets":512,"compute_seconds":8413.3145,"wall_seconds":8464.8446,"val_mlm_ce":5.452284}
HB [08:55:52] pretrain 12583 steps | disk free 38G | mem 2.8G/60G | {"step":4403,"ce":4.975151,"loss":4.980742,"lr":0.01886165,"code_temperature":0.65014,"masked_targets":512,"compute_seconds":8413.3145,"wall_seconds":8464.8446,"val_mlm_ce":5.452284}
HB [08:56:22] pretrain 12583 steps | disk free 38G | mem 2.8G/60G | {"step":4403,"ce":4.975151,"loss":4.980742,"lr":0.01886165,"code_temperature":0.65014,"masked_targets":512,"compute_seconds":8413.3145,"wall_seconds":8464.8446,"val_mlm_ce":5.452284}
HB [08:56:52] pretrain 12583 steps | disk free 38G | mem 2.8G/60G | {"step":4403,"ce":4.975151,"loss":4.980742,"lr":0.01886165,"code_temperature":0.65014,"masked_targets":512,"compute_seconds":8413.3145,"wall_seconds":8464.8446,"val_mlm_ce":5.452284}
HB [08:57:22] pretrain 12583 steps | disk free 38G | mem 2.8G/60G | {"step":4403,"ce":4.975151,"loss":4.980742,"lr":0.01886165,"code_temperature":0.65014,"masked_targets":512,"compute_seconds":8413.3145,"wall_seconds":8464.8446,"val_mlm_ce":5.452284}
HB [08:57:52] pretrain 12583 steps | disk free 38G | mem 2.8G/60G | {"step":4403,"ce":4.975151,"loss":4.980742,"lr":0.01886165,"code_temperature":0.65014,"masked_targets":512,"compute_seconds":8413.3145,"wall_seconds":8464.8446,"val_mlm_ce":5.452284}
HB [08:58:22] pretrain 12583 steps | disk free 38G | mem 2.8G/60G | {"step":4403,"ce":4.975151,"loss":4.980742,"lr":0.01886165,"code_temperature":0.65014,"masked_targets":512,"compute_seconds":8413.3145,"wall_seconds":8464.8446,"val_mlm_ce":5.452284}
HB [08:58:52] pretrain 12583 steps | disk free 38G | mem 2.8G/60G | {"step":4403,"ce":4.975151,"loss":4.980742,"lr":0.01886165,"code_temperature":0.65014,"masked_targets":512,"compute_seconds":8413.3145,"wall_seconds":8464.8446,"val_mlm_ce":5.452284}
HB [08:59:22] pretrain 12583 steps | disk free 38G | mem 2.8G/60G | {"step":4403,"ce":4.975151,"loss":4.980742,"lr":0.01886165,"code_temperature":0.65014,"masked_targets":512,"compute_seconds":8413.3145,"wall_seconds":8464.8446,"val_mlm_ce":5.452284}
HB [08:59:52] pretrain 12583 steps | disk free 38G | mem 2.8G/60G | {"step":4403,"ce":4.975151,"loss":4.980742,"lr":0.01886165,"code_temperature":0.65014,"masked_targets":512,"compute_seconds":8413.3145,"wall_seconds":8464.8446,"val_mlm_ce":5.452284}
HB [09:00:22] pretrain 12583 steps | disk free 38G | mem 2.8G/60G | {"step":5032,"ce":5.418698,"loss":5.424135,"lr":0.01723125,"code_temperature":0.60014,"masked_targets":512,"compute_seconds":9684.6422,"wall_seconds":9743.2921,"val_mlm_ce":5.414924}
HB [09:00:52] pretrain 12583 steps | disk free 38G | mem 2.8G/60G | {"step":5032,"ce":5.418698,"loss":5.424135,"lr":0.01723125,"code_temperature":0.60014,"masked_targets":512,"compute_seconds":9684.6422,"wall_seconds":9743.2921,"val_mlm_ce":5.414924}
HB [09:01:22] pretrain 12583 steps | disk free 38G | mem 2.8G/60G | {"step":5032,"ce":5.418698,"loss":5.424135,"lr":0.01723125,"code_temperature":0.60014,"masked_targets":512,"compute_seconds":9684.6422,"wall_seconds":9743.2921,"val_mlm_ce":5.414924}
HB [09:01:52] pretrain 12583 steps | disk free 38G | mem 2.8G/60G | {"step":5032,"ce":5.418698,"loss":5.424135,"lr":0.01723125,"code_temperature":0.60014,"masked_targets":512,"compute_seconds":9684.6422,"wall_seconds":9743.2921,"val_mlm_ce":5.414924}
HB [09:02:22] pretrain 12583 steps | disk free 38G | mem 2.8G/60G | {"step":5032,"ce":5.418698,"loss":5.424135,"lr":0.01723125,"code_temperature":0.60014,"masked_targets":512,"compute_seconds":9684.6422,"wall_seconds":9743.2921,"val_mlm_ce":5.414924}
HB [09:02:52] pretrain 12583 steps | disk free 38G | mem 2.8G/60G | {"step":5032,"ce":5.418698,"loss":5.424135,"lr":0.01723125,"code_temperature":0.60014,"masked_targets":512,"compute_seconds":9684.6422,"wall_seconds":9743.2921,"val_mlm_ce":5.414924}
HB [09:03:22] pretrain 12583 steps | disk free 38G | mem 2.8G/60G | {"step":5032,"ce":5.418698,"loss":5.424135,"lr":0.01723125,"code_temperature":0.60014,"masked_targets":512,"compute_seconds":9684.6422,"wall_seconds":9743.2921,"val_mlm_ce":5.414924}
HB [09:03:53] pretrain 12583 steps | disk free 38G | mem 2.8G/60G | {"step":5032,"ce":5.418698,"loss":5.424135,"lr":0.01723125,"code_temperature":0.60014,"masked_targets":512,"compute_seconds":9684.6422,"wall_seconds":9743.2921,"val_mlm_ce":5.414924}
HB [09:04:23] pretrain 12583 steps | disk free 38G | mem 2.8G/60G | {"step":5032,"ce":5.418698,"loss":5.424135,"lr":0.01723125,"code_temperature":0.60014,"masked_targets":512,"compute_seconds":9684.6422,"wall_seconds":9743.2921,"val_mlm_ce":5.414924}
HB [09:04:53] pretrain 12583 steps | disk free 38G | mem 2.8G/60G | {"step":5032,"ce":5.418698,"loss":5.424135,"lr":0.01723125,"code_temperature":0.60014,"masked_targets":512,"compute_seconds":9684.6422,"wall_seconds":9743.2921,"val_mlm_ce":5.414924}
HB [09:05:23] pretrain 12583 steps | disk free 38G | mem 2.8G/60G | {"step":5032,"ce":5.418698,"loss":5.424135,"lr":0.01723125,"code_temperature":0.60014,"masked_targets":512,"compute_seconds":9684.6422,"wall_seconds":9743.2921,"val_mlm_ce":5.414924}
HB [09:05:53] pretrain 12583 steps | disk free 38G | mem 2.8G/60G | {"step":5032,"ce":5.418698,"loss":5.424135,"lr":0.01723125,"code_temperature":0.60014,"masked_targets":512,"compute_seconds":9684.6422,"wall_seconds":9743.2921,"val_mlm_ce":5.414924}
HB [09:06:23] pretrain 12583 steps | disk free 38G | mem 2.8G/60G | {"step":5032,"ce":5.418698,"loss":5.424135,"lr":0.01723125,"code_temperature":0.60014,"masked_targets":512,"compute_seconds":9684.6422,"wall_seconds":9743.2921,"val_mlm_ce":5.414924}
HB [09:06:53] pretrain 12583 steps | disk free 38G | mem 2.8G/60G | {"step":5032,"ce":5.418698,"loss":5.424135,"lr":0.01723125,"code_temperature":0.60014,"masked_targets":512,"compute_seconds":9684.6422,"wall_seconds":9743.2921,"val_mlm_ce":5.414924}
HB [09:07:23] pretrain 12583 steps | disk free 38G | mem 2.8G/60G | {"step":5032,"ce":5.418698,"loss":5.424135,"lr":0.01723125,"code_temperature":0.60014,"masked_targets":512,"compute_seconds":9684.6422,"wall_seconds":9743.2921,"val_mlm_ce":5.414924}
HB [09:07:53] pretrain 12583 steps | disk free 38G | mem 2.8G/60G | {"step":5032,"ce":5.418698,"loss":5.424135,"lr":0.01723125,"code_temperature":0.60014,"masked_targets":512,"compute_seconds":9684.6422,"wall_seconds":9743.2921,"val_mlm_ce":5.414924}
HB [09:08:23] pretrain 12583 steps | disk free 38G | mem 2.8G/60G | {"step":5032,"ce":5.418698,"loss":5.424135,"lr":0.01723125,"code_temperature":0.60014,"masked_targets":512,"compute_seconds":9684.6422,"wall_seconds":9743.2921,"val_mlm_ce":5.414924}
HB [09:08:53] pretrain 12583 steps | disk free 38G | mem 2.8G/60G | {"step":5032,"ce":5.418698,"loss":5.424135,"lr":0.01723125,"code_temperature":0.60014,"masked_targets":512,"compute_seconds":9684.6422,"wall_seconds":9743.2921,"val_mlm_ce":5.414924}
HB [09:09:23] pretrain 12583 steps | disk free 38G | mem 2.8G/60G | {"step":5032,"ce":5.418698,"loss":5.424135,"lr":0.01723125,"code_temperature":0.60014,"masked_targets":512,"compute_seconds":9684.6422,"wall_seconds":9743.2921,"val_mlm_ce":5.414924}
HB [09:09:53] pretrain 12583 steps | disk free 38G | mem 2.8G/60G | {"step":5032,"ce":5.418698,"loss":5.424135,"lr":0.01723125,"code_temperature":0.60014,"masked_targets":512,"compute_seconds":9684.6422,"wall_seconds":9743.2921,"val_mlm_ce":5.414924}
HB [09:10:23] pretrain 12583 steps | disk free 38G | mem 2.8G/60G | {"step":5032,"ce":5.418698,"loss":5.424135,"lr":0.01723125,"code_temperature":0.60014,"masked_targets":512,"compute_seconds":9684.6422,"wall_seconds":9743.2921,"val_mlm_ce":5.414924}
HB [09:10:53] pretrain 12583 steps | disk free 38G | mem 2.8G/60G | {"step":5032,"ce":5.418698,"loss":5.424135,"lr":0.01723125,"code_temperature":0.60014,"masked_targets":512,"compute_seconds":9684.6422,"wall_seconds":9743.2921,"val_mlm_ce":5.414924}
HB [09:11:23] pretrain 12583 steps | disk free 38G | mem 2.8G/60G | {"step":5032,"ce":5.418698,"loss":5.424135,"lr":0.01723125,"code_temperature":0.60014,"masked_targets":512,"compute_seconds":9684.6422,"wall_seconds":9743.2921,"val_mlm_ce":5.414924}
HB [09:11:53] pretrain 12583 steps | disk free 38G | mem 2.8G/60G | {"step":5032,"ce":5.418698,"loss":5.424135,"lr":0.01723125,"code_temperature":0.60014,"masked_targets":512,"compute_seconds":9684.6422,"wall_seconds":9743.2921,"val_mlm_ce":5.414924}
HB [09:12:23] pretrain 12583 steps | disk free 38G | mem 2.8G/60G | {"step":5032,"ce":5.418698,"loss":5.424135,"lr":0.01723125,"code_temperature":0.60014,"masked_targets":512,"compute_seconds":9684.6422,"wall_seconds":9743.2921,"val_mlm_ce":5.414924}
HB [09:12:53] pretrain 12583 steps | disk free 38G | mem 2.8G/60G | {"step":5032,"ce":5.418698,"loss":5.424135,"lr":0.01723125,"code_temperature":0.60014,"masked_targets":512,"compute_seconds":9684.6422,"wall_seconds":9743.2921,"val_mlm_ce":5.414924}
HB [09:13:23] pretrain 12583 steps | disk free 38G | mem 2.8G/60G | {"step":5032,"ce":5.418698,"loss":5.424135,"lr":0.01723125,"code_temperature":0.60014,"masked_targets":512,"compute_seconds":9684.6422,"wall_seconds":9743.2921,"val_mlm_ce":5.414924}
HB [09:13:53] pretrain 12583 steps | disk free 38G | mem 2.8G/60G | {"step":5032,"ce":5.418698,"loss":5.424135,"lr":0.01723125,"code_temperature":0.60014,"masked_targets":512,"compute_seconds":9684.6422,"wall_seconds":9743.2921,"val_mlm_ce":5.414924}
HB [09:14:23] pretrain 12583 steps | disk free 38G | mem 2.8G/60G | {"step":5032,"ce":5.418698,"loss":5.424135,"lr":0.01723125,"code_temperature":0.60014,"masked_targets":512,"compute_seconds":9684.6422,"wall_seconds":9743.2921,"val_mlm_ce":5.414924}
HB [09:14:53] pretrain 12583 steps | disk free 38G | mem 2.8G/60G | {"step":5032,"ce":5.418698,"loss":5.424135,"lr":0.01723125,"code_temperature":0.60014,"masked_targets":512,"compute_seconds":9684.6422,"wall_seconds":9743.2921,"val_mlm_ce":5.414924}
HB [09:15:23] pretrain 12583 steps | disk free 38G | mem 2.8G/60G | {"step":5032,"ce":5.418698,"loss":5.424135,"lr":0.01723125,"code_temperature":0.60014,"masked_targets":512,"compute_seconds":9684.6422,"wall_seconds":9743.2921,"val_mlm_ce":5.414924}
HB [09:15:53] pretrain 12583 steps | disk free 38G | mem 2.8G/60G | {"step":5032,"ce":5.418698,"loss":5.424135,"lr":0.01723125,"code_temperature":0.60014,"masked_targets":512,"compute_seconds":9684.6422,"wall_seconds":9743.2921,"val_mlm_ce":5.414924}
HB [09:16:23] pretrain 12583 steps | disk free 38G | mem 2.8G/60G | {"step":5032,"ce":5.418698,"loss":5.424135,"lr":0.01723125,"code_temperature":0.60014,"masked_targets":512,"compute_seconds":9684.6422,"wall_seconds":9743.2921,"val_mlm_ce":5.414924}
HB [09:16:54] pretrain 12583 steps | disk free 38G | mem 2.8G/60G | {"step":5032,"ce":5.418698,"loss":5.424135,"lr":0.01723125,"code_temperature":0.60014,"masked_targets":512,"compute_seconds":9684.6422,"wall_seconds":9743.2921,"val_mlm_ce":5.414924}
HB [09:17:24] pretrain 12583 steps | disk free 38G | mem 2.8G/60G | {"step":5032,"ce":5.418698,"loss":5.424135,"lr":0.01723125,"code_temperature":0.60014,"masked_targets":512,"compute_seconds":9684.6422,"wall_seconds":9743.2921,"val_mlm_ce":5.414924}
HB [09:17:54] pretrain 12583 steps | disk free 38G | mem 2.8G/60G | {"step":5032,"ce":5.418698,"loss":5.424135,"lr":0.01723125,"code_temperature":0.60014,"masked_targets":512,"compute_seconds":9684.6422,"wall_seconds":9743.2921,"val_mlm_ce":5.414924}
HB [09:18:24] pretrain 12583 steps | disk free 38G | mem 2.8G/60G | {"step":5032,"ce":5.418698,"loss":5.424135,"lr":0.01723125,"code_temperature":0.60014,"masked_targets":512,"compute_seconds":9684.6422,"wall_seconds":9743.2921,"val_mlm_ce":5.414924}
HB [09:18:54] pretrain 12583 steps | disk free 38G | mem 2.8G/60G | {"step":5032,"ce":5.418698,"loss":5.424135,"lr":0.01723125,"code_temperature":0.60014,"masked_targets":512,"compute_seconds":9684.6422,"wall_seconds":9743.2921,"val_mlm_ce":5.414924}
HB [09:19:24] pretrain 12583 steps | disk free 38G | mem 2.8G/60G | {"step":5032,"ce":5.418698,"loss":5.424135,"lr":0.01723125,"code_temperature":0.60014,"masked_targets":512,"compute_seconds":9684.6422,"wall_seconds":9743.2921,"val_mlm_ce":5.414924}
HB [09:19:54] pretrain 12583 steps | disk free 38G | mem 2.8G/60G | {"step":5032,"ce":5.418698,"loss":5.424135,"lr":0.01723125,"code_temperature":0.60014,"masked_targets":512,"compute_seconds":9684.6422,"wall_seconds":9743.2921,"val_mlm_ce":5.414924}
HB [09:20:24] pretrain 12583 steps | disk free 38G | mem 2.8G/60G | {"step":5032,"ce":5.418698,"loss":5.424135,"lr":0.01723125,"code_temperature":0.60014,"masked_targets":512,"compute_seconds":9684.6422,"wall_seconds":9743.2921,"val_mlm_ce":5.414924}
HB [09:20:54] pretrain 12583 steps | disk free 38G | mem 2.8G/60G | {"step":5032,"ce":5.418698,"loss":5.424135,"lr":0.01723125,"code_temperature":0.60014,"masked_targets":512,"compute_seconds":9684.6422,"wall_seconds":9743.2921,"val_mlm_ce":5.414924}
HB [09:21:24] pretrain 12583 steps | disk free 38G | mem 2.8G/60G | {"step":5032,"ce":5.418698,"loss":5.424135,"lr":0.01723125,"code_temperature":0.60014,"masked_targets":512,"compute_seconds":9684.6422,"wall_seconds":9743.2921,"val_mlm_ce":5.414924}
HB [09:21:54] pretrain 12583 steps | disk free 38G | mem 2.8G/60G | {"step":5032,"ce":5.418698,"loss":5.424135,"lr":0.01723125,"code_temperature":0.60014,"masked_targets":512,"compute_seconds":9684.6422,"wall_seconds":9743.2921,"val_mlm_ce":5.414924}
HB [09:22:24] pretrain 12583 steps | disk free 38G | mem 2.8G/60G | {"step":5661,"ce":5.6747,"loss":5.680038,"lr":0.01551516,"code_temperature":0.55015,"masked_targets":512,"compute_seconds":11002.0473,"wall_seconds":11067.5499,"val_mlm_ce":5.387256}
HB [09:22:54] pretrain 12583 steps | disk free 38G | mem 2.8G/60G | {"step":5661,"ce":5.6747,"loss":5.680038,"lr":0.01551516,"code_temperature":0.55015,"masked_targets":512,"compute_seconds":11002.0473,"wall_seconds":11067.5499,"val_mlm_ce":5.387256}
HB [09:23:24] pretrain 12583 steps | disk free 38G | mem 2.8G/60G | {"step":5661,"ce":5.6747,"loss":5.680038,"lr":0.01551516,"code_temperature":0.55015,"masked_targets":512,"compute_seconds":11002.0473,"wall_seconds":11067.5499,"val_mlm_ce":5.387256}
HB [09:23:54] pretrain 12583 steps | disk free 38G | mem 2.8G/60G | {"step":5661,"ce":5.6747,"loss":5.680038,"lr":0.01551516,"code_temperature":0.55015,"masked_targets":512,"compute_seconds":11002.0473,"wall_seconds":11067.5499,"val_mlm_ce":5.387256}
HB [09:24:24] pretrain 12583 steps | disk free 38G | mem 2.8G/60G | {"step":5661,"ce":5.6747,"loss":5.680038,"lr":0.01551516,"code_temperature":0.55015,"masked_targets":512,"compute_seconds":11002.0473,"wall_seconds":11067.5499,"val_mlm_ce":5.387256}
HB [09:24:54] pretrain 12583 steps | disk free 38G | mem 2.8G/60G | {"step":5661,"ce":5.6747,"loss":5.680038,"lr":0.01551516,"code_temperature":0.55015,"masked_targets":512,"compute_seconds":11002.0473,"wall_seconds":11067.5499,"val_mlm_ce":5.387256}
HB [09:25:24] pretrain 12583 steps | disk free 38G | mem 2.8G/60G | {"step":5661,"ce":5.6747,"loss":5.680038,"lr":0.01551516,"code_temperature":0.55015,"masked_targets":512,"compute_seconds":11002.0473,"wall_seconds":11067.5499,"val_mlm_ce":5.387256}
HB [09:25:54] pretrain 12583 steps | disk free 38G | mem 2.8G/60G | {"step":5661,"ce":5.6747,"loss":5.680038,"lr":0.01551516,"code_temperature":0.55015,"masked_targets":512,"compute_seconds":11002.0473,"wall_seconds":11067.5499,"val_mlm_ce":5.387256}
HB [09:26:24] pretrain 12583 steps | disk free 38G | mem 2.8G/60G | {"step":5661,"ce":5.6747,"loss":5.680038,"lr":0.01551516,"code_temperature":0.55015,"masked_targets":512,"compute_seconds":11002.0473,"wall_seconds":11067.5499,"val_mlm_ce":5.387256}
HB [09:26:54] pretrain 12583 steps | disk free 38G | mem 2.8G/60G | {"step":5661,"ce":5.6747,"loss":5.680038,"lr":0.01551516,"code_temperature":0.55015,"masked_targets":512,"compute_seconds":11002.0473,"wall_seconds":11067.5499,"val_mlm_ce":5.387256}
HB [09:27:24] pretrain 12583 steps | disk free 38G | mem 2.8G/60G | {"step":5661,"ce":5.6747,"loss":5.680038,"lr":0.01551516,"code_temperature":0.55015,"masked_targets":512,"compute_seconds":11002.0473,"wall_seconds":11067.5499,"val_mlm_ce":5.387256}
HB [09:27:54] pretrain 12583 steps | disk free 38G | mem 2.8G/60G | {"step":5661,"ce":5.6747,"loss":5.680038,"lr":0.01551516,"code_temperature":0.55015,"masked_targets":512,"compute_seconds":11002.0473,"wall_seconds":11067.5499,"val_mlm_ce":5.387256}
HB [09:28:24] pretrain 12583 steps | disk free 38G | mem 2.8G/60G | {"step":5661,"ce":5.6747,"loss":5.680038,"lr":0.01551516,"code_temperature":0.55015,"masked_targets":512,"compute_seconds":11002.0473,"wall_seconds":11067.5499,"val_mlm_ce":5.387256}
HB [09:28:54] pretrain 12583 steps | disk free 38G | mem 2.8G/60G | {"step":5661,"ce":5.6747,"loss":5.680038,"lr":0.01551516,"code_temperature":0.55015,"masked_targets":512,"compute_seconds":11002.0473,"wall_seconds":11067.5499,"val_mlm_ce":5.387256}
HB [09:29:24] pretrain 12583 steps | disk free 38G | mem 2.8G/60G | {"step":5661,"ce":5.6747,"loss":5.680038,"lr":0.01551516,"code_temperature":0.55015,"masked_targets":512,"compute_seconds":11002.0473,"wall_seconds":11067.5499,"val_mlm_ce":5.387256}
HB [09:29:54] pretrain 12583 steps | disk free 38G | mem 2.8G/60G | {"step":5661,"ce":5.6747,"loss":5.680038,"lr":0.01551516,"code_temperature":0.55015,"masked_targets":512,"compute_seconds":11002.0473,"wall_seconds":11067.5499,"val_mlm_ce":5.387256}
HB [09:30:25] pretrain 12583 steps | disk free 38G | mem 2.8G/60G | {"step":5661,"ce":5.6747,"loss":5.680038,"lr":0.01551516,"code_temperature":0.55015,"masked_targets":512,"compute_seconds":11002.0473,"wall_seconds":11067.5499,"val_mlm_ce":5.387256}
HB [09:30:55] pretrain 12583 steps | disk free 38G | mem 2.8G/60G | {"step":5661,"ce":5.6747,"loss":5.680038,"lr":0.01551516,"code_temperature":0.55015,"masked_targets":512,"compute_seconds":11002.0473,"wall_seconds":11067.5499,"val_mlm_ce":5.387256}
HB [09:31:25] pretrain 12583 steps | disk free 38G | mem 2.8G/60G | {"step":5661,"ce":5.6747,"loss":5.680038,"lr":0.01551516,"code_temperature":0.55015,"masked_targets":512,"compute_seconds":11002.0473,"wall_seconds":11067.5499,"val_mlm_ce":5.387256}
HB [09:31:55] pretrain 12583 steps | disk free 38G | mem 2.8G/60G | {"step":5661,"ce":5.6747,"loss":5.680038,"lr":0.01551516,"code_temperature":0.55015,"masked_targets":512,"compute_seconds":11002.0473,"wall_seconds":11067.5499,"val_mlm_ce":5.387256}
HB [09:32:25] pretrain 12583 steps | disk free 38G | mem 2.8G/60G | {"step":5661,"ce":5.6747,"loss":5.680038,"lr":0.01551516,"code_temperature":0.55015,"masked_targets":512,"compute_seconds":11002.0473,"wall_seconds":11067.5499,"val_mlm_ce":5.387256}
HB [09:32:55] pretrain 12583 steps | disk free 38G | mem 2.8G/60G | {"step":5661,"ce":5.6747,"loss":5.680038,"lr":0.01551516,"code_temperature":0.55015,"masked_targets":512,"compute_seconds":11002.0473,"wall_seconds":11067.5499,"val_mlm_ce":5.387256}
HB [09:33:25] pretrain 12583 steps | disk free 38G | mem 2.8G/60G | {"step":5661,"ce":5.6747,"loss":5.680038,"lr":0.01551516,"code_temperature":0.55015,"masked_targets":512,"compute_seconds":11002.0473,"wall_seconds":11067.5499,"val_mlm_ce":5.387256}
HB [09:33:55] pretrain 12583 steps | disk free 38G | mem 2.8G/60G | {"step":5661,"ce":5.6747,"loss":5.680038,"lr":0.01551516,"code_temperature":0.55015,"masked_targets":512,"compute_seconds":11002.0473,"wall_seconds":11067.5499,"val_mlm_ce":5.387256}
HB [09:34:25] pretrain 12583 steps | disk free 38G | mem 2.8G/60G | {"step":5661,"ce":5.6747,"loss":5.680038,"lr":0.01551516,"code_temperature":0.55015,"masked_targets":512,"compute_seconds":11002.0473,"wall_seconds":11067.5499,"val_mlm_ce":5.387256}
HB [09:34:55] pretrain 12583 steps | disk free 38G | mem 2.8G/60G | {"step":5661,"ce":5.6747,"loss":5.680038,"lr":0.01551516,"code_temperature":0.55015,"masked_targets":512,"compute_seconds":11002.0473,"wall_seconds":11067.5499,"val_mlm_ce":5.387256}
HB [09:35:25] pretrain 12583 steps | disk free 38G | mem 2.8G/60G | {"step":5661,"ce":5.6747,"loss":5.680038,"lr":0.01551516,"code_temperature":0.55015,"masked_targets":512,"compute_seconds":11002.0473,"wall_seconds":11067.5499,"val_mlm_ce":5.387256}
HB [09:35:55] pretrain 12583 steps | disk free 38G | mem 2.8G/60G | {"step":5661,"ce":5.6747,"loss":5.680038,"lr":0.01551516,"code_temperature":0.55015,"masked_targets":512,"compute_seconds":11002.0473,"wall_seconds":11067.5499,"val_mlm_ce":5.387256}
HB [09:36:25] pretrain 12583 steps | disk free 38G | mem 2.8G/60G | {"step":5661,"ce":5.6747,"loss":5.680038,"lr":0.01551516,"code_temperature":0.55015,"masked_targets":512,"compute_seconds":11002.0473,"wall_seconds":11067.5499,"val_mlm_ce":5.387256}
HB [09:36:55] pretrain 12583 steps | disk free 38G | mem 2.8G/60G | {"step":5661,"ce":5.6747,"loss":5.680038,"lr":0.01551516,"code_temperature":0.55015,"masked_targets":512,"compute_seconds":11002.0473,"wall_seconds":11067.5499,"val_mlm_ce":5.387256}
HB [09:37:25] pretrain 12583 steps | disk free 38G | mem 2.8G/60G | {"step":5661,"ce":5.6747,"loss":5.680038,"lr":0.01551516,"code_temperature":0.55015,"masked_targets":512,"compute_seconds":11002.0473,"wall_seconds":11067.5499,"val_mlm_ce":5.387256}
HB [09:37:55] pretrain 12583 steps | disk free 38G | mem 2.8G/60G | {"step":5661,"ce":5.6747,"loss":5.680038,"lr":0.01551516,"code_temperature":0.55015,"masked_targets":512,"compute_seconds":11002.0473,"wall_seconds":11067.5499,"val_mlm_ce":5.387256}
HB [09:38:25] pretrain 12583 steps | disk free 38G | mem 2.8G/60G | {"step":5661,"ce":5.6747,"loss":5.680038,"lr":0.01551516,"code_temperature":0.55015,"masked_targets":512,"compute_seconds":11002.0473,"wall_seconds":11067.5499,"val_mlm_ce":5.387256}
HB [09:38:55] pretrain 12583 steps | disk free 38G | mem 2.8G/60G | {"step":5661,"ce":5.6747,"loss":5.680038,"lr":0.01551516,"code_temperature":0.55015,"masked_targets":512,"compute_seconds":11002.0473,"wall_seconds":11067.5499,"val_mlm_ce":5.387256}
HB [09:39:25] pretrain 12583 steps | disk free 38G | mem 2.8G/60G | {"step":5661,"ce":5.6747,"loss":5.680038,"lr":0.01551516,"code_temperature":0.55015,"masked_targets":512,"compute_seconds":11002.0473,"wall_seconds":11067.5499,"val_mlm_ce":5.387256}
HB [09:39:55] pretrain 12583 steps | disk free 38G | mem 2.8G/60G | {"step":5661,"ce":5.6747,"loss":5.680038,"lr":0.01551516,"code_temperature":0.55015,"masked_targets":512,"compute_seconds":11002.0473,"wall_seconds":11067.5499,"val_mlm_ce":5.387256}
HB [09:40:25] pretrain 12583 steps | disk free 38G | mem 2.8G/60G | {"step":5661,"ce":5.6747,"loss":5.680038,"lr":0.01551516,"code_temperature":0.55015,"masked_targets":512,"compute_seconds":11002.0473,"wall_seconds":11067.5499,"val_mlm_ce":5.387256}
HB [09:40:55] pretrain 12583 steps | disk free 38G | mem 2.8G/60G | {"step":5661,"ce":5.6747,"loss":5.680038,"lr":0.01551516,"code_temperature":0.55015,"masked_targets":512,"compute_seconds":11002.0473,"wall_seconds":11067.5499,"val_mlm_ce":5.387256}
HB [09:41:25] pretrain 12583 steps | disk free 38G | mem 2.8G/60G | {"step":5661,"ce":5.6747,"loss":5.680038,"lr":0.01551516,"code_temperature":0.55015,"masked_targets":512,"compute_seconds":11002.0473,"wall_seconds":11067.5499,"val_mlm_ce":5.387256}
HB [09:41:55] pretrain 12583 steps | disk free 38G | mem 2.8G/60G | {"step":5661,"ce":5.6747,"loss":5.680038,"lr":0.01551516,"code_temperature":0.55015,"masked_targets":512,"compute_seconds":11002.0473,"wall_seconds":11067.5499,"val_mlm_ce":5.387256}
HB [09:42:25] pretrain 12583 steps | disk free 38G | mem 2.8G/60G | {"step":5661,"ce":5.6747,"loss":5.680038,"lr":0.01551516,"code_temperature":0.55015,"masked_targets":512,"compute_seconds":11002.0473,"wall_seconds":11067.5499,"val_mlm_ce":5.387256}
HB [09:42:55] pretrain 12583 steps | disk free 38G | mem 2.8G/60G | {"step":5661,"ce":5.6747,"loss":5.680038,"lr":0.01551516,"code_temperature":0.55015,"masked_targets":512,"compute_seconds":11002.0473,"wall_seconds":11067.5499,"val_mlm_ce":5.387256}
HB [09:43:25] pretrain 12583 steps | disk free 38G | mem 2.8G/60G | {"step":5661,"ce":5.6747,"loss":5.680038,"lr":0.01551516,"code_temperature":0.55015,"masked_targets":512,"compute_seconds":11002.0473,"wall_seconds":11067.5499,"val_mlm_ce":5.387256}
HB [09:43:56] pretrain 12583 steps | disk free 38G | mem 2.8G/60G | {"step":6290,"ce":5.153128,"loss":5.158402,"lr":0.01375562,"code_temperature":0.50016,"masked_targets":512,"compute_seconds":12286.5997,"wall_seconds":12360.4936,"val_mlm_ce":5.357693}
HB [09:44:26] pretrain 12583 steps | disk free 38G | mem 2.8G/60G | {"step":6290,"ce":5.153128,"loss":5.158402,"lr":0.01375562,"code_temperature":0.50016,"masked_targets":512,"compute_seconds":12286.5997,"wall_seconds":12360.4936,"val_mlm_ce":5.357693}
HB [09:44:56] pretrain 12583 steps | disk free 38G | mem 2.8G/60G | {"step":6290,"ce":5.153128,"loss":5.158402,"lr":0.01375562,"code_temperature":0.50016,"masked_targets":512,"compute_seconds":12286.5997,"wall_seconds":12360.4936,"val_mlm_ce":5.357693}
HB [09:45:26] pretrain 12583 steps | disk free 38G | mem 2.8G/60G | {"step":6290,"ce":5.153128,"loss":5.158402,"lr":0.01375562,"code_temperature":0.50016,"masked_targets":512,"compute_seconds":12286.5997,"wall_seconds":12360.4936,"val_mlm_ce":5.357693}
HB [09:45:56] pretrain 12583 steps | disk free 38G | mem 2.8G/60G | {"step":6290,"ce":5.153128,"loss":5.158402,"lr":0.01375562,"code_temperature":0.50016,"masked_targets":512,"compute_seconds":12286.5997,"wall_seconds":12360.4936,"val_mlm_ce":5.357693}
HB [09:46:26] pretrain 12583 steps | disk free 38G | mem 2.8G/60G | {"step":6290,"ce":5.153128,"loss":5.158402,"lr":0.01375562,"code_temperature":0.50016,"masked_targets":512,"compute_seconds":12286.5997,"wall_seconds":12360.4936,"val_mlm_ce":5.357693}
HB [09:46:56] pretrain 12583 steps | disk free 38G | mem 2.8G/60G | {"step":6290,"ce":5.153128,"loss":5.158402,"lr":0.01375562,"code_temperature":0.50016,"masked_targets":512,"compute_seconds":12286.5997,"wall_seconds":12360.4936,"val_mlm_ce":5.357693}
HB [09:47:26] pretrain 12583 steps | disk free 38G | mem 2.8G/60G | {"step":6290,"ce":5.153128,"loss":5.158402,"lr":0.01375562,"code_temperature":0.50016,"masked_targets":512,"compute_seconds":12286.5997,"wall_seconds":12360.4936,"val_mlm_ce":5.357693}
HB [09:47:56] pretrain 12583 steps | disk free 38G | mem 2.8G/60G | {"step":6290,"ce":5.153128,"loss":5.158402,"lr":0.01375562,"code_temperature":0.50016,"masked_targets":512,"compute_seconds":12286.5997,"wall_seconds":12360.4936,"val_mlm_ce":5.357693}
HB [09:48:26] pretrain 12583 steps | disk free 38G | mem 2.8G/60G | {"step":6290,"ce":5.153128,"loss":5.158402,"lr":0.01375562,"code_temperature":0.50016,"masked_targets":512,"compute_seconds":12286.5997,"wall_seconds":12360.4936,"val_mlm_ce":5.357693}
HB [09:48:56] pretrain 12583 steps | disk free 38G | mem 2.8G/60G | {"step":6290,"ce":5.153128,"loss":5.158402,"lr":0.01375562,"code_temperature":0.50016,"masked_targets":512,"compute_seconds":12286.5997,"wall_seconds":12360.4936,"val_mlm_ce":5.357693}
HB [09:49:26] pretrain 12583 steps | disk free 38G | mem 2.8G/60G | {"step":6290,"ce":5.153128,"loss":5.158402,"lr":0.01375562,"code_temperature":0.50016,"masked_targets":512,"compute_seconds":12286.5997,"wall_seconds":12360.4936,"val_mlm_ce":5.357693}
HB [09:49:56] pretrain 12583 steps | disk free 38G | mem 2.8G/60G | {"step":6290,"ce":5.153128,"loss":5.158402,"lr":0.01375562,"code_temperature":0.50016,"masked_targets":512,"compute_seconds":12286.5997,"wall_seconds":12360.4936,"val_mlm_ce":5.357693}
HB [09:50:26] pretrain 12583 steps | disk free 38G | mem 2.8G/60G | {"step":6290,"ce":5.153128,"loss":5.158402,"lr":0.01375562,"code_temperature":0.50016,"masked_targets":512,"compute_seconds":12286.5997,"wall_seconds":12360.4936,"val_mlm_ce":5.357693}
HB [09:50:56] pretrain 12583 steps | disk free 38G | mem 2.8G/60G | {"step":6290,"ce":5.153128,"loss":5.158402,"lr":0.01375562,"code_temperature":0.50016,"masked_targets":512,"compute_seconds":12286.5997,"wall_seconds":12360.4936,"val_mlm_ce":5.357693}
HB [09:51:26] pretrain 12583 steps | disk free 38G | mem 2.8G/60G | {"step":6290,"ce":5.153128,"loss":5.158402,"lr":0.01375562,"code_temperature":0.50016,"masked_targets":512,"compute_seconds":12286.5997,"wall_seconds":12360.4936,"val_mlm_ce":5.357693}
HB [09:51:56] pretrain 12583 steps | disk free 38G | mem 2.8G/60G | {"step":6290,"ce":5.153128,"loss":5.158402,"lr":0.01375562,"code_temperature":0.50016,"masked_targets":512,"compute_seconds":12286.5997,"wall_seconds":12360.4936,"val_mlm_ce":5.357693}
HB [09:52:26] pretrain 12583 steps | disk free 38G | mem 2.8G/60G | {"step":6290,"ce":5.153128,"loss":5.158402,"lr":0.01375562,"code_temperature":0.50016,"masked_targets":512,"compute_seconds":12286.5997,"wall_seconds":12360.4936,"val_mlm_ce":5.357693}
HB [09:52:56] pretrain 12583 steps | disk free 38G | mem 2.8G/60G | {"step":6290,"ce":5.153128,"loss":5.158402,"lr":0.01375562,"code_temperature":0.50016,"masked_targets":512,"compute_seconds":12286.5997,"wall_seconds":12360.4936,"val_mlm_ce":5.357693}
HB [09:53:26] pretrain 12583 steps | disk free 38G | mem 2.8G/60G | {"step":6290,"ce":5.153128,"loss":5.158402,"lr":0.01375562,"code_temperature":0.50016,"masked_targets":512,"compute_seconds":12286.5997,"wall_seconds":12360.4936,"val_mlm_ce":5.357693}
HB [09:53:56] pretrain 12583 steps | disk free 38G | mem 2.8G/60G | {"step":6290,"ce":5.153128,"loss":5.158402,"lr":0.01375562,"code_temperature":0.50016,"masked_targets":512,"compute_seconds":12286.5997,"wall_seconds":12360.4936,"val_mlm_ce":5.357693}
HB [09:54:26] pretrain 12583 steps | disk free 38G | mem 2.8G/60G | {"step":6290,"ce":5.153128,"loss":5.158402,"lr":0.01375562,"code_temperature":0.50016,"masked_targets":512,"compute_seconds":12286.5997,"wall_seconds":12360.4936,"val_mlm_ce":5.357693}
HB [09:54:56] pretrain 12583 steps | disk free 38G | mem 2.8G/60G | {"step":6290,"ce":5.153128,"loss":5.158402,"lr":0.01375562,"code_temperature":0.50016,"masked_targets":512,"compute_seconds":12286.5997,"wall_seconds":12360.4936,"val_mlm_ce":5.357693}
HB [09:55:26] pretrain 12583 steps | disk free 38G | mem 2.8G/60G | {"step":6290,"ce":5.153128,"loss":5.158402,"lr":0.01375562,"code_temperature":0.50016,"masked_targets":512,"compute_seconds":12286.5997,"wall_seconds":12360.4936,"val_mlm_ce":5.357693}
HB [09:55:56] pretrain 12583 steps | disk free 38G | mem 2.8G/60G | {"step":6290,"ce":5.153128,"loss":5.158402,"lr":0.01375562,"code_temperature":0.50016,"masked_targets":512,"compute_seconds":12286.5997,"wall_seconds":12360.4936,"val_mlm_ce":5.357693}
HB [09:56:26] pretrain 12583 steps | disk free 38G | mem 2.8G/60G | {"step":6290,"ce":5.153128,"loss":5.158402,"lr":0.01375562,"code_temperature":0.50016,"masked_targets":512,"compute_seconds":12286.5997,"wall_seconds":12360.4936,"val_mlm_ce":5.357693}
HB [09:56:57] pretrain 12583 steps | disk free 38G | mem 2.8G/60G | {"step":6290,"ce":5.153128,"loss":5.158402,"lr":0.01375562,"code_temperature":0.50016,"masked_targets":512,"compute_seconds":12286.5997,"wall_seconds":12360.4936,"val_mlm_ce":5.357693}
HB [09:57:27] pretrain 12583 steps | disk free 38G | mem 2.8G/60G | {"step":6290,"ce":5.153128,"loss":5.158402,"lr":0.01375562,"code_temperature":0.50016,"masked_targets":512,"compute_seconds":12286.5997,"wall_seconds":12360.4936,"val_mlm_ce":5.357693}
HB [09:57:57] pretrain 12583 steps | disk free 38G | mem 2.8G/60G | {"step":6290,"ce":5.153128,"loss":5.158402,"lr":0.01375562,"code_temperature":0.50016,"masked_targets":512,"compute_seconds":12286.5997,"wall_seconds":12360.4936,"val_mlm_ce":5.357693}
HB [09:58:27] pretrain 12583 steps | disk free 38G | mem 2.8G/60G | {"step":6290,"ce":5.153128,"loss":5.158402,"lr":0.01375562,"code_temperature":0.50016,"masked_targets":512,"compute_seconds":12286.5997,"wall_seconds":12360.4936,"val_mlm_ce":5.357693}
HB [09:58:57] pretrain 12583 steps | disk free 38G | mem 2.8G/60G | {"step":6290,"ce":5.153128,"loss":5.158402,"lr":0.01375562,"code_temperature":0.50016,"masked_targets":512,"compute_seconds":12286.5997,"wall_seconds":12360.4936,"val_mlm_ce":5.357693}
HB [09:59:27] pretrain 12583 steps | disk free 38G | mem 2.8G/60G | {"step":6290,"ce":5.153128,"loss":5.158402,"lr":0.01375562,"code_temperature":0.50016,"masked_targets":512,"compute_seconds":12286.5997,"wall_seconds":12360.4936,"val_mlm_ce":5.357693}
HB [09:59:57] pretrain 12583 steps | disk free 38G | mem 2.8G/60G | {"step":6290,"ce":5.153128,"loss":5.158402,"lr":0.01375562,"code_temperature":0.50016,"masked_targets":512,"compute_seconds":12286.5997,"wall_seconds":12360.4936,"val_mlm_ce":5.357693}
HB [10:00:27] pretrain 12583 steps | disk free 38G | mem 2.8G/60G | {"step":6290,"ce":5.153128,"loss":5.158402,"lr":0.01375562,"code_temperature":0.50016,"masked_targets":512,"compute_seconds":12286.5997,"wall_seconds":12360.4936,"val_mlm_ce":5.357693}
HB [10:00:57] pretrain 12583 steps | disk free 38G | mem 2.8G/60G | {"step":6290,"ce":5.153128,"loss":5.158402,"lr":0.01375562,"code_temperature":0.50016,"masked_targets":512,"compute_seconds":12286.5997,"wall_seconds":12360.4936,"val_mlm_ce":5.357693}
HB [10:01:27] pretrain 12583 steps | disk free 38G | mem 2.8G/60G | {"step":6290,"ce":5.153128,"loss":5.158402,"lr":0.01375562,"code_temperature":0.50016,"masked_targets":512,"compute_seconds":12286.5997,"wall_seconds":12360.4936,"val_mlm_ce":5.357693}
HB [10:01:57] pretrain 12583 steps | disk free 38G | mem 2.8G/60G | {"step":6290,"ce":5.153128,"loss":5.158402,"lr":0.01375562,"code_temperature":0.50016,"masked_targets":512,"compute_seconds":12286.5997,"wall_seconds":12360.4936,"val_mlm_ce":5.357693}
HB [10:02:27] pretrain 12583 steps | disk free 38G | mem 2.8G/60G | {"step":6290,"ce":5.153128,"loss":5.158402,"lr":0.01375562,"code_temperature":0.50016,"masked_targets":512,"compute_seconds":12286.5997,"wall_seconds":12360.4936,"val_mlm_ce":5.357693}
HB [10:02:57] pretrain 12583 steps | disk free 38G | mem 2.8G/60G | {"step":6290,"ce":5.153128,"loss":5.158402,"lr":0.01375562,"code_temperature":0.50016,"masked_targets":512,"compute_seconds":12286.5997,"wall_seconds":12360.4936,"val_mlm_ce":5.357693}
HB [10:03:27] pretrain 12583 steps | disk free 38G | mem 2.8G/60G | {"step":6290,"ce":5.153128,"loss":5.158402,"lr":0.01375562,"code_temperature":0.50016,"masked_targets":512,"compute_seconds":12286.5997,"wall_seconds":12360.4936,"val_mlm_ce":5.357693}
HB [10:03:57] pretrain 12583 steps | disk free 38G | mem 2.8G/60G | {"step":6290,"ce":5.153128,"loss":5.158402,"lr":0.01375562,"code_temperature":0.50016,"masked_targets":512,"compute_seconds":12286.5997,"wall_seconds":12360.4936,"val_mlm_ce":5.357693}
HB [10:04:27] pretrain 12583 steps | disk free 38G | mem 3.1G/60G | {"step":6290,"ce":5.153128,"loss":5.158402,"lr":0.01375562,"code_temperature":0.50016,"masked_targets":512,"compute_seconds":12286.5997,"wall_seconds":12360.4936,"val_mlm_ce":5.357693}
HB [10:04:57] pretrain 12583 steps | disk free 38G | mem 2.8G/60G | {"step":6919,"ce":5.500164,"loss":5.505399,"lr":0.01199594,"code_temperature":0.45017,"masked_targets":512,"compute_seconds":13526.7904,"wall_seconds":13607.3498,"val_mlm_ce":5.345783}
HB [10:05:27] pretrain 12583 steps | disk free 38G | mem 2.8G/60G | {"step":6919,"ce":5.500164,"loss":5.505399,"lr":0.01199594,"code_temperature":0.45017,"masked_targets":512,"compute_seconds":13526.7904,"wall_seconds":13607.3498,"val_mlm_ce":5.345783}
HB [10:05:57] pretrain 12583 steps | disk free 38G | mem 2.8G/60G | {"step":6919,"ce":5.500164,"loss":5.505399,"lr":0.01199594,"code_temperature":0.45017,"masked_targets":512,"compute_seconds":13526.7904,"wall_seconds":13607.3498,"val_mlm_ce":5.345783}
HB [10:06:27] pretrain 12583 steps | disk free 38G | mem 2.8G/60G | {"step":6919,"ce":5.500164,"loss":5.505399,"lr":0.01199594,"code_temperature":0.45017,"masked_targets":512,"compute_seconds":13526.7904,"wall_seconds":13607.3498,"val_mlm_ce":5.345783}
HB [10:06:57] pretrain 12583 steps | disk free 38G | mem 2.8G/60G | {"step":6919,"ce":5.500164,"loss":5.505399,"lr":0.01199594,"code_temperature":0.45017,"masked_targets":512,"compute_seconds":13526.7904,"wall_seconds":13607.3498,"val_mlm_ce":5.345783}
HB [10:07:27] pretrain 12583 steps | disk free 38G | mem 2.8G/60G | {"step":6919,"ce":5.500164,"loss":5.505399,"lr":0.01199594,"code_temperature":0.45017,"masked_targets":512,"compute_seconds":13526.7904,"wall_seconds":13607.3498,"val_mlm_ce":5.345783}
HB [10:07:57] pretrain 12583 steps | disk free 38G | mem 2.8G/60G | {"step":6919,"ce":5.500164,"loss":5.505399,"lr":0.01199594,"code_temperature":0.45017,"masked_targets":512,"compute_seconds":13526.7904,"wall_seconds":13607.3498,"val_mlm_ce":5.345783}
HB [10:08:27] pretrain 12583 steps | disk free 38G | mem 2.8G/60G | {"step":6919,"ce":5.500164,"loss":5.505399,"lr":0.01199594,"code_temperature":0.45017,"masked_targets":512,"compute_seconds":13526.7904,"wall_seconds":13607.3498,"val_mlm_ce":5.345783}
HB [10:08:57] pretrain 12583 steps | disk free 38G | mem 2.8G/60G | {"step":6919,"ce":5.500164,"loss":5.505399,"lr":0.01199594,"code_temperature":0.45017,"masked_targets":512,"compute_seconds":13526.7904,"wall_seconds":13607.3498,"val_mlm_ce":5.345783}
HB [10:09:27] pretrain 12583 steps | disk free 38G | mem 2.8G/60G | {"step":6919,"ce":5.500164,"loss":5.505399,"lr":0.01199594,"code_temperature":0.45017,"masked_targets":512,"compute_seconds":13526.7904,"wall_seconds":13607.3498,"val_mlm_ce":5.345783}
HB [10:09:57] pretrain 12583 steps | disk free 38G | mem 2.8G/60G | {"step":6919,"ce":5.500164,"loss":5.505399,"lr":0.01199594,"code_temperature":0.45017,"masked_targets":512,"compute_seconds":13526.7904,"wall_seconds":13607.3498,"val_mlm_ce":5.345783}
HB [10:10:28] pretrain 12583 steps | disk free 38G | mem 2.8G/60G | {"step":6919,"ce":5.500164,"loss":5.505399,"lr":0.01199594,"code_temperature":0.45017,"masked_targets":512,"compute_seconds":13526.7904,"wall_seconds":13607.3498,"val_mlm_ce":5.345783}
HB [10:10:58] pretrain 12583 steps | disk free 38G | mem 2.8G/60G | {"step":6919,"ce":5.500164,"loss":5.505399,"lr":0.01199594,"code_temperature":0.45017,"masked_targets":512,"compute_seconds":13526.7904,"wall_seconds":13607.3498,"val_mlm_ce":5.345783}
HB [10:11:28] pretrain 12583 steps | disk free 38G | mem 2.8G/60G | {"step":6919,"ce":5.500164,"loss":5.505399,"lr":0.01199594,"code_temperature":0.45017,"masked_targets":512,"compute_seconds":13526.7904,"wall_seconds":13607.3498,"val_mlm_ce":5.345783}
HB [10:11:58] pretrain 12583 steps | disk free 38G | mem 2.8G/60G | {"step":6919,"ce":5.500164,"loss":5.505399,"lr":0.01199594,"code_temperature":0.45017,"masked_targets":512,"compute_seconds":13526.7904,"wall_seconds":13607.3498,"val_mlm_ce":5.345783}
HB [10:12:28] pretrain 12583 steps | disk free 38G | mem 2.8G/60G | {"step":6919,"ce":5.500164,"loss":5.505399,"lr":0.01199594,"code_temperature":0.45017,"masked_targets":512,"compute_seconds":13526.7904,"wall_seconds":13607.3498,"val_mlm_ce":5.345783}
HB [10:12:58] pretrain 12583 steps | disk free 38G | mem 2.8G/60G | {"step":6919,"ce":5.500164,"loss":5.505399,"lr":0.01199594,"code_temperature":0.45017,"masked_targets":512,"compute_seconds":13526.7904,"wall_seconds":13607.3498,"val_mlm_ce":5.345783}
HB [10:13:28] pretrain 12583 steps | disk free 38G | mem 2.8G/60G | {"step":6919,"ce":5.500164,"loss":5.505399,"lr":0.01199594,"code_temperature":0.45017,"masked_targets":512,"compute_seconds":13526.7904,"wall_seconds":13607.3498,"val_mlm_ce":5.345783}
HB [10:13:58] pretrain 12583 steps | disk free 38G | mem 2.8G/60G | {"step":6919,"ce":5.500164,"loss":5.505399,"lr":0.01199594,"code_temperature":0.45017,"masked_targets":512,"compute_seconds":13526.7904,"wall_seconds":13607.3498,"val_mlm_ce":5.345783}
HB [10:14:28] pretrain 12583 steps | disk free 38G | mem 2.8G/60G | {"step":6919,"ce":5.500164,"loss":5.505399,"lr":0.01199594,"code_temperature":0.45017,"masked_targets":512,"compute_seconds":13526.7904,"wall_seconds":13607.3498,"val_mlm_ce":5.345783}
HB [10:14:58] pretrain 12583 steps | disk free 38G | mem 2.8G/60G | {"step":6919,"ce":5.500164,"loss":5.505399,"lr":0.01199594,"code_temperature":0.45017,"masked_targets":512,"compute_seconds":13526.7904,"wall_seconds":13607.3498,"val_mlm_ce":5.345783}
HB [10:15:28] pretrain 12583 steps | disk free 38G | mem 2.8G/60G | {"step":6919,"ce":5.500164,"loss":5.505399,"lr":0.01199594,"code_temperature":0.45017,"masked_targets":512,"compute_seconds":13526.7904,"wall_seconds":13607.3498,"val_mlm_ce":5.345783}
HB [10:15:58] pretrain 12583 steps | disk free 38G | mem 2.8G/60G | {"step":6919,"ce":5.500164,"loss":5.505399,"lr":0.01199594,"code_temperature":0.45017,"masked_targets":512,"compute_seconds":13526.7904,"wall_seconds":13607.3498,"val_mlm_ce":5.345783}
HB [10:16:28] pretrain 12583 steps | disk free 38G | mem 2.8G/60G | {"step":6919,"ce":5.500164,"loss":5.505399,"lr":0.01199594,"code_temperature":0.45017,"masked_targets":512,"compute_seconds":13526.7904,"wall_seconds":13607.3498,"val_mlm_ce":5.345783}
HB [10:16:58] pretrain 12583 steps | disk free 38G | mem 2.8G/60G | {"step":6919,"ce":5.500164,"loss":5.505399,"lr":0.01199594,"code_temperature":0.45017,"masked_targets":512,"compute_seconds":13526.7904,"wall_seconds":13607.3498,"val_mlm_ce":5.345783}
HB [10:17:28] pretrain 12583 steps | disk free 38G | mem 2.8G/60G | {"step":6919,"ce":5.500164,"loss":5.505399,"lr":0.01199594,"code_temperature":0.45017,"masked_targets":512,"compute_seconds":13526.7904,"wall_seconds":13607.3498,"val_mlm_ce":5.345783}
HB [10:17:58] pretrain 12583 steps | disk free 38G | mem 2.8G/60G | {"step":6919,"ce":5.500164,"loss":5.505399,"lr":0.01199594,"code_temperature":0.45017,"masked_targets":512,"compute_seconds":13526.7904,"wall_seconds":13607.3498,"val_mlm_ce":5.345783}
HB [10:18:28] pretrain 12583 steps | disk free 38G | mem 2.8G/60G | {"step":6919,"ce":5.500164,"loss":5.505399,"lr":0.01199594,"code_temperature":0.45017,"masked_targets":512,"compute_seconds":13526.7904,"wall_seconds":13607.3498,"val_mlm_ce":5.345783}
HB [10:18:58] pretrain 12583 steps | disk free 38G | mem 2.8G/60G | {"step":6919,"ce":5.500164,"loss":5.505399,"lr":0.01199594,"code_temperature":0.45017,"masked_targets":512,"compute_seconds":13526.7904,"wall_seconds":13607.3498,"val_mlm_ce":5.345783}
HB [10:19:28] pretrain 12583 steps | disk free 38G | mem 2.8G/60G | {"step":6919,"ce":5.500164,"loss":5.505399,"lr":0.01199594,"code_temperature":0.45017,"masked_targets":512,"compute_seconds":13526.7904,"wall_seconds":13607.3498,"val_mlm_ce":5.345783}
HB [10:19:58] pretrain 12583 steps | disk free 38G | mem 2.8G/60G | {"step":6919,"ce":5.500164,"loss":5.505399,"lr":0.01199594,"code_temperature":0.45017,"masked_targets":512,"compute_seconds":13526.7904,"wall_seconds":13607.3498,"val_mlm_ce":5.345783}
HB [10:20:28] pretrain 12583 steps | disk free 38G | mem 2.8G/60G | {"step":6919,"ce":5.500164,"loss":5.505399,"lr":0.01199594,"code_temperature":0.45017,"masked_targets":512,"compute_seconds":13526.7904,"wall_seconds":13607.3498,"val_mlm_ce":5.345783}
HB [10:20:58] pretrain 12583 steps | disk free 38G | mem 2.8G/60G | {"step":6919,"ce":5.500164,"loss":5.505399,"lr":0.01199594,"code_temperature":0.45017,"masked_targets":512,"compute_seconds":13526.7904,"wall_seconds":13607.3498,"val_mlm_ce":5.345783}
HB [10:21:28] pretrain 12583 steps | disk free 38G | mem 2.8G/60G | {"step":6919,"ce":5.500164,"loss":5.505399,"lr":0.01199594,"code_temperature":0.45017,"masked_targets":512,"compute_seconds":13526.7904,"wall_seconds":13607.3498,"val_mlm_ce":5.345783}
HB [10:21:58] pretrain 12583 steps | disk free 38G | mem 2.8G/60G | {"step":6919,"ce":5.500164,"loss":5.505399,"lr":0.01199594,"code_temperature":0.45017,"masked_targets":512,"compute_seconds":13526.7904,"wall_seconds":13607.3498,"val_mlm_ce":5.345783}
HB [10:22:28] pretrain 12583 steps | disk free 38G | mem 2.8G/60G | {"step":6919,"ce":5.500164,"loss":5.505399,"lr":0.01199594,"code_temperature":0.45017,"masked_targets":512,"compute_seconds":13526.7904,"wall_seconds":13607.3498,"val_mlm_ce":5.345783}
HB [10:22:58] pretrain 12583 steps | disk free 38G | mem 2.8G/60G | {"step":6919,"ce":5.500164,"loss":5.505399,"lr":0.01199594,"code_temperature":0.45017,"masked_targets":512,"compute_seconds":13526.7904,"wall_seconds":13607.3498,"val_mlm_ce":5.345783}
HB [10:23:28] pretrain 12583 steps | disk free 38G | mem 2.8G/60G | {"step":6919,"ce":5.500164,"loss":5.505399,"lr":0.01199594,"code_temperature":0.45017,"masked_targets":512,"compute_seconds":13526.7904,"wall_seconds":13607.3498,"val_mlm_ce":5.345783}
HB [10:23:58] pretrain 12583 steps | disk free 38G | mem 2.8G/60G | {"step":6919,"ce":5.500164,"loss":5.505399,"lr":0.01199594,"code_temperature":0.45017,"masked_targets":512,"compute_seconds":13526.7904,"wall_seconds":13607.3498,"val_mlm_ce":5.345783}
HB [10:24:28] pretrain 12583 steps | disk free 38G | mem 2.8G/60G | {"step":6919,"ce":5.500164,"loss":5.505399,"lr":0.01199594,"code_temperature":0.45017,"masked_targets":512,"compute_seconds":13526.7904,"wall_seconds":13607.3498,"val_mlm_ce":5.345783}
HB [10:24:58] pretrain 12583 steps | disk free 38G | mem 2.8G/60G | {"step":6919,"ce":5.500164,"loss":5.505399,"lr":0.01199594,"code_temperature":0.45017,"masked_targets":512,"compute_seconds":13526.7904,"wall_seconds":13607.3498,"val_mlm_ce":5.345783}
HB [10:25:29] pretrain 12583 steps | disk free 38G | mem 2.8G/60G | {"step":6919,"ce":5.500164,"loss":5.505399,"lr":0.01199594,"code_temperature":0.45017,"masked_targets":512,"compute_seconds":13526.7904,"wall_seconds":13607.3498,"val_mlm_ce":5.345783}
HB [10:25:59] pretrain 12583 steps | disk free 38G | mem 2.8G/60G | {"step":6919,"ce":5.500164,"loss":5.505399,"lr":0.01199594,"code_temperature":0.45017,"masked_targets":512,"compute_seconds":13526.7904,"wall_seconds":13607.3498,"val_mlm_ce":5.345783}
HB [10:26:29] pretrain 12583 steps | disk free 38G | mem 2.8G/60G | {"step":6919,"ce":5.500164,"loss":5.505399,"lr":0.01199594,"code_temperature":0.45017,"masked_targets":512,"compute_seconds":13526.7904,"wall_seconds":13607.3498,"val_mlm_ce":5.345783}
HB [10:26:59] pretrain 12583 steps | disk free 38G | mem 2.8G/60G | {"step":7548,"ce":5.296871,"loss":5.302084,"lr":0.01027944,"code_temperature":0.40017,"masked_targets":512,"compute_seconds":14853.3209,"wall_seconds":14940.8258,"val_mlm_ce":5.331765}
HB [10:27:29] pretrain 12583 steps | disk free 38G | mem 2.8G/60G | {"step":7548,"ce":5.296871,"loss":5.302084,"lr":0.01027944,"code_temperature":0.40017,"masked_targets":512,"compute_seconds":14853.3209,"wall_seconds":14940.8258,"val_mlm_ce":5.331765}
HB [10:27:59] pretrain 12583 steps | disk free 38G | mem 2.8G/60G | {"step":7548,"ce":5.296871,"loss":5.302084,"lr":0.01027944,"code_temperature":0.40017,"masked_targets":512,"compute_seconds":14853.3209,"wall_seconds":14940.8258,"val_mlm_ce":5.331765}
HB [10:28:29] pretrain 12583 steps | disk free 38G | mem 2.8G/60G | {"step":7548,"ce":5.296871,"loss":5.302084,"lr":0.01027944,"code_temperature":0.40017,"masked_targets":512,"compute_seconds":14853.3209,"wall_seconds":14940.8258,"val_mlm_ce":5.331765}
HB [10:28:59] pretrain 12583 steps | disk free 38G | mem 2.8G/60G | {"step":7548,"ce":5.296871,"loss":5.302084,"lr":0.01027944,"code_temperature":0.40017,"masked_targets":512,"compute_seconds":14853.3209,"wall_seconds":14940.8258,"val_mlm_ce":5.331765}
HB [10:29:29] pretrain 12583 steps | disk free 38G | mem 2.8G/60G | {"step":7548,"ce":5.296871,"loss":5.302084,"lr":0.01027944,"code_temperature":0.40017,"masked_targets":512,"compute_seconds":14853.3209,"wall_seconds":14940.8258,"val_mlm_ce":5.331765}
HB [10:29:59] pretrain 12583 steps | disk free 38G | mem 2.8G/60G | {"step":7548,"ce":5.296871,"loss":5.302084,"lr":0.01027944,"code_temperature":0.40017,"masked_targets":512,"compute_seconds":14853.3209,"wall_seconds":14940.8258,"val_mlm_ce":5.331765}
HB [10:30:29] pretrain 12583 steps | disk free 38G | mem 2.8G/60G | {"step":7548,"ce":5.296871,"loss":5.302084,"lr":0.01027944,"code_temperature":0.40017,"masked_targets":512,"compute_seconds":14853.3209,"wall_seconds":14940.8258,"val_mlm_ce":5.331765}
HB [10:30:59] pretrain 12583 steps | disk free 38G | mem 2.8G/60G | {"step":7548,"ce":5.296871,"loss":5.302084,"lr":0.01027944,"code_temperature":0.40017,"masked_targets":512,"compute_seconds":14853.3209,"wall_seconds":14940.8258,"val_mlm_ce":5.331765}
HB [10:31:29] pretrain 12583 steps | disk free 38G | mem 2.8G/60G | {"step":7548,"ce":5.296871,"loss":5.302084,"lr":0.01027944,"code_temperature":0.40017,"masked_targets":512,"compute_seconds":14853.3209,"wall_seconds":14940.8258,"val_mlm_ce":5.331765}
HB [10:31:59] pretrain 12583 steps | disk free 38G | mem 2.8G/60G | {"step":7548,"ce":5.296871,"loss":5.302084,"lr":0.01027944,"code_temperature":0.40017,"masked_targets":512,"compute_seconds":14853.3209,"wall_seconds":14940.8258,"val_mlm_ce":5.331765}
HB [10:32:29] pretrain 12583 steps | disk free 38G | mem 2.8G/60G | {"step":7548,"ce":5.296871,"loss":5.302084,"lr":0.01027944,"code_temperature":0.40017,"masked_targets":512,"compute_seconds":14853.3209,"wall_seconds":14940.8258,"val_mlm_ce":5.331765}
HB [10:32:59] pretrain 12583 steps | disk free 38G | mem 2.8G/60G | {"step":7548,"ce":5.296871,"loss":5.302084,"lr":0.01027944,"code_temperature":0.40017,"masked_targets":512,"compute_seconds":14853.3209,"wall_seconds":14940.8258,"val_mlm_ce":5.331765}
HB [10:33:29] pretrain 12583 steps | disk free 38G | mem 2.8G/60G | {"step":7548,"ce":5.296871,"loss":5.302084,"lr":0.01027944,"code_temperature":0.40017,"masked_targets":512,"compute_seconds":14853.3209,"wall_seconds":14940.8258,"val_mlm_ce":5.331765}
HB [10:33:59] pretrain 12583 steps | disk free 38G | mem 2.8G/60G | {"step":7548,"ce":5.296871,"loss":5.302084,"lr":0.01027944,"code_temperature":0.40017,"masked_targets":512,"compute_seconds":14853.3209,"wall_seconds":14940.8258,"val_mlm_ce":5.331765}
HB [10:34:29] pretrain 12583 steps | disk free 38G | mem 2.8G/60G | {"step":7548,"ce":5.296871,"loss":5.302084,"lr":0.01027944,"code_temperature":0.40017,"masked_targets":512,"compute_seconds":14853.3209,"wall_seconds":14940.8258,"val_mlm_ce":5.331765}
HB [10:34:59] pretrain 12583 steps | disk free 38G | mem 2.8G/60G | {"step":7548,"ce":5.296871,"loss":5.302084,"lr":0.01027944,"code_temperature":0.40017,"masked_targets":512,"compute_seconds":14853.3209,"wall_seconds":14940.8258,"val_mlm_ce":5.331765}
HB [10:35:29] pretrain 12583 steps | disk free 38G | mem 2.8G/60G | {"step":7548,"ce":5.296871,"loss":5.302084,"lr":0.01027944,"code_temperature":0.40017,"masked_targets":512,"compute_seconds":14853.3209,"wall_seconds":14940.8258,"val_mlm_ce":5.331765}
HB [10:35:59] pretrain 12583 steps | disk free 38G | mem 2.8G/60G | {"step":7548,"ce":5.296871,"loss":5.302084,"lr":0.01027944,"code_temperature":0.40017,"masked_targets":512,"compute_seconds":14853.3209,"wall_seconds":14940.8258,"val_mlm_ce":5.331765}
HB [10:36:29] pretrain 12583 steps | disk free 38G | mem 2.8G/60G | {"step":7548,"ce":5.296871,"loss":5.302084,"lr":0.01027944,"code_temperature":0.40017,"masked_targets":512,"compute_seconds":14853.3209,"wall_seconds":14940.8258,"val_mlm_ce":5.331765}
HB [10:36:59] pretrain 12583 steps | disk free 38G | mem 2.8G/60G | {"step":7548,"ce":5.296871,"loss":5.302084,"lr":0.01027944,"code_temperature":0.40017,"masked_targets":512,"compute_seconds":14853.3209,"wall_seconds":14940.8258,"val_mlm_ce":5.331765}
HB [10:37:29] pretrain 12583 steps | disk free 38G | mem 2.8G/60G | {"step":7548,"ce":5.296871,"loss":5.302084,"lr":0.01027944,"code_temperature":0.40017,"masked_targets":512,"compute_seconds":14853.3209,"wall_seconds":14940.8258,"val_mlm_ce":5.331765}
HB [10:38:00] pretrain 12583 steps | disk free 38G | mem 2.8G/60G | {"step":7548,"ce":5.296871,"loss":5.302084,"lr":0.01027944,"code_temperature":0.40017,"masked_targets":512,"compute_seconds":14853.3209,"wall_seconds":14940.8258,"val_mlm_ce":5.331765}
HB [10:38:30] pretrain 12583 steps | disk free 38G | mem 2.8G/60G | {"step":7548,"ce":5.296871,"loss":5.302084,"lr":0.01027944,"code_temperature":0.40017,"masked_targets":512,"compute_seconds":14853.3209,"wall_seconds":14940.8258,"val_mlm_ce":5.331765}
HB [10:39:00] pretrain 12583 steps | disk free 38G | mem 2.8G/60G | {"step":7548,"ce":5.296871,"loss":5.302084,"lr":0.01027944,"code_temperature":0.40017,"masked_targets":512,"compute_seconds":14853.3209,"wall_seconds":14940.8258,"val_mlm_ce":5.331765}
HB [10:39:30] pretrain 12583 steps | disk free 38G | mem 2.8G/60G | {"step":7548,"ce":5.296871,"loss":5.302084,"lr":0.01027944,"code_temperature":0.40017,"masked_targets":512,"compute_seconds":14853.3209,"wall_seconds":14940.8258,"val_mlm_ce":5.331765}
HB [10:40:00] pretrain 12583 steps | disk free 38G | mem 2.8G/60G | {"step":7548,"ce":5.296871,"loss":5.302084,"lr":0.01027944,"code_temperature":0.40017,"masked_targets":512,"compute_seconds":14853.3209,"wall_seconds":14940.8258,"val_mlm_ce":5.331765}
HB [10:40:30] pretrain 12583 steps | disk free 38G | mem 2.8G/60G | {"step":7548,"ce":5.296871,"loss":5.302084,"lr":0.01027944,"code_temperature":0.40017,"masked_targets":512,"compute_seconds":14853.3209,"wall_seconds":14940.8258,"val_mlm_ce":5.331765}
HB [10:41:00] pretrain 12583 steps | disk free 38G | mem 2.8G/60G | {"step":7548,"ce":5.296871,"loss":5.302084,"lr":0.01027944,"code_temperature":0.40017,"masked_targets":512,"compute_seconds":14853.3209,"wall_seconds":14940.8258,"val_mlm_ce":5.331765}
HB [10:41:30] pretrain 12583 steps | disk free 38G | mem 2.8G/60G | {"step":7548,"ce":5.296871,"loss":5.302084,"lr":0.01027944,"code_temperature":0.40017,"masked_targets":512,"compute_seconds":14853.3209,"wall_seconds":14940.8258,"val_mlm_ce":5.331765}
HB [10:42:00] pretrain 12583 steps | disk free 38G | mem 2.8G/60G | {"step":7548,"ce":5.296871,"loss":5.302084,"lr":0.01027944,"code_temperature":0.40017,"masked_targets":512,"compute_seconds":14853.3209,"wall_seconds":14940.8258,"val_mlm_ce":5.331765}
HB [10:42:30] pretrain 12583 steps | disk free 38G | mem 2.8G/60G | {"step":7548,"ce":5.296871,"loss":5.302084,"lr":0.01027944,"code_temperature":0.40017,"masked_targets":512,"compute_seconds":14853.3209,"wall_seconds":14940.8258,"val_mlm_ce":5.331765}
HB [10:43:00] pretrain 12583 steps | disk free 38G | mem 2.8G/60G | {"step":7548,"ce":5.296871,"loss":5.302084,"lr":0.01027944,"code_temperature":0.40017,"masked_targets":512,"compute_seconds":14853.3209,"wall_seconds":14940.8258,"val_mlm_ce":5.331765}
HB [10:43:30] pretrain 12583 steps | disk free 38G | mem 2.8G/60G | {"step":7548,"ce":5.296871,"loss":5.302084,"lr":0.01027944,"code_temperature":0.40017,"masked_targets":512,"compute_seconds":14853.3209,"wall_seconds":14940.8258,"val_mlm_ce":5.331765}
HB [10:44:00] pretrain 12583 steps | disk free 38G | mem 2.8G/60G | {"step":7548,"ce":5.296871,"loss":5.302084,"lr":0.01027944,"code_temperature":0.40017,"masked_targets":512,"compute_seconds":14853.3209,"wall_seconds":14940.8258,"val_mlm_ce":5.331765}
HB [10:44:30] pretrain 12583 steps | disk free 38G | mem 2.8G/60G | {"step":7548,"ce":5.296871,"loss":5.302084,"lr":0.01027944,"code_temperature":0.40017,"masked_targets":512,"compute_seconds":14853.3209,"wall_seconds":14940.8258,"val_mlm_ce":5.331765}
HB [10:45:00] pretrain 12583 steps | disk free 38G | mem 2.8G/60G | {"step":7548,"ce":5.296871,"loss":5.302084,"lr":0.01027944,"code_temperature":0.40017,"masked_targets":512,"compute_seconds":14853.3209,"wall_seconds":14940.8258,"val_mlm_ce":5.331765}
HB [10:45:30] pretrain 12583 steps | disk free 38G | mem 2.8G/60G | {"step":7548,"ce":5.296871,"loss":5.302084,"lr":0.01027944,"code_temperature":0.40017,"masked_targets":512,"compute_seconds":14853.3209,"wall_seconds":14940.8258,"val_mlm_ce":5.331765}
HB [10:46:00] pretrain 12583 steps | disk free 38G | mem 2.8G/60G | {"step":7548,"ce":5.296871,"loss":5.302084,"lr":0.01027944,"code_temperature":0.40017,"masked_targets":512,"compute_seconds":14853.3209,"wall_seconds":14940.8258,"val_mlm_ce":5.331765}
HB [10:46:30] pretrain 12583 steps | disk free 38G | mem 2.8G/60G | {"step":8177,"ce":5.216936,"loss":5.22214,"lr":0.008648364,"code_temperature":0.35018,"masked_targets":512,"compute_seconds":16020.3255,"wall_seconds":16114.3150,"val_mlm_ce":5.31842}
HB [10:47:00] pretrain 12583 steps | disk free 38G | mem 2.8G/60G | {"step":8177,"ce":5.216936,"loss":5.22214,"lr":0.008648364,"code_temperature":0.35018,"masked_targets":512,"compute_seconds":16020.3255,"wall_seconds":16114.3150,"val_mlm_ce":5.31842}
HB [10:47:30] pretrain 12583 steps | disk free 38G | mem 2.8G/60G | {"step":8177,"ce":5.216936,"loss":5.22214,"lr":0.008648364,"code_temperature":0.35018,"masked_targets":512,"compute_seconds":16020.3255,"wall_seconds":16114.3150,"val_mlm_ce":5.31842}
HB [10:48:00] pretrain 12583 steps | disk free 38G | mem 2.8G/60G | {"step":8177,"ce":5.216936,"loss":5.22214,"lr":0.008648364,"code_temperature":0.35018,"masked_targets":512,"compute_seconds":16020.3255,"wall_seconds":16114.3150,"val_mlm_ce":5.31842}
HB [10:48:30] pretrain 12583 steps | disk free 38G | mem 2.8G/60G | {"step":8177,"ce":5.216936,"loss":5.22214,"lr":0.008648364,"code_temperature":0.35018,"masked_targets":512,"compute_seconds":16020.3255,"wall_seconds":16114.3150,"val_mlm_ce":5.31842}
HB [10:49:00] pretrain 12583 steps | disk free 38G | mem 2.8G/60G | {"step":8177,"ce":5.216936,"loss":5.22214,"lr":0.008648364,"code_temperature":0.35018,"masked_targets":512,"compute_seconds":16020.3255,"wall_seconds":16114.3150,"val_mlm_ce":5.31842}
HB [10:49:30] pretrain 12583 steps | disk free 38G | mem 2.8G/60G | {"step":8177,"ce":5.216936,"loss":5.22214,"lr":0.008648364,"code_temperature":0.35018,"masked_targets":512,"compute_seconds":16020.3255,"wall_seconds":16114.3150,"val_mlm_ce":5.31842}
HB [10:50:01] pretrain 12583 steps | disk free 38G | mem 2.8G/60G | {"step":8177,"ce":5.216936,"loss":5.22214,"lr":0.008648364,"code_temperature":0.35018,"masked_targets":512,"compute_seconds":16020.3255,"wall_seconds":16114.3150,"val_mlm_ce":5.31842}
HB [10:50:31] pretrain 12583 steps | disk free 38G | mem 2.8G/60G | {"step":8177,"ce":5.216936,"loss":5.22214,"lr":0.008648364,"code_temperature":0.35018,"masked_targets":512,"compute_seconds":16020.3255,"wall_seconds":16114.3150,"val_mlm_ce":5.31842}
HB [10:51:01] pretrain 12583 steps | disk free 38G | mem 2.8G/60G | {"step":8177,"ce":5.216936,"loss":5.22214,"lr":0.008648364,"code_temperature":0.35018,"masked_targets":512,"compute_seconds":16020.3255,"wall_seconds":16114.3150,"val_mlm_ce":5.31842}
HB [10:51:31] pretrain 12583 steps | disk free 38G | mem 2.8G/60G | {"step":8177,"ce":5.216936,"loss":5.22214,"lr":0.008648364,"code_temperature":0.35018,"masked_targets":512,"compute_seconds":16020.3255,"wall_seconds":16114.3150,"val_mlm_ce":5.31842}
HB [10:52:01] pretrain 12583 steps | disk free 38G | mem 2.8G/60G | {"step":8177,"ce":5.216936,"loss":5.22214,"lr":0.008648364,"code_temperature":0.35018,"masked_targets":512,"compute_seconds":16020.3255,"wall_seconds":16114.3150,"val_mlm_ce":5.31842}
HB [10:52:31] pretrain 12583 steps | disk free 38G | mem 2.8G/60G | {"step":8177,"ce":5.216936,"loss":5.22214,"lr":0.008648364,"code_temperature":0.35018,"masked_targets":512,"compute_seconds":16020.3255,"wall_seconds":16114.3150,"val_mlm_ce":5.31842}
HB [10:53:01] pretrain 12583 steps | disk free 38G | mem 2.8G/60G | {"step":8177,"ce":5.216936,"loss":5.22214,"lr":0.008648364,"code_temperature":0.35018,"masked_targets":512,"compute_seconds":16020.3255,"wall_seconds":16114.3150,"val_mlm_ce":5.31842}
HB [10:53:31] pretrain 12583 steps | disk free 38G | mem 2.8G/60G | {"step":8177,"ce":5.216936,"loss":5.22214,"lr":0.008648364,"code_temperature":0.35018,"masked_targets":512,"compute_seconds":16020.3255,"wall_seconds":16114.3150,"val_mlm_ce":5.31842}
HB [10:54:01] pretrain 12583 steps | disk free 38G | mem 2.8G/60G | {"step":8177,"ce":5.216936,"loss":5.22214,"lr":0.008648364,"code_temperature":0.35018,"masked_targets":512,"compute_seconds":16020.3255,"wall_seconds":16114.3150,"val_mlm_ce":5.31842}
HB [10:54:31] pretrain 12583 steps | disk free 38G | mem 2.8G/60G | {"step":8177,"ce":5.216936,"loss":5.22214,"lr":0.008648364,"code_temperature":0.35018,"masked_targets":512,"compute_seconds":16020.3255,"wall_seconds":16114.3150,"val_mlm_ce":5.31842}
HB [10:55:01] pretrain 12583 steps | disk free 38G | mem 2.8G/60G | {"step":8177,"ce":5.216936,"loss":5.22214,"lr":0.008648364,"code_temperature":0.35018,"masked_targets":512,"compute_seconds":16020.3255,"wall_seconds":16114.3150,"val_mlm_ce":5.31842}
HB [10:55:31] pretrain 12583 steps | disk free 38G | mem 2.8G/60G | {"step":8177,"ce":5.216936,"loss":5.22214,"lr":0.008648364,"code_temperature":0.35018,"masked_targets":512,"compute_seconds":16020.3255,"wall_seconds":16114.3150,"val_mlm_ce":5.31842}
HB [10:56:01] pretrain 12583 steps | disk free 38G | mem 2.8G/60G | {"step":8177,"ce":5.216936,"loss":5.22214,"lr":0.008648364,"code_temperature":0.35018,"masked_targets":512,"compute_seconds":16020.3255,"wall_seconds":16114.3150,"val_mlm_ce":5.31842}
HB [10:56:31] pretrain 12583 steps | disk free 38G | mem 2.8G/60G | {"step":8177,"ce":5.216936,"loss":5.22214,"lr":0.008648364,"code_temperature":0.35018,"masked_targets":512,"compute_seconds":16020.3255,"wall_seconds":16114.3150,"val_mlm_ce":5.31842}
HB [10:57:01] pretrain 12583 steps | disk free 38G | mem 2.8G/60G | {"step":8177,"ce":5.216936,"loss":5.22214,"lr":0.008648364,"code_temperature":0.35018,"masked_targets":512,"compute_seconds":16020.3255,"wall_seconds":16114.3150,"val_mlm_ce":5.31842}
HB [10:57:31] pretrain 12583 steps | disk free 38G | mem 2.8G/60G | {"step":8177,"ce":5.216936,"loss":5.22214,"lr":0.008648364,"code_temperature":0.35018,"masked_targets":512,"compute_seconds":16020.3255,"wall_seconds":16114.3150,"val_mlm_ce":5.31842}
HB [10:58:01] pretrain 12583 steps | disk free 38G | mem 2.8G/60G | {"step":8177,"ce":5.216936,"loss":5.22214,"lr":0.008648364,"code_temperature":0.35018,"masked_targets":512,"compute_seconds":16020.3255,"wall_seconds":16114.3150,"val_mlm_ce":5.31842}
HB [10:58:31] pretrain 12583 steps | disk free 38G | mem 2.8G/60G | {"step":8177,"ce":5.216936,"loss":5.22214,"lr":0.008648364,"code_temperature":0.35018,"masked_targets":512,"compute_seconds":16020.3255,"wall_seconds":16114.3150,"val_mlm_ce":5.31842}
HB [10:59:01] pretrain 12583 steps | disk free 38G | mem 2.8G/60G | {"step":8177,"ce":5.216936,"loss":5.22214,"lr":0.008648364,"code_temperature":0.35018,"masked_targets":512,"compute_seconds":16020.3255,"wall_seconds":16114.3150,"val_mlm_ce":5.31842}
HB [10:59:31] pretrain 12583 steps | disk free 38G | mem 2.8G/60G | {"step":8177,"ce":5.216936,"loss":5.22214,"lr":0.008648364,"code_temperature":0.35018,"masked_targets":512,"compute_seconds":16020.3255,"wall_seconds":16114.3150,"val_mlm_ce":5.31842}
HB [11:00:01] pretrain 12583 steps | disk free 38G | mem 2.8G/60G | {"step":8177,"ce":5.216936,"loss":5.22214,"lr":0.008648364,"code_temperature":0.35018,"masked_targets":512,"compute_seconds":16020.3255,"wall_seconds":16114.3150,"val_mlm_ce":5.31842}
HB [11:00:31] pretrain 12583 steps | disk free 38G | mem 2.8G/60G | {"step":8177,"ce":5.216936,"loss":5.22214,"lr":0.008648364,"code_temperature":0.35018,"masked_targets":512,"compute_seconds":16020.3255,"wall_seconds":16114.3150,"val_mlm_ce":5.31842}
HB [11:01:01] pretrain 12583 steps | disk free 38G | mem 2.8G/60G | {"step":8177,"ce":5.216936,"loss":5.22214,"lr":0.008648364,"code_temperature":0.35018,"masked_targets":512,"compute_seconds":16020.3255,"wall_seconds":16114.3150,"val_mlm_ce":5.31842}
HB [11:01:31] pretrain 12583 steps | disk free 38G | mem 2.8G/60G | {"step":8177,"ce":5.216936,"loss":5.22214,"lr":0.008648364,"code_temperature":0.35018,"masked_targets":512,"compute_seconds":16020.3255,"wall_seconds":16114.3150,"val_mlm_ce":5.31842}
HB [11:02:01] pretrain 12583 steps | disk free 38G | mem 2.8G/60G | {"step":8177,"ce":5.216936,"loss":5.22214,"lr":0.008648364,"code_temperature":0.35018,"masked_targets":512,"compute_seconds":16020.3255,"wall_seconds":16114.3150,"val_mlm_ce":5.31842}
HB [11:02:31] pretrain 12583 steps | disk free 38G | mem 2.8G/60G | {"step":8177,"ce":5.216936,"loss":5.22214,"lr":0.008648364,"code_temperature":0.35018,"masked_targets":512,"compute_seconds":16020.3255,"wall_seconds":16114.3150,"val_mlm_ce":5.31842}
HB [11:03:02] pretrain 12583 steps | disk free 38G | mem 2.8G/60G | {"step":8177,"ce":5.216936,"loss":5.22214,"lr":0.008648364,"code_temperature":0.35018,"masked_targets":512,"compute_seconds":16020.3255,"wall_seconds":16114.3150,"val_mlm_ce":5.31842}
HB [11:03:32] pretrain 12583 steps | disk free 38G | mem 2.8G/60G | {"step":8177,"ce":5.216936,"loss":5.22214,"lr":0.008648364,"code_temperature":0.35018,"masked_targets":512,"compute_seconds":16020.3255,"wall_seconds":16114.3150,"val_mlm_ce":5.31842}
HB [11:04:02] pretrain 12583 steps | disk free 38G | mem 2.8G/60G | {"step":8177,"ce":5.216936,"loss":5.22214,"lr":0.008648364,"code_temperature":0.35018,"masked_targets":512,"compute_seconds":16020.3255,"wall_seconds":16114.3150,"val_mlm_ce":5.31842}
HB [11:04:32] pretrain 12583 steps | disk free 38G | mem 2.8G/60G | {"step":8177,"ce":5.216936,"loss":5.22214,"lr":0.008648364,"code_temperature":0.35018,"masked_targets":512,"compute_seconds":16020.3255,"wall_seconds":16114.3150,"val_mlm_ce":5.31842}
HB [11:05:02] pretrain 12583 steps | disk free 38G | mem 2.8G/60G | {"step":8177,"ce":5.216936,"loss":5.22214,"lr":0.008648364,"code_temperature":0.35018,"masked_targets":512,"compute_seconds":16020.3255,"wall_seconds":16114.3150,"val_mlm_ce":5.31842}
HB [11:05:32] pretrain 12583 steps | disk free 38G | mem 2.8G/60G | {"step":8177,"ce":5.216936,"loss":5.22214,"lr":0.008648364,"code_temperature":0.35018,"masked_targets":512,"compute_seconds":16020.3255,"wall_seconds":16114.3150,"val_mlm_ce":5.31842}
HB [11:06:02] pretrain 12583 steps | disk free 38G | mem 2.8G/60G | {"step":8177,"ce":5.216936,"loss":5.22214,"lr":0.008648364,"code_temperature":0.35018,"masked_targets":512,"compute_seconds":16020.3255,"wall_seconds":16114.3150,"val_mlm_ce":5.31842}
HB [11:06:32] pretrain 12583 steps | disk free 38G | mem 3.1G/60G | {"step":8177,"ce":5.216936,"loss":5.22214,"lr":0.008648364,"code_temperature":0.35018,"masked_targets":512,"compute_seconds":16020.3255,"wall_seconds":16114.3150,"val_mlm_ce":5.31842}
HB [11:07:02] pretrain 12583 steps | disk free 38G | mem 2.8G/60G | {"step":8806,"ce":5.458883,"loss":5.464085,"lr":0.007142871,"code_temperature":0.30019,"masked_targets":512,"compute_seconds":17236.1240,"wall_seconds":17336.6022,"val_mlm_ce":5.310732}
HB [11:07:32] pretrain 12583 steps | disk free 38G | mem 2.8G/60G | {"step":8806,"ce":5.458883,"loss":5.464085,"lr":0.007142871,"code_temperature":0.30019,"masked_targets":512,"compute_seconds":17236.1240,"wall_seconds":17336.6022,"val_mlm_ce":5.310732}
HB [11:08:02] pretrain 12583 steps | disk free 38G | mem 2.8G/60G | {"step":8806,"ce":5.458883,"loss":5.464085,"lr":0.007142871,"code_temperature":0.30019,"masked_targets":512,"compute_seconds":17236.1240,"wall_seconds":17336.6022,"val_mlm_ce":5.310732}
HB [11:08:32] pretrain 12583 steps | disk free 38G | mem 2.8G/60G | {"step":8806,"ce":5.458883,"loss":5.464085,"lr":0.007142871,"code_temperature":0.30019,"masked_targets":512,"compute_seconds":17236.1240,"wall_seconds":17336.6022,"val_mlm_ce":5.310732}
HB [11:09:02] pretrain 12583 steps | disk free 38G | mem 2.8G/60G | {"step":8806,"ce":5.458883,"loss":5.464085,"lr":0.007142871,"code_temperature":0.30019,"masked_targets":512,"compute_seconds":17236.1240,"wall_seconds":17336.6022,"val_mlm_ce":5.310732}
HB [11:09:32] pretrain 12583 steps | disk free 38G | mem 2.8G/60G | {"step":8806,"ce":5.458883,"loss":5.464085,"lr":0.007142871,"code_temperature":0.30019,"masked_targets":512,"compute_seconds":17236.1240,"wall_seconds":17336.6022,"val_mlm_ce":5.310732}
HB [11:10:02] pretrain 12583 steps | disk free 38G | mem 2.8G/60G | {"step":8806,"ce":5.458883,"loss":5.464085,"lr":0.007142871,"code_temperature":0.30019,"masked_targets":512,"compute_seconds":17236.1240,"wall_seconds":17336.6022,"val_mlm_ce":5.310732}
HB [11:10:32] pretrain 12583 steps | disk free 38G | mem 2.8G/60G | {"step":8806,"ce":5.458883,"loss":5.464085,"lr":0.007142871,"code_temperature":0.30019,"masked_targets":512,"compute_seconds":17236.1240,"wall_seconds":17336.6022,"val_mlm_ce":5.310732}
HB [11:11:02] pretrain 12583 steps | disk free 38G | mem 2.8G/60G | {"step":8806,"ce":5.458883,"loss":5.464085,"lr":0.007142871,"code_temperature":0.30019,"masked_targets":512,"compute_seconds":17236.1240,"wall_seconds":17336.6022,"val_mlm_ce":5.310732}
HB [11:11:32] pretrain 12583 steps | disk free 38G | mem 2.8G/60G | {"step":8806,"ce":5.458883,"loss":5.464085,"lr":0.007142871,"code_temperature":0.30019,"masked_targets":512,"compute_seconds":17236.1240,"wall_seconds":17336.6022,"val_mlm_ce":5.310732}
HB [11:12:02] pretrain 12583 steps | disk free 38G | mem 2.8G/60G | {"step":8806,"ce":5.458883,"loss":5.464085,"lr":0.007142871,"code_temperature":0.30019,"masked_targets":512,"compute_seconds":17236.1240,"wall_seconds":17336.6022,"val_mlm_ce":5.310732}
HB [11:12:32] pretrain 12583 steps | disk free 38G | mem 2.8G/60G | {"step":8806,"ce":5.458883,"loss":5.464085,"lr":0.007142871,"code_temperature":0.30019,"masked_targets":512,"compute_seconds":17236.1240,"wall_seconds":17336.6022,"val_mlm_ce":5.310732}
HB [11:13:02] pretrain 12583 steps | disk free 38G | mem 2.8G/60G | {"step":8806,"ce":5.458883,"loss":5.464085,"lr":0.007142871,"code_temperature":0.30019,"masked_targets":512,"compute_seconds":17236.1240,"wall_seconds":17336.6022,"val_mlm_ce":5.310732}
HB [11:13:32] pretrain 12583 steps | disk free 38G | mem 2.8G/60G | {"step":8806,"ce":5.458883,"loss":5.464085,"lr":0.007142871,"code_temperature":0.30019,"masked_targets":512,"compute_seconds":17236.1240,"wall_seconds":17336.6022,"val_mlm_ce":5.310732}
HB [11:14:02] pretrain 12583 steps | disk free 38G | mem 2.8G/60G | {"step":8806,"ce":5.458883,"loss":5.464085,"lr":0.007142871,"code_temperature":0.30019,"masked_targets":512,"compute_seconds":17236.1240,"wall_seconds":17336.6022,"val_mlm_ce":5.310732}
HB [11:14:32] pretrain 12583 steps | disk free 38G | mem 2.8G/60G | {"step":8806,"ce":5.458883,"loss":5.464085,"lr":0.007142871,"code_temperature":0.30019,"masked_targets":512,"compute_seconds":17236.1240,"wall_seconds":17336.6022,"val_mlm_ce":5.310732}
HB [11:15:02] pretrain 12583 steps | disk free 38G | mem 2.8G/60G | {"step":8806,"ce":5.458883,"loss":5.464085,"lr":0.007142871,"code_temperature":0.30019,"masked_targets":512,"compute_seconds":17236.1240,"wall_seconds":17336.6022,"val_mlm_ce":5.310732}
HB [11:15:32] pretrain 12583 steps | disk free 38G | mem 2.8G/60G | {"step":8806,"ce":5.458883,"loss":5.464085,"lr":0.007142871,"code_temperature":0.30019,"masked_targets":512,"compute_seconds":17236.1240,"wall_seconds":17336.6022,"val_mlm_ce":5.310732}
HB [11:16:03] pretrain 12583 steps | disk free 38G | mem 2.8G/60G | {"step":8806,"ce":5.458883,"loss":5.464085,"lr":0.007142871,"code_temperature":0.30019,"masked_targets":512,"compute_seconds":17236.1240,"wall_seconds":17336.6022,"val_mlm_ce":5.310732}
HB [11:16:33] pretrain 12583 steps | disk free 38G | mem 2.8G/60G | {"step":8806,"ce":5.458883,"loss":5.464085,"lr":0.007142871,"code_temperature":0.30019,"masked_targets":512,"compute_seconds":17236.1240,"wall_seconds":17336.6022,"val_mlm_ce":5.310732}
HB [11:17:03] pretrain 12583 steps | disk free 38G | mem 2.8G/60G | {"step":8806,"ce":5.458883,"loss":5.464085,"lr":0.007142871,"code_temperature":0.30019,"masked_targets":512,"compute_seconds":17236.1240,"wall_seconds":17336.6022,"val_mlm_ce":5.310732}
HB [11:17:33] pretrain 12583 steps | disk free 38G | mem 2.8G/60G | {"step":8806,"ce":5.458883,"loss":5.464085,"lr":0.007142871,"code_temperature":0.30019,"masked_targets":512,"compute_seconds":17236.1240,"wall_seconds":17336.6022,"val_mlm_ce":5.310732}
HB [11:18:03] pretrain 12583 steps | disk free 38G | mem 2.8G/60G | {"step":8806,"ce":5.458883,"loss":5.464085,"lr":0.007142871,"code_temperature":0.30019,"masked_targets":512,"compute_seconds":17236.1240,"wall_seconds":17336.6022,"val_mlm_ce":5.310732}
HB [11:18:33] pretrain 12583 steps | disk free 38G | mem 2.8G/60G | {"step":8806,"ce":5.458883,"loss":5.464085,"lr":0.007142871,"code_temperature":0.30019,"masked_targets":512,"compute_seconds":17236.1240,"wall_seconds":17336.6022,"val_mlm_ce":5.310732}
HB [11:19:03] pretrain 12583 steps | disk free 38G | mem 2.8G/60G | {"step":8806,"ce":5.458883,"loss":5.464085,"lr":0.007142871,"code_temperature":0.30019,"masked_targets":512,"compute_seconds":17236.1240,"wall_seconds":17336.6022,"val_mlm_ce":5.310732}
HB [11:19:33] pretrain 12583 steps | disk free 38G | mem 2.8G/60G | {"step":8806,"ce":5.458883,"loss":5.464085,"lr":0.007142871,"code_temperature":0.30019,"masked_targets":512,"compute_seconds":17236.1240,"wall_seconds":17336.6022,"val_mlm_ce":5.310732}
HB [11:20:03] pretrain 12583 steps | disk free 38G | mem 2.8G/60G | {"step":8806,"ce":5.458883,"loss":5.464085,"lr":0.007142871,"code_temperature":0.30019,"masked_targets":512,"compute_seconds":17236.1240,"wall_seconds":17336.6022,"val_mlm_ce":5.310732}
HB [11:20:33] pretrain 12583 steps | disk free 38G | mem 2.8G/60G | {"step":8806,"ce":5.458883,"loss":5.464085,"lr":0.007142871,"code_temperature":0.30019,"masked_targets":512,"compute_seconds":17236.1240,"wall_seconds":17336.6022,"val_mlm_ce":5.310732}
HB [11:21:03] pretrain 12583 steps | disk free 38G | mem 2.8G/60G | {"step":8806,"ce":5.458883,"loss":5.464085,"lr":0.007142871,"code_temperature":0.30019,"masked_targets":512,"compute_seconds":17236.1240,"wall_seconds":17336.6022,"val_mlm_ce":5.310732}
HB [11:21:33] pretrain 12583 steps | disk free 38G | mem 2.8G/60G | {"step":8806,"ce":5.458883,"loss":5.464085,"lr":0.007142871,"code_temperature":0.30019,"masked_targets":512,"compute_seconds":17236.1240,"wall_seconds":17336.6022,"val_mlm_ce":5.310732}
HB [11:22:03] pretrain 12583 steps | disk free 38G | mem 2.8G/60G | {"step":8806,"ce":5.458883,"loss":5.464085,"lr":0.007142871,"code_temperature":0.30019,"masked_targets":512,"compute_seconds":17236.1240,"wall_seconds":17336.6022,"val_mlm_ce":5.310732}
HB [11:22:33] pretrain 12583 steps | disk free 38G | mem 2.8G/60G | {"step":8806,"ce":5.458883,"loss":5.464085,"lr":0.007142871,"code_temperature":0.30019,"masked_targets":512,"compute_seconds":17236.1240,"wall_seconds":17336.6022,"val_mlm_ce":5.310732}
HB [11:23:03] pretrain 12583 steps | disk free 38G | mem 2.8G/60G | {"step":8806,"ce":5.458883,"loss":5.464085,"lr":0.007142871,"code_temperature":0.30019,"masked_targets":512,"compute_seconds":17236.1240,"wall_seconds":17336.6022,"val_mlm_ce":5.310732}
HB [11:23:33] pretrain 12583 steps | disk free 38G | mem 2.8G/60G | {"step":8806,"ce":5.458883,"loss":5.464085,"lr":0.007142871,"code_temperature":0.30019,"masked_targets":512,"compute_seconds":17236.1240,"wall_seconds":17336.6022,"val_mlm_ce":5.310732}
HB [11:24:03] pretrain 12583 steps | disk free 38G | mem 2.8G/60G | {"step":8806,"ce":5.458883,"loss":5.464085,"lr":0.007142871,"code_temperature":0.30019,"masked_targets":512,"compute_seconds":17236.1240,"wall_seconds":17336.6022,"val_mlm_ce":5.310732}
HB [11:24:33] pretrain 12583 steps | disk free 38G | mem 2.8G/60G | {"step":8806,"ce":5.458883,"loss":5.464085,"lr":0.007142871,"code_temperature":0.30019,"masked_targets":512,"compute_seconds":17236.1240,"wall_seconds":17336.6022,"val_mlm_ce":5.310732}
HB [11:25:03] pretrain 12583 steps | disk free 38G | mem 2.8G/60G | {"step":8806,"ce":5.458883,"loss":5.464085,"lr":0.007142871,"code_temperature":0.30019,"masked_targets":512,"compute_seconds":17236.1240,"wall_seconds":17336.6022,"val_mlm_ce":5.310732}
HB [11:25:33] pretrain 12583 steps | disk free 38G | mem 2.8G/60G | {"step":8806,"ce":5.458883,"loss":5.464085,"lr":0.007142871,"code_temperature":0.30019,"masked_targets":512,"compute_seconds":17236.1240,"wall_seconds":17336.6022,"val_mlm_ce":5.310732}
HB [11:26:03] pretrain 12583 steps | disk free 38G | mem 2.8G/60G | {"step":8806,"ce":5.458883,"loss":5.464085,"lr":0.007142871,"code_temperature":0.30019,"masked_targets":512,"compute_seconds":17236.1240,"wall_seconds":17336.6022,"val_mlm_ce":5.310732}
HB [11:26:33] pretrain 12583 steps | disk free 38G | mem 2.8G/60G | {"step":8806,"ce":5.458883,"loss":5.464085,"lr":0.007142871,"code_temperature":0.30019,"masked_targets":512,"compute_seconds":17236.1240,"wall_seconds":17336.6022,"val_mlm_ce":5.310732}
HB [11:27:03] pretrain 12583 steps | disk free 38G | mem 2.8G/60G | {"step":9435,"ce":5.394309,"loss":5.39951,"lr":0.005800016,"code_temperature":0.2502,"masked_targets":512,"compute_seconds":18441.0389,"wall_seconds":18549.2366,"val_mlm_ce":5.307468}
HB [11:27:33] pretrain 12583 steps | disk free 38G | mem 2.8G/60G | {"step":9435,"ce":5.394309,"loss":5.39951,"lr":0.005800016,"code_temperature":0.2502,"masked_targets":512,"compute_seconds":18441.0389,"wall_seconds":18549.2366,"val_mlm_ce":5.307468}
HB [11:28:03] pretrain 12583 steps | disk free 38G | mem 2.8G/60G | {"step":9435,"ce":5.394309,"loss":5.39951,"lr":0.005800016,"code_temperature":0.2502,"masked_targets":512,"compute_seconds":18441.0389,"wall_seconds":18549.2366,"val_mlm_ce":5.307468}
HB [11:28:33] pretrain 12583 steps | disk free 38G | mem 2.8G/60G | {"step":9435,"ce":5.394309,"loss":5.39951,"lr":0.005800016,"code_temperature":0.2502,"masked_targets":512,"compute_seconds":18441.0389,"wall_seconds":18549.2366,"val_mlm_ce":5.307468}
HB [11:29:03] pretrain 12583 steps | disk free 38G | mem 2.8G/60G | {"step":9435,"ce":5.394309,"loss":5.39951,"lr":0.005800016,"code_temperature":0.2502,"masked_targets":512,"compute_seconds":18441.0389,"wall_seconds":18549.2366,"val_mlm_ce":5.307468}
HB [11:29:34] pretrain 12583 steps | disk free 38G | mem 2.8G/60G | {"step":9435,"ce":5.394309,"loss":5.39951,"lr":0.005800016,"code_temperature":0.2502,"masked_targets":512,"compute_seconds":18441.0389,"wall_seconds":18549.2366,"val_mlm_ce":5.307468}
HB [11:30:04] pretrain 12583 steps | disk free 38G | mem 2.8G/60G | {"step":9435,"ce":5.394309,"loss":5.39951,"lr":0.005800016,"code_temperature":0.2502,"masked_targets":512,"compute_seconds":18441.0389,"wall_seconds":18549.2366,"val_mlm_ce":5.307468}
HB [11:30:34] pretrain 12583 steps | disk free 38G | mem 2.8G/60G | {"step":9435,"ce":5.394309,"loss":5.39951,"lr":0.005800016,"code_temperature":0.2502,"masked_targets":512,"compute_seconds":18441.0389,"wall_seconds":18549.2366,"val_mlm_ce":5.307468}
HB [11:31:04] pretrain 12583 steps | disk free 38G | mem 2.8G/60G | {"step":9435,"ce":5.394309,"loss":5.39951,"lr":0.005800016,"code_temperature":0.2502,"masked_targets":512,"compute_seconds":18441.0389,"wall_seconds":18549.2366,"val_mlm_ce":5.307468}
HB [11:31:34] pretrain 12583 steps | disk free 38G | mem 2.8G/60G | {"step":9435,"ce":5.394309,"loss":5.39951,"lr":0.005800016,"code_temperature":0.2502,"masked_targets":512,"compute_seconds":18441.0389,"wall_seconds":18549.2366,"val_mlm_ce":5.307468}
HB [11:32:04] pretrain 12583 steps | disk free 38G | mem 2.8G/60G | {"step":9435,"ce":5.394309,"loss":5.39951,"lr":0.005800016,"code_temperature":0.2502,"masked_targets":512,"compute_seconds":18441.0389,"wall_seconds":18549.2366,"val_mlm_ce":5.307468}
HB [11:32:34] pretrain 12583 steps | disk free 38G | mem 2.8G/60G | {"step":9435,"ce":5.394309,"loss":5.39951,"lr":0.005800016,"code_temperature":0.2502,"masked_targets":512,"compute_seconds":18441.0389,"wall_seconds":18549.2366,"val_mlm_ce":5.307468}
HB [11:33:04] pretrain 12583 steps | disk free 38G | mem 2.8G/60G | {"step":9435,"ce":5.394309,"loss":5.39951,"lr":0.005800016,"code_temperature":0.2502,"masked_targets":512,"compute_seconds":18441.0389,"wall_seconds":18549.2366,"val_mlm_ce":5.307468}
HB [11:33:34] pretrain 12583 steps | disk free 38G | mem 2.8G/60G | {"step":9435,"ce":5.394309,"loss":5.39951,"lr":0.005800016,"code_temperature":0.2502,"masked_targets":512,"compute_seconds":18441.0389,"wall_seconds":18549.2366,"val_mlm_ce":5.307468}
HB [11:34:04] pretrain 12583 steps | disk free 38G | mem 2.8G/60G | {"step":9435,"ce":5.394309,"loss":5.39951,"lr":0.005800016,"code_temperature":0.2502,"masked_targets":512,"compute_seconds":18441.0389,"wall_seconds":18549.2366,"val_mlm_ce":5.307468}
HB [11:34:34] pretrain 12583 steps | disk free 38G | mem 2.8G/60G | {"step":9435,"ce":5.394309,"loss":5.39951,"lr":0.005800016,"code_temperature":0.2502,"masked_targets":512,"compute_seconds":18441.0389,"wall_seconds":18549.2366,"val_mlm_ce":5.307468}
HB [11:35:04] pretrain 12583 steps | disk free 38G | mem 2.8G/60G | {"step":9435,"ce":5.394309,"loss":5.39951,"lr":0.005800016,"code_temperature":0.2502,"masked_targets":512,"compute_seconds":18441.0389,"wall_seconds":18549.2366,"val_mlm_ce":5.307468}
HB [11:35:34] pretrain 12583 steps | disk free 38G | mem 2.8G/60G | {"step":9435,"ce":5.394309,"loss":5.39951,"lr":0.005800016,"code_temperature":0.2502,"masked_targets":512,"compute_seconds":18441.0389,"wall_seconds":18549.2366,"val_mlm_ce":5.307468}
HB [11:36:04] pretrain 12583 steps | disk free 38G | mem 2.8G/60G | {"step":9435,"ce":5.394309,"loss":5.39951,"lr":0.005800016,"code_temperature":0.2502,"masked_targets":512,"compute_seconds":18441.0389,"wall_seconds":18549.2366,"val_mlm_ce":5.307468}
HB [11:36:34] pretrain 12583 steps | disk free 38G | mem 2.8G/60G | {"step":9435,"ce":5.394309,"loss":5.39951,"lr":0.005800016,"code_temperature":0.2502,"masked_targets":512,"compute_seconds":18441.0389,"wall_seconds":18549.2366,"val_mlm_ce":5.307468}
HB [11:37:04] pretrain 12583 steps | disk free 38G | mem 2.8G/60G | {"step":9435,"ce":5.394309,"loss":5.39951,"lr":0.005800016,"code_temperature":0.2502,"masked_targets":512,"compute_seconds":18441.0389,"wall_seconds":18549.2366,"val_mlm_ce":5.307468}
HB [11:37:34] pretrain 12583 steps | disk free 38G | mem 2.8G/60G | {"step":9435,"ce":5.394309,"loss":5.39951,"lr":0.005800016,"code_temperature":0.2502,"masked_targets":512,"compute_seconds":18441.0389,"wall_seconds":18549.2366,"val_mlm_ce":5.307468}
HB [11:38:04] pretrain 12583 steps | disk free 38G | mem 2.8G/60G | {"step":9435,"ce":5.394309,"loss":5.39951,"lr":0.005800016,"code_temperature":0.2502,"masked_targets":512,"compute_seconds":18441.0389,"wall_seconds":18549.2366,"val_mlm_ce":5.307468}
HB [11:38:34] pretrain 12583 steps | disk free 38G | mem 2.8G/60G | {"step":9435,"ce":5.394309,"loss":5.39951,"lr":0.005800016,"code_temperature":0.2502,"masked_targets":512,"compute_seconds":18441.0389,"wall_seconds":18549.2366,"val_mlm_ce":5.307468}
HB [11:39:04] pretrain 12583 steps | disk free 38G | mem 2.8G/60G | {"step":9435,"ce":5.394309,"loss":5.39951,"lr":0.005800016,"code_temperature":0.2502,"masked_targets":512,"compute_seconds":18441.0389,"wall_seconds":18549.2366,"val_mlm_ce":5.307468}
HB [11:39:34] pretrain 12583 steps | disk free 38G | mem 2.8G/60G | {"step":9435,"ce":5.394309,"loss":5.39951,"lr":0.005800016,"code_temperature":0.2502,"masked_targets":512,"compute_seconds":18441.0389,"wall_seconds":18549.2366,"val_mlm_ce":5.307468}
HB [11:40:04] pretrain 12583 steps | disk free 38G | mem 2.8G/60G | {"step":9435,"ce":5.394309,"loss":5.39951,"lr":0.005800016,"code_temperature":0.2502,"masked_targets":512,"compute_seconds":18441.0389,"wall_seconds":18549.2366,"val_mlm_ce":5.307468}
HB [11:40:34] pretrain 12583 steps | disk free 38G | mem 2.8G/60G | {"step":9435,"ce":5.394309,"loss":5.39951,"lr":0.005800016,"code_temperature":0.2502,"masked_targets":512,"compute_seconds":18441.0389,"wall_seconds":18549.2366,"val_mlm_ce":5.307468}
HB [11:41:04] pretrain 12583 steps | disk free 38G | mem 2.8G/60G | {"step":9435,"ce":5.394309,"loss":5.39951,"lr":0.005800016,"code_temperature":0.2502,"masked_targets":512,"compute_seconds":18441.0389,"wall_seconds":18549.2366,"val_mlm_ce":5.307468}
HB [11:41:34] pretrain 12583 steps | disk free 38G | mem 2.8G/60G | {"step":9435,"ce":5.394309,"loss":5.39951,"lr":0.005800016,"code_temperature":0.2502,"masked_targets":512,"compute_seconds":18441.0389,"wall_seconds":18549.2366,"val_mlm_ce":5.307468}
HB [11:42:04] pretrain 12583 steps | disk free 38G | mem 2.8G/60G | {"step":9435,"ce":5.394309,"loss":5.39951,"lr":0.005800016,"code_temperature":0.2502,"masked_targets":512,"compute_seconds":18441.0389,"wall_seconds":18549.2366,"val_mlm_ce":5.307468}
HB [11:42:34] pretrain 12583 steps | disk free 38G | mem 2.8G/60G | {"step":9435,"ce":5.394309,"loss":5.39951,"lr":0.005800016,"code_temperature":0.2502,"masked_targets":512,"compute_seconds":18441.0389,"wall_seconds":18549.2366,"val_mlm_ce":5.307468}
HB [11:43:05] pretrain 12583 steps | disk free 38G | mem 2.8G/60G | {"step":9435,"ce":5.394309,"loss":5.39951,"lr":0.005800016,"code_temperature":0.2502,"masked_targets":512,"compute_seconds":18441.0389,"wall_seconds":18549.2366,"val_mlm_ce":5.307468}
HB [11:43:35] pretrain 12583 steps | disk free 38G | mem 2.8G/60G | {"step":9435,"ce":5.394309,"loss":5.39951,"lr":0.005800016,"code_temperature":0.2502,"masked_targets":512,"compute_seconds":18441.0389,"wall_seconds":18549.2366,"val_mlm_ce":5.307468}
HB [11:44:05] pretrain 12583 steps | disk free 38G | mem 2.8G/60G | {"step":9435,"ce":5.394309,"loss":5.39951,"lr":0.005800016,"code_temperature":0.2502,"masked_targets":512,"compute_seconds":18441.0389,"wall_seconds":18549.2366,"val_mlm_ce":5.307468}
HB [11:44:35] pretrain 12583 steps | disk free 38G | mem 2.8G/60G | {"step":9435,"ce":5.394309,"loss":5.39951,"lr":0.005800016,"code_temperature":0.2502,"masked_targets":512,"compute_seconds":18441.0389,"wall_seconds":18549.2366,"val_mlm_ce":5.307468}
HB [11:45:05] pretrain 12583 steps | disk free 38G | mem 2.8G/60G | {"step":9435,"ce":5.394309,"loss":5.39951,"lr":0.005800016,"code_temperature":0.2502,"masked_targets":512,"compute_seconds":18441.0389,"wall_seconds":18549.2366,"val_mlm_ce":5.307468}
HB [11:45:35] pretrain 12583 steps | disk free 38G | mem 2.8G/60G | {"step":9435,"ce":5.394309,"loss":5.39951,"lr":0.005800016,"code_temperature":0.2502,"masked_targets":512,"compute_seconds":18441.0389,"wall_seconds":18549.2366,"val_mlm_ce":5.307468}
HB [11:46:05] pretrain 12583 steps | disk free 38G | mem 2.8G/60G | {"step":9435,"ce":5.394309,"loss":5.39951,"lr":0.005800016,"code_temperature":0.2502,"masked_targets":512,"compute_seconds":18441.0389,"wall_seconds":18549.2366,"val_mlm_ce":5.307468}
HB [11:46:35] pretrain 12583 steps | disk free 38G | mem 2.8G/60G | {"step":9435,"ce":5.394309,"loss":5.39951,"lr":0.005800016,"code_temperature":0.2502,"masked_targets":512,"compute_seconds":18441.0389,"wall_seconds":18549.2366,"val_mlm_ce":5.307468}
HB [11:47:05] pretrain 12583 steps | disk free 38G | mem 3.1G/60G | {"step":9435,"ce":5.394309,"loss":5.39951,"lr":0.005800016,"code_temperature":0.2502,"masked_targets":512,"compute_seconds":18441.0389,"wall_seconds":18549.2366,"val_mlm_ce":5.307468}
HB [11:47:35] pretrain 12583 steps | disk free 38G | mem 2.8G/60G | {"step":10064,"ce":5.434338,"loss":5.439538,"lr":0.004652853,"code_temperature":0.20021,"masked_targets":512,"compute_seconds":19655.0001,"wall_seconds":19768.3198,"val_mlm_ce":5.309631}
HB [11:48:05] pretrain 12583 steps | disk free 38G | mem 2.8G/60G | {"step":10064,"ce":5.434338,"loss":5.439538,"lr":0.004652853,"code_temperature":0.20021,"masked_targets":512,"compute_seconds":19655.0001,"wall_seconds":19768.3198,"val_mlm_ce":5.309631}
HB [11:48:35] pretrain 12583 steps | disk free 38G | mem 2.8G/60G | {"step":10064,"ce":5.434338,"loss":5.439538,"lr":0.004652853,"code_temperature":0.20021,"masked_targets":512,"compute_seconds":19655.0001,"wall_seconds":19768.3198,"val_mlm_ce":5.309631}
HB [11:49:05] pretrain 12583 steps | disk free 38G | mem 2.8G/60G | {"step":10064,"ce":5.434338,"loss":5.439538,"lr":0.004652853,"code_temperature":0.20021,"masked_targets":512,"compute_seconds":19655.0001,"wall_seconds":19768.3198,"val_mlm_ce":5.309631}
HB [11:49:35] pretrain 12583 steps | disk free 38G | mem 2.8G/60G | {"step":10064,"ce":5.434338,"loss":5.439538,"lr":0.004652853,"code_temperature":0.20021,"masked_targets":512,"compute_seconds":19655.0001,"wall_seconds":19768.3198,"val_mlm_ce":5.309631}
HB [11:50:05] pretrain 12583 steps | disk free 38G | mem 2.8G/60G | {"step":10064,"ce":5.434338,"loss":5.439538,"lr":0.004652853,"code_temperature":0.20021,"masked_targets":512,"compute_seconds":19655.0001,"wall_seconds":19768.3198,"val_mlm_ce":5.309631}
HB [11:50:35] pretrain 12583 steps | disk free 38G | mem 2.8G/60G | {"step":10064,"ce":5.434338,"loss":5.439538,"lr":0.004652853,"code_temperature":0.20021,"masked_targets":512,"compute_seconds":19655.0001,"wall_seconds":19768.3198,"val_mlm_ce":5.309631}
HB [11:51:05] pretrain 12583 steps | disk free 38G | mem 2.8G/60G | {"step":10064,"ce":5.434338,"loss":5.439538,"lr":0.004652853,"code_temperature":0.20021,"masked_targets":512,"compute_seconds":19655.0001,"wall_seconds":19768.3198,"val_mlm_ce":5.309631}
HB [11:51:35] pretrain 12583 steps | disk free 38G | mem 2.8G/60G | {"step":10064,"ce":5.434338,"loss":5.439538,"lr":0.004652853,"code_temperature":0.20021,"masked_targets":512,"compute_seconds":19655.0001,"wall_seconds":19768.3198,"val_mlm_ce":5.309631}
HB [11:52:05] pretrain 12583 steps | disk free 38G | mem 2.8G/60G | {"step":10064,"ce":5.434338,"loss":5.439538,"lr":0.004652853,"code_temperature":0.20021,"masked_targets":512,"compute_seconds":19655.0001,"wall_seconds":19768.3198,"val_mlm_ce":5.309631}
HB [11:52:35] pretrain 12583 steps | disk free 38G | mem 2.8G/60G | {"step":10064,"ce":5.434338,"loss":5.439538,"lr":0.004652853,"code_temperature":0.20021,"masked_targets":512,"compute_seconds":19655.0001,"wall_seconds":19768.3198,"val_mlm_ce":5.309631}
HB [11:53:05] pretrain 12583 steps | disk free 38G | mem 2.8G/60G | {"step":10064,"ce":5.434338,"loss":5.439538,"lr":0.004652853,"code_temperature":0.20021,"masked_targets":512,"compute_seconds":19655.0001,"wall_seconds":19768.3198,"val_mlm_ce":5.309631}
HB [11:53:35] pretrain 12583 steps | disk free 38G | mem 2.8G/60G | {"step":10064,"ce":5.434338,"loss":5.439538,"lr":0.004652853,"code_temperature":0.20021,"masked_targets":512,"compute_seconds":19655.0001,"wall_seconds":19768.3198,"val_mlm_ce":5.309631}
HB [11:54:05] pretrain 12583 steps | disk free 38G | mem 2.8G/60G | {"step":10064,"ce":5.434338,"loss":5.439538,"lr":0.004652853,"code_temperature":0.20021,"masked_targets":512,"compute_seconds":19655.0001,"wall_seconds":19768.3198,"val_mlm_ce":5.309631}
HB [11:54:36] pretrain 12583 steps | disk free 38G | mem 2.8G/60G | {"step":10064,"ce":5.434338,"loss":5.439538,"lr":0.004652853,"code_temperature":0.20021,"masked_targets":512,"compute_seconds":19655.0001,"wall_seconds":19768.3198,"val_mlm_ce":5.309631}
HB [11:55:06] pretrain 12583 steps | disk free 38G | mem 2.8G/60G | {"step":10064,"ce":5.434338,"loss":5.439538,"lr":0.004652853,"code_temperature":0.20021,"masked_targets":512,"compute_seconds":19655.0001,"wall_seconds":19768.3198,"val_mlm_ce":5.309631}
HB [11:55:36] pretrain 12583 steps | disk free 38G | mem 2.8G/60G | {"step":10064,"ce":5.434338,"loss":5.439538,"lr":0.004652853,"code_temperature":0.20021,"masked_targets":512,"compute_seconds":19655.0001,"wall_seconds":19768.3198,"val_mlm_ce":5.309631}
HB [11:56:06] pretrain 12583 steps | disk free 38G | mem 2.8G/60G | {"step":10064,"ce":5.434338,"loss":5.439538,"lr":0.004652853,"code_temperature":0.20021,"masked_targets":512,"compute_seconds":19655.0001,"wall_seconds":19768.3198,"val_mlm_ce":5.309631}
HB [11:56:36] pretrain 12583 steps | disk free 38G | mem 2.8G/60G | {"step":10064,"ce":5.434338,"loss":5.439538,"lr":0.004652853,"code_temperature":0.20021,"masked_targets":512,"compute_seconds":19655.0001,"wall_seconds":19768.3198,"val_mlm_ce":5.309631}
HB [11:57:06] pretrain 12583 steps | disk free 38G | mem 2.8G/60G | {"step":10064,"ce":5.434338,"loss":5.439538,"lr":0.004652853,"code_temperature":0.20021,"masked_targets":512,"compute_seconds":19655.0001,"wall_seconds":19768.3198,"val_mlm_ce":5.309631}
HB [11:57:36] pretrain 12583 steps | disk free 38G | mem 2.8G/60G | {"step":10064,"ce":5.434338,"loss":5.439538,"lr":0.004652853,"code_temperature":0.20021,"masked_targets":512,"compute_seconds":19655.0001,"wall_seconds":19768.3198,"val_mlm_ce":5.309631}
HB [11:58:06] pretrain 12583 steps | disk free 38G | mem 2.8G/60G | {"step":10064,"ce":5.434338,"loss":5.439538,"lr":0.004652853,"code_temperature":0.20021,"masked_targets":512,"compute_seconds":19655.0001,"wall_seconds":19768.3198,"val_mlm_ce":5.309631}
HB [11:58:36] pretrain 12583 steps | disk free 38G | mem 2.8G/60G | {"step":10064,"ce":5.434338,"loss":5.439538,"lr":0.004652853,"code_temperature":0.20021,"masked_targets":512,"compute_seconds":19655.0001,"wall_seconds":19768.3198,"val_mlm_ce":5.309631}
HB [11:59:06] pretrain 12583 steps | disk free 38G | mem 2.8G/60G | {"step":10064,"ce":5.434338,"loss":5.439538,"lr":0.004652853,"code_temperature":0.20021,"masked_targets":512,"compute_seconds":19655.0001,"wall_seconds":19768.3198,"val_mlm_ce":5.309631}
HB [11:59:36] pretrain 12583 steps | disk free 38G | mem 2.8G/60G | {"step":10064,"ce":5.434338,"loss":5.439538,"lr":0.004652853,"code_temperature":0.20021,"masked_targets":512,"compute_seconds":19655.0001,"wall_seconds":19768.3198,"val_mlm_ce":5.309631}
HB [12:00:06] pretrain 12583 steps | disk free 38G | mem 2.8G/60G | {"step":10064,"ce":5.434338,"loss":5.439538,"lr":0.004652853,"code_temperature":0.20021,"masked_targets":512,"compute_seconds":19655.0001,"wall_seconds":19768.3198,"val_mlm_ce":5.309631}
HB [12:00:36] pretrain 12583 steps | disk free 38G | mem 2.8G/60G | {"step":10064,"ce":5.434338,"loss":5.439538,"lr":0.004652853,"code_temperature":0.20021,"masked_targets":512,"compute_seconds":19655.0001,"wall_seconds":19768.3198,"val_mlm_ce":5.309631}
HB [12:01:06] pretrain 12583 steps | disk free 38G | mem 2.8G/60G | {"step":10064,"ce":5.434338,"loss":5.439538,"lr":0.004652853,"code_temperature":0.20021,"masked_targets":512,"compute_seconds":19655.0001,"wall_seconds":19768.3198,"val_mlm_ce":5.309631}
HB [12:01:36] pretrain 12583 steps | disk free 38G | mem 2.8G/60G | {"step":10064,"ce":5.434338,"loss":5.439538,"lr":0.004652853,"code_temperature":0.20021,"masked_targets":512,"compute_seconds":19655.0001,"wall_seconds":19768.3198,"val_mlm_ce":5.309631}
HB [12:02:06] pretrain 12583 steps | disk free 38G | mem 2.8G/60G | {"step":10064,"ce":5.434338,"loss":5.439538,"lr":0.004652853,"code_temperature":0.20021,"masked_targets":512,"compute_seconds":19655.0001,"wall_seconds":19768.3198,"val_mlm_ce":5.309631}
HB [12:02:36] pretrain 12583 steps | disk free 38G | mem 2.8G/60G | {"step":10064,"ce":5.434338,"loss":5.439538,"lr":0.004652853,"code_temperature":0.20021,"masked_targets":512,"compute_seconds":19655.0001,"wall_seconds":19768.3198,"val_mlm_ce":5.309631}
HB [12:03:06] pretrain 12583 steps | disk free 38G | mem 2.8G/60G | {"step":10064,"ce":5.434338,"loss":5.439538,"lr":0.004652853,"code_temperature":0.20021,"masked_targets":512,"compute_seconds":19655.0001,"wall_seconds":19768.3198,"val_mlm_ce":5.309631}
HB [12:03:36] pretrain 12583 steps | disk free 38G | mem 2.8G/60G | {"step":10064,"ce":5.434338,"loss":5.439538,"lr":0.004652853,"code_temperature":0.20021,"masked_targets":512,"compute_seconds":19655.0001,"wall_seconds":19768.3198,"val_mlm_ce":5.309631}
HB [12:04:06] pretrain 12583 steps | disk free 38G | mem 2.8G/60G | {"step":10064,"ce":5.434338,"loss":5.439538,"lr":0.004652853,"code_temperature":0.20021,"masked_targets":512,"compute_seconds":19655.0001,"wall_seconds":19768.3198,"val_mlm_ce":5.309631}
HB [12:04:36] pretrain 12583 steps | disk free 38G | mem 2.8G/60G | {"step":10064,"ce":5.434338,"loss":5.439538,"lr":0.004652853,"code_temperature":0.20021,"masked_targets":512,"compute_seconds":19655.0001,"wall_seconds":19768.3198,"val_mlm_ce":5.309631}
HB [12:05:06] pretrain 12583 steps | disk free 38G | mem 2.8G/60G | {"step":10064,"ce":5.434338,"loss":5.439538,"lr":0.004652853,"code_temperature":0.20021,"masked_targets":512,"compute_seconds":19655.0001,"wall_seconds":19768.3198,"val_mlm_ce":5.309631}
HB [12:05:36] pretrain 12583 steps | disk free 38G | mem 2.8G/60G | {"step":10064,"ce":5.434338,"loss":5.439538,"lr":0.004652853,"code_temperature":0.20021,"masked_targets":512,"compute_seconds":19655.0001,"wall_seconds":19768.3198,"val_mlm_ce":5.309631}
HB [12:06:06] pretrain 12583 steps | disk free 38G | mem 2.8G/60G | {"step":10693,"ce":5.200593,"loss":5.205772,"lr":0.003729622,"code_temperature":0.2,"masked_targets":512,"compute_seconds":20775.3424,"wall_seconds":20895.9332,"val_mlm_ce":5.300566}
HB [12:06:36] pretrain 12583 steps | disk free 38G | mem 2.8G/60G | {"step":10693,"ce":5.200593,"loss":5.205772,"lr":0.003729622,"code_temperature":0.2,"masked_targets":512,"compute_seconds":20775.3424,"wall_seconds":20895.9332,"val_mlm_ce":5.300566}
HB [12:07:07] pretrain 12583 steps | disk free 38G | mem 2.8G/60G | {"step":10693,"ce":5.200593,"loss":5.205772,"lr":0.003729622,"code_temperature":0.2,"masked_targets":512,"compute_seconds":20775.3424,"wall_seconds":20895.9332,"val_mlm_ce":5.300566}
HB [12:07:37] pretrain 12583 steps | disk free 38G | mem 2.8G/60G | {"step":10693,"ce":5.200593,"loss":5.205772,"lr":0.003729622,"code_temperature":0.2,"masked_targets":512,"compute_seconds":20775.3424,"wall_seconds":20895.9332,"val_mlm_ce":5.300566}
HB [12:08:07] pretrain 12583 steps | disk free 38G | mem 2.8G/60G | {"step":10693,"ce":5.200593,"loss":5.205772,"lr":0.003729622,"code_temperature":0.2,"masked_targets":512,"compute_seconds":20775.3424,"wall_seconds":20895.9332,"val_mlm_ce":5.300566}
HB [12:08:37] pretrain 12583 steps | disk free 38G | mem 2.8G/60G | {"step":10693,"ce":5.200593,"loss":5.205772,"lr":0.003729622,"code_temperature":0.2,"masked_targets":512,"compute_seconds":20775.3424,"wall_seconds":20895.9332,"val_mlm_ce":5.300566}
HB [12:09:07] pretrain 12583 steps | disk free 38G | mem 2.8G/60G | {"step":10693,"ce":5.200593,"loss":5.205772,"lr":0.003729622,"code_temperature":0.2,"masked_targets":512,"compute_seconds":20775.3424,"wall_seconds":20895.9332,"val_mlm_ce":5.300566}
HB [12:09:37] pretrain 12583 steps | disk free 38G | mem 2.8G/60G | {"step":10693,"ce":5.200593,"loss":5.205772,"lr":0.003729622,"code_temperature":0.2,"masked_targets":512,"compute_seconds":20775.3424,"wall_seconds":20895.9332,"val_mlm_ce":5.300566}
HB [12:10:07] pretrain 12583 steps | disk free 38G | mem 2.8G/60G | {"step":10693,"ce":5.200593,"loss":5.205772,"lr":0.003729622,"code_temperature":0.2,"masked_targets":512,"compute_seconds":20775.3424,"wall_seconds":20895.9332,"val_mlm_ce":5.300566}
HB [12:10:37] pretrain 12583 steps | disk free 38G | mem 2.8G/60G | {"step":10693,"ce":5.200593,"loss":5.205772,"lr":0.003729622,"code_temperature":0.2,"masked_targets":512,"compute_seconds":20775.3424,"wall_seconds":20895.9332,"val_mlm_ce":5.300566}
HB [12:11:07] pretrain 12583 steps | disk free 38G | mem 2.8G/60G | {"step":10693,"ce":5.200593,"loss":5.205772,"lr":0.003729622,"code_temperature":0.2,"masked_targets":512,"compute_seconds":20775.3424,"wall_seconds":20895.9332,"val_mlm_ce":5.300566}
HB [12:11:37] pretrain 12583 steps | disk free 38G | mem 2.8G/60G | {"step":10693,"ce":5.200593,"loss":5.205772,"lr":0.003729622,"code_temperature":0.2,"masked_targets":512,"compute_seconds":20775.3424,"wall_seconds":20895.9332,"val_mlm_ce":5.300566}
HB [12:12:07] pretrain 12583 steps | disk free 38G | mem 2.8G/60G | {"step":10693,"ce":5.200593,"loss":5.205772,"lr":0.003729622,"code_temperature":0.2,"masked_targets":512,"compute_seconds":20775.3424,"wall_seconds":20895.9332,"val_mlm_ce":5.300566}
HB [12:12:37] pretrain 12583 steps | disk free 38G | mem 2.8G/60G | {"step":10693,"ce":5.200593,"loss":5.205772,"lr":0.003729622,"code_temperature":0.2,"masked_targets":512,"compute_seconds":20775.3424,"wall_seconds":20895.9332,"val_mlm_ce":5.300566}
HB [12:13:07] pretrain 12583 steps | disk free 38G | mem 2.8G/60G | {"step":10693,"ce":5.200593,"loss":5.205772,"lr":0.003729622,"code_temperature":0.2,"masked_targets":512,"compute_seconds":20775.3424,"wall_seconds":20895.9332,"val_mlm_ce":5.300566}
HB [12:13:37] pretrain 12583 steps | disk free 38G | mem 2.8G/60G | {"step":10693,"ce":5.200593,"loss":5.205772,"lr":0.003729622,"code_temperature":0.2,"masked_targets":512,"compute_seconds":20775.3424,"wall_seconds":20895.9332,"val_mlm_ce":5.300566}
HB [12:14:07] pretrain 12583 steps | disk free 38G | mem 2.8G/60G | {"step":10693,"ce":5.200593,"loss":5.205772,"lr":0.003729622,"code_temperature":0.2,"masked_targets":512,"compute_seconds":20775.3424,"wall_seconds":20895.9332,"val_mlm_ce":5.300566}
HB [12:14:37] pretrain 12583 steps | disk free 38G | mem 2.8G/60G | {"step":10693,"ce":5.200593,"loss":5.205772,"lr":0.003729622,"code_temperature":0.2,"masked_targets":512,"compute_seconds":20775.3424,"wall_seconds":20895.9332,"val_mlm_ce":5.300566}
HB [12:15:07] pretrain 12583 steps | disk free 38G | mem 2.8G/60G | {"step":10693,"ce":5.200593,"loss":5.205772,"lr":0.003729622,"code_temperature":0.2,"masked_targets":512,"compute_seconds":20775.3424,"wall_seconds":20895.9332,"val_mlm_ce":5.300566}
HB [12:15:37] pretrain 12583 steps | disk free 38G | mem 2.8G/60G | {"step":10693,"ce":5.200593,"loss":5.205772,"lr":0.003729622,"code_temperature":0.2,"masked_targets":512,"compute_seconds":20775.3424,"wall_seconds":20895.9332,"val_mlm_ce":5.300566}
HB [12:16:07] pretrain 12583 steps | disk free 38G | mem 2.8G/60G | {"step":10693,"ce":5.200593,"loss":5.205772,"lr":0.003729622,"code_temperature":0.2,"masked_targets":512,"compute_seconds":20775.3424,"wall_seconds":20895.9332,"val_mlm_ce":5.300566}
HB [12:16:37] pretrain 12583 steps | disk free 38G | mem 2.8G/60G | {"step":10693,"ce":5.200593,"loss":5.205772,"lr":0.003729622,"code_temperature":0.2,"masked_targets":512,"compute_seconds":20775.3424,"wall_seconds":20895.9332,"val_mlm_ce":5.300566}
HB [12:17:07] pretrain 12583 steps | disk free 38G | mem 2.8G/60G | {"step":10693,"ce":5.200593,"loss":5.205772,"lr":0.003729622,"code_temperature":0.2,"masked_targets":512,"compute_seconds":20775.3424,"wall_seconds":20895.9332,"val_mlm_ce":5.300566}
HB [12:17:37] pretrain 12583 steps | disk free 38G | mem 2.8G/60G | {"step":10693,"ce":5.200593,"loss":5.205772,"lr":0.003729622,"code_temperature":0.2,"masked_targets":512,"compute_seconds":20775.3424,"wall_seconds":20895.9332,"val_mlm_ce":5.300566}
HB [12:18:07] pretrain 12583 steps | disk free 38G | mem 2.8G/60G | {"step":10693,"ce":5.200593,"loss":5.205772,"lr":0.003729622,"code_temperature":0.2,"masked_targets":512,"compute_seconds":20775.3424,"wall_seconds":20895.9332,"val_mlm_ce":5.300566}
HB [12:18:37] pretrain 12583 steps | disk free 38G | mem 2.8G/60G | {"step":10693,"ce":5.200593,"loss":5.205772,"lr":0.003729622,"code_temperature":0.2,"masked_targets":512,"compute_seconds":20775.3424,"wall_seconds":20895.9332,"val_mlm_ce":5.300566}
HB [12:19:07] pretrain 12583 steps | disk free 38G | mem 2.8G/60G | {"step":10693,"ce":5.200593,"loss":5.205772,"lr":0.003729622,"code_temperature":0.2,"masked_targets":512,"compute_seconds":20775.3424,"wall_seconds":20895.9332,"val_mlm_ce":5.300566}
HB [12:19:37] pretrain 12583 steps | disk free 38G | mem 2.8G/60G | {"step":10693,"ce":5.200593,"loss":5.205772,"lr":0.003729622,"code_temperature":0.2,"masked_targets":512,"compute_seconds":20775.3424,"wall_seconds":20895.9332,"val_mlm_ce":5.300566}
HB [12:20:08] pretrain 12583 steps | disk free 38G | mem 2.8G/60G | {"step":10693,"ce":5.200593,"loss":5.205772,"lr":0.003729622,"code_temperature":0.2,"masked_targets":512,"compute_seconds":20775.3424,"wall_seconds":20895.9332,"val_mlm_ce":5.300566}
HB [12:20:38] pretrain 12583 steps | disk free 38G | mem 2.8G/60G | {"step":10693,"ce":5.200593,"loss":5.205772,"lr":0.003729622,"code_temperature":0.2,"masked_targets":512,"compute_seconds":20775.3424,"wall_seconds":20895.9332,"val_mlm_ce":5.300566}
HB [12:21:08] pretrain 12583 steps | disk free 38G | mem 2.8G/60G | {"step":10693,"ce":5.200593,"loss":5.205772,"lr":0.003729622,"code_temperature":0.2,"masked_targets":512,"compute_seconds":20775.3424,"wall_seconds":20895.9332,"val_mlm_ce":5.300566}
HB [12:21:38] pretrain 12583 steps | disk free 38G | mem 2.8G/60G | {"step":10693,"ce":5.200593,"loss":5.205772,"lr":0.003729622,"code_temperature":0.2,"masked_targets":512,"compute_seconds":20775.3424,"wall_seconds":20895.9332,"val_mlm_ce":5.300566}
HB [12:22:08] pretrain 12583 steps | disk free 38G | mem 2.8G/60G | {"step":10693,"ce":5.200593,"loss":5.205772,"lr":0.003729622,"code_temperature":0.2,"masked_targets":512,"compute_seconds":20775.3424,"wall_seconds":20895.9332,"val_mlm_ce":5.300566}
HB [12:22:38] pretrain 12583 steps | disk free 38G | mem 2.8G/60G | {"step":10693,"ce":5.200593,"loss":5.205772,"lr":0.003729622,"code_temperature":0.2,"masked_targets":512,"compute_seconds":20775.3424,"wall_seconds":20895.9332,"val_mlm_ce":5.300566}
HB [12:23:08] pretrain 12583 steps | disk free 38G | mem 2.8G/60G | {"step":10693,"ce":5.200593,"loss":5.205772,"lr":0.003729622,"code_temperature":0.2,"masked_targets":512,"compute_seconds":20775.3424,"wall_seconds":20895.9332,"val_mlm_ce":5.300566}
HB [12:23:38] pretrain 12583 steps | disk free 38G | mem 2.8G/60G | {"step":10693,"ce":5.200593,"loss":5.205772,"lr":0.003729622,"code_temperature":0.2,"masked_targets":512,"compute_seconds":20775.3424,"wall_seconds":20895.9332,"val_mlm_ce":5.300566}
HB [12:24:08] pretrain 12583 steps | disk free 38G | mem 2.8G/60G | {"step":10693,"ce":5.200593,"loss":5.205772,"lr":0.003729622,"code_temperature":0.2,"masked_targets":512,"compute_seconds":20775.3424,"wall_seconds":20895.9332,"val_mlm_ce":5.300566}
HB [12:24:38] pretrain 12583 steps | disk free 38G | mem 2.8G/60G | {"step":11322,"ce":5.026768,"loss":5.031931,"lr":0.003053047,"code_temperature":0.2,"masked_targets":512,"compute_seconds":21888.3202,"wall_seconds":22014.4475,"val_mlm_ce":5.294654}
HB [12:25:08] pretrain 12583 steps | disk free 38G | mem 2.8G/60G | {"step":11322,"ce":5.026768,"loss":5.031931,"lr":0.003053047,"code_temperature":0.2,"masked_targets":512,"compute_seconds":21888.3202,"wall_seconds":22014.4475,"val_mlm_ce":5.294654}
HB [12:25:38] pretrain 12583 steps | disk free 38G | mem 2.8G/60G | {"step":11322,"ce":5.026768,"loss":5.031931,"lr":0.003053047,"code_temperature":0.2,"masked_targets":512,"compute_seconds":21888.3202,"wall_seconds":22014.4475,"val_mlm_ce":5.294654}
HB [12:26:08] pretrain 12583 steps | disk free 38G | mem 2.8G/60G | {"step":11322,"ce":5.026768,"loss":5.031931,"lr":0.003053047,"code_temperature":0.2,"masked_targets":512,"compute_seconds":21888.3202,"wall_seconds":22014.4475,"val_mlm_ce":5.294654}
HB [12:26:38] pretrain 12583 steps | disk free 38G | mem 2.8G/60G | {"step":11322,"ce":5.026768,"loss":5.031931,"lr":0.003053047,"code_temperature":0.2,"masked_targets":512,"compute_seconds":21888.3202,"wall_seconds":22014.4475,"val_mlm_ce":5.294654}
HB [12:27:08] pretrain 12583 steps | disk free 38G | mem 2.8G/60G | {"step":11322,"ce":5.026768,"loss":5.031931,"lr":0.003053047,"code_temperature":0.2,"masked_targets":512,"compute_seconds":21888.3202,"wall_seconds":22014.4475,"val_mlm_ce":5.294654}
HB [12:27:38] pretrain 12583 steps | disk free 38G | mem 2.8G/60G | {"step":11322,"ce":5.026768,"loss":5.031931,"lr":0.003053047,"code_temperature":0.2,"masked_targets":512,"compute_seconds":21888.3202,"wall_seconds":22014.4475,"val_mlm_ce":5.294654}
HB [12:28:08] pretrain 12583 steps | disk free 38G | mem 2.8G/60G | {"step":11322,"ce":5.026768,"loss":5.031931,"lr":0.003053047,"code_temperature":0.2,"masked_targets":512,"compute_seconds":21888.3202,"wall_seconds":22014.4475,"val_mlm_ce":5.294654}
HB [12:28:38] pretrain 12583 steps | disk free 38G | mem 2.8G/60G | {"step":11322,"ce":5.026768,"loss":5.031931,"lr":0.003053047,"code_temperature":0.2,"masked_targets":512,"compute_seconds":21888.3202,"wall_seconds":22014.4475,"val_mlm_ce":5.294654}
HB [12:29:08] pretrain 12583 steps | disk free 38G | mem 2.8G/60G | {"step":11322,"ce":5.026768,"loss":5.031931,"lr":0.003053047,"code_temperature":0.2,"masked_targets":512,"compute_seconds":21888.3202,"wall_seconds":22014.4475,"val_mlm_ce":5.294654}
HB [12:29:38] pretrain 12583 steps | disk free 38G | mem 2.8G/60G | {"step":11322,"ce":5.026768,"loss":5.031931,"lr":0.003053047,"code_temperature":0.2,"masked_targets":512,"compute_seconds":21888.3202,"wall_seconds":22014.4475,"val_mlm_ce":5.294654}
HB [12:30:08] pretrain 12583 steps | disk free 38G | mem 2.8G/60G | {"step":11322,"ce":5.026768,"loss":5.031931,"lr":0.003053047,"code_temperature":0.2,"masked_targets":512,"compute_seconds":21888.3202,"wall_seconds":22014.4475,"val_mlm_ce":5.294654}
HB [12:30:38] pretrain 12583 steps | disk free 38G | mem 2.8G/60G | {"step":11322,"ce":5.026768,"loss":5.031931,"lr":0.003053047,"code_temperature":0.2,"masked_targets":512,"compute_seconds":21888.3202,"wall_seconds":22014.4475,"val_mlm_ce":5.294654}
HB [12:31:08] pretrain 12583 steps | disk free 38G | mem 2.8G/60G | {"step":11322,"ce":5.026768,"loss":5.031931,"lr":0.003053047,"code_temperature":0.2,"masked_targets":512,"compute_seconds":21888.3202,"wall_seconds":22014.4475,"val_mlm_ce":5.294654}
HB [12:31:38] pretrain 12583 steps | disk free 38G | mem 2.8G/60G | {"step":11322,"ce":5.026768,"loss":5.031931,"lr":0.003053047,"code_temperature":0.2,"masked_targets":512,"compute_seconds":21888.3202,"wall_seconds":22014.4475,"val_mlm_ce":5.294654}
HB [12:32:08] pretrain 12583 steps | disk free 38G | mem 2.8G/60G | {"step":11322,"ce":5.026768,"loss":5.031931,"lr":0.003053047,"code_temperature":0.2,"masked_targets":512,"compute_seconds":21888.3202,"wall_seconds":22014.4475,"val_mlm_ce":5.294654}
HB [12:32:39] pretrain 12583 steps | disk free 38G | mem 2.8G/60G | {"step":11322,"ce":5.026768,"loss":5.031931,"lr":0.003053047,"code_temperature":0.2,"masked_targets":512,"compute_seconds":21888.3202,"wall_seconds":22014.4475,"val_mlm_ce":5.294654}
HB [12:33:09] pretrain 12583 steps | disk free 38G | mem 2.8G/60G | {"step":11322,"ce":5.026768,"loss":5.031931,"lr":0.003053047,"code_temperature":0.2,"masked_targets":512,"compute_seconds":21888.3202,"wall_seconds":22014.4475,"val_mlm_ce":5.294654}
HB [12:33:39] pretrain 12583 steps | disk free 38G | mem 2.8G/60G | {"step":11322,"ce":5.026768,"loss":5.031931,"lr":0.003053047,"code_temperature":0.2,"masked_targets":512,"compute_seconds":21888.3202,"wall_seconds":22014.4475,"val_mlm_ce":5.294654}
HB [12:34:09] pretrain 12583 steps | disk free 38G | mem 2.8G/60G | {"step":11322,"ce":5.026768,"loss":5.031931,"lr":0.003053047,"code_temperature":0.2,"masked_targets":512,"compute_seconds":21888.3202,"wall_seconds":22014.4475,"val_mlm_ce":5.294654}
HB [12:34:39] pretrain 12583 steps | disk free 38G | mem 2.8G/60G | {"step":11322,"ce":5.026768,"loss":5.031931,"lr":0.003053047,"code_temperature":0.2,"masked_targets":512,"compute_seconds":21888.3202,"wall_seconds":22014.4475,"val_mlm_ce":5.294654}
HB [12:35:09] pretrain 12583 steps | disk free 38G | mem 2.8G/60G | {"step":11322,"ce":5.026768,"loss":5.031931,"lr":0.003053047,"code_temperature":0.2,"masked_targets":512,"compute_seconds":21888.3202,"wall_seconds":22014.4475,"val_mlm_ce":5.294654}
HB [12:35:39] pretrain 12583 steps | disk free 38G | mem 2.8G/60G | {"step":11322,"ce":5.026768,"loss":5.031931,"lr":0.003053047,"code_temperature":0.2,"masked_targets":512,"compute_seconds":21888.3202,"wall_seconds":22014.4475,"val_mlm_ce":5.294654}
HB [12:36:09] pretrain 12583 steps | disk free 38G | mem 2.8G/60G | {"step":11322,"ce":5.026768,"loss":5.031931,"lr":0.003053047,"code_temperature":0.2,"masked_targets":512,"compute_seconds":21888.3202,"wall_seconds":22014.4475,"val_mlm_ce":5.294654}
HB [12:36:39] pretrain 12583 steps | disk free 38G | mem 2.8G/60G | {"step":11322,"ce":5.026768,"loss":5.031931,"lr":0.003053047,"code_temperature":0.2,"masked_targets":512,"compute_seconds":21888.3202,"wall_seconds":22014.4475,"val_mlm_ce":5.294654}
HB [12:37:09] pretrain 12583 steps | disk free 38G | mem 2.8G/60G | {"step":11322,"ce":5.026768,"loss":5.031931,"lr":0.003053047,"code_temperature":0.2,"masked_targets":512,"compute_seconds":21888.3202,"wall_seconds":22014.4475,"val_mlm_ce":5.294654}
HB [12:37:39] pretrain 12583 steps | disk free 38G | mem 2.8G/60G | {"step":11322,"ce":5.026768,"loss":5.031931,"lr":0.003053047,"code_temperature":0.2,"masked_targets":512,"compute_seconds":21888.3202,"wall_seconds":22014.4475,"val_mlm_ce":5.294654}
HB [12:38:09] pretrain 12583 steps | disk free 38G | mem 2.8G/60G | {"step":11322,"ce":5.026768,"loss":5.031931,"lr":0.003053047,"code_temperature":0.2,"masked_targets":512,"compute_seconds":21888.3202,"wall_seconds":22014.4475,"val_mlm_ce":5.294654}
HB [12:38:39] pretrain 12583 steps | disk free 38G | mem 2.8G/60G | {"step":11322,"ce":5.026768,"loss":5.031931,"lr":0.003053047,"code_temperature":0.2,"masked_targets":512,"compute_seconds":21888.3202,"wall_seconds":22014.4475,"val_mlm_ce":5.294654}
HB [12:39:09] pretrain 12583 steps | disk free 38G | mem 2.8G/60G | {"step":11322,"ce":5.026768,"loss":5.031931,"lr":0.003053047,"code_temperature":0.2,"masked_targets":512,"compute_seconds":21888.3202,"wall_seconds":22014.4475,"val_mlm_ce":5.294654}
HB [12:39:39] pretrain 12583 steps | disk free 38G | mem 2.8G/60G | {"step":11322,"ce":5.026768,"loss":5.031931,"lr":0.003053047,"code_temperature":0.2,"masked_targets":512,"compute_seconds":21888.3202,"wall_seconds":22014.4475,"val_mlm_ce":5.294654}
HB [12:40:09] pretrain 12583 steps | disk free 38G | mem 2.8G/60G | {"step":11322,"ce":5.026768,"loss":5.031931,"lr":0.003053047,"code_temperature":0.2,"masked_targets":512,"compute_seconds":21888.3202,"wall_seconds":22014.4475,"val_mlm_ce":5.294654}
HB [12:40:39] pretrain 12583 steps | disk free 38G | mem 2.8G/60G | {"step":11322,"ce":5.026768,"loss":5.031931,"lr":0.003053047,"code_temperature":0.2,"masked_targets":512,"compute_seconds":21888.3202,"wall_seconds":22014.4475,"val_mlm_ce":5.294654}
HB [12:41:09] pretrain 12583 steps | disk free 38G | mem 2.8G/60G | {"step":11322,"ce":5.026768,"loss":5.031931,"lr":0.003053047,"code_temperature":0.2,"masked_targets":512,"compute_seconds":21888.3202,"wall_seconds":22014.4475,"val_mlm_ce":5.294654}
HB [12:41:39] pretrain 12583 steps | disk free 38G | mem 2.8G/60G | {"step":11322,"ce":5.026768,"loss":5.031931,"lr":0.003053047,"code_temperature":0.2,"masked_targets":512,"compute_seconds":21888.3202,"wall_seconds":22014.4475,"val_mlm_ce":5.294654}
HB [12:42:09] pretrain 12583 steps | disk free 38G | mem 2.8G/60G | {"step":11322,"ce":5.026768,"loss":5.031931,"lr":0.003053047,"code_temperature":0.2,"masked_targets":512,"compute_seconds":21888.3202,"wall_seconds":22014.4475,"val_mlm_ce":5.294654}
HB [12:42:39] pretrain 12583 steps | disk free 38G | mem 2.8G/60G | {"step":11322,"ce":5.026768,"loss":5.031931,"lr":0.003053047,"code_temperature":0.2,"masked_targets":512,"compute_seconds":21888.3202,"wall_seconds":22014.4475,"val_mlm_ce":5.294654}
HB [12:43:09] pretrain 12583 steps | disk free 38G | mem 2.8G/60G | {"step":11322,"ce":5.026768,"loss":5.031931,"lr":0.003053047,"code_temperature":0.2,"masked_targets":512,"compute_seconds":21888.3202,"wall_seconds":22014.4475,"val_mlm_ce":5.294654}
HB [12:43:39] pretrain 12583 steps | disk free 38G | mem 2.8G/60G | {"step":11322,"ce":5.026768,"loss":5.031931,"lr":0.003053047,"code_temperature":0.2,"masked_targets":512,"compute_seconds":21888.3202,"wall_seconds":22014.4475,"val_mlm_ce":5.294654}
HB [12:44:09] pretrain 12583 steps | disk free 38G | mem 2.8G/60G | {"step":11322,"ce":5.026768,"loss":5.031931,"lr":0.003053047,"code_temperature":0.2,"masked_targets":512,"compute_seconds":21888.3202,"wall_seconds":22014.4475,"val_mlm_ce":5.294654}
HB [12:44:39] pretrain 12583 steps | disk free 38G | mem 2.8G/60G | {"step":11951,"ce":5.274362,"loss":5.279511,"lr":0.002639783,"code_temperature":0.2,"masked_targets":512,"compute_seconds":23072.4944,"wall_seconds":23205.4437,"val_mlm_ce":5.28987}
HB [12:45:09] pretrain 12583 steps | disk free 38G | mem 2.8G/60G | {"step":11951,"ce":5.274362,"loss":5.279511,"lr":0.002639783,"code_temperature":0.2,"masked_targets":512,"compute_seconds":23072.4944,"wall_seconds":23205.4437,"val_mlm_ce":5.28987}
HB [12:45:39] pretrain 12583 steps | disk free 38G | mem 2.8G/60G | {"step":11951,"ce":5.274362,"loss":5.279511,"lr":0.002639783,"code_temperature":0.2,"masked_targets":512,"compute_seconds":23072.4944,"wall_seconds":23205.4437,"val_mlm_ce":5.28987}
HB [12:46:10] pretrain 12583 steps | disk free 38G | mem 2.8G/60G | {"step":11951,"ce":5.274362,"loss":5.279511,"lr":0.002639783,"code_temperature":0.2,"masked_targets":512,"compute_seconds":23072.4944,"wall_seconds":23205.4437,"val_mlm_ce":5.28987}
HB [12:46:40] pretrain 12583 steps | disk free 38G | mem 2.8G/60G | {"step":11951,"ce":5.274362,"loss":5.279511,"lr":0.002639783,"code_temperature":0.2,"masked_targets":512,"compute_seconds":23072.4944,"wall_seconds":23205.4437,"val_mlm_ce":5.28987}
HB [12:47:10] pretrain 12583 steps | disk free 38G | mem 2.8G/60G | {"step":11951,"ce":5.274362,"loss":5.279511,"lr":0.002639783,"code_temperature":0.2,"masked_targets":512,"compute_seconds":23072.4944,"wall_seconds":23205.4437,"val_mlm_ce":5.28987}
HB [12:47:40] pretrain 12583 steps | disk free 38G | mem 2.8G/60G | {"step":11951,"ce":5.274362,"loss":5.279511,"lr":0.002639783,"code_temperature":0.2,"masked_targets":512,"compute_seconds":23072.4944,"wall_seconds":23205.4437,"val_mlm_ce":5.28987}
HB [12:48:10] pretrain 12583 steps | disk free 38G | mem 2.8G/60G | {"step":11951,"ce":5.274362,"loss":5.279511,"lr":0.002639783,"code_temperature":0.2,"masked_targets":512,"compute_seconds":23072.4944,"wall_seconds":23205.4437,"val_mlm_ce":5.28987}
HB [12:48:40] pretrain 12583 steps | disk free 38G | mem 2.8G/60G | {"step":11951,"ce":5.274362,"loss":5.279511,"lr":0.002639783,"code_temperature":0.2,"masked_targets":512,"compute_seconds":23072.4944,"wall_seconds":23205.4437,"val_mlm_ce":5.28987}
HB [12:49:10] pretrain 12583 steps | disk free 38G | mem 2.8G/60G | {"step":11951,"ce":5.274362,"loss":5.279511,"lr":0.002639783,"code_temperature":0.2,"masked_targets":512,"compute_seconds":23072.4944,"wall_seconds":23205.4437,"val_mlm_ce":5.28987}
HB [12:49:40] pretrain 12583 steps | disk free 38G | mem 2.8G/60G | {"step":11951,"ce":5.274362,"loss":5.279511,"lr":0.002639783,"code_temperature":0.2,"masked_targets":512,"compute_seconds":23072.4944,"wall_seconds":23205.4437,"val_mlm_ce":5.28987}
HB [12:50:10] pretrain 12583 steps | disk free 38G | mem 2.8G/60G | {"step":11951,"ce":5.274362,"loss":5.279511,"lr":0.002639783,"code_temperature":0.2,"masked_targets":512,"compute_seconds":23072.4944,"wall_seconds":23205.4437,"val_mlm_ce":5.28987}
HB [12:50:40] pretrain 12583 steps | disk free 38G | mem 2.8G/60G | {"step":11951,"ce":5.274362,"loss":5.279511,"lr":0.002639783,"code_temperature":0.2,"masked_targets":512,"compute_seconds":23072.4944,"wall_seconds":23205.4437,"val_mlm_ce":5.28987}
HB [12:51:10] pretrain 12583 steps | disk free 38G | mem 2.8G/60G | {"step":11951,"ce":5.274362,"loss":5.279511,"lr":0.002639783,"code_temperature":0.2,"masked_targets":512,"compute_seconds":23072.4944,"wall_seconds":23205.4437,"val_mlm_ce":5.28987}
HB [12:51:40] pretrain 12583 steps | disk free 38G | mem 2.8G/60G | {"step":11951,"ce":5.274362,"loss":5.279511,"lr":0.002639783,"code_temperature":0.2,"masked_targets":512,"compute_seconds":23072.4944,"wall_seconds":23205.4437,"val_mlm_ce":5.28987}
HB [12:52:10] pretrain 12583 steps | disk free 38G | mem 2.8G/60G | {"step":11951,"ce":5.274362,"loss":5.279511,"lr":0.002639783,"code_temperature":0.2,"masked_targets":512,"compute_seconds":23072.4944,"wall_seconds":23205.4437,"val_mlm_ce":5.28987}
HB [12:52:40] pretrain 12583 steps | disk free 38G | mem 2.8G/60G | {"step":11951,"ce":5.274362,"loss":5.279511,"lr":0.002639783,"code_temperature":0.2,"masked_targets":512,"compute_seconds":23072.4944,"wall_seconds":23205.4437,"val_mlm_ce":5.28987}
HB [12:53:10] pretrain 12583 steps | disk free 38G | mem 2.8G/60G | {"step":11951,"ce":5.274362,"loss":5.279511,"lr":0.002639783,"code_temperature":0.2,"masked_targets":512,"compute_seconds":23072.4944,"wall_seconds":23205.4437,"val_mlm_ce":5.28987}
HB [12:53:40] pretrain 12583 steps | disk free 38G | mem 2.8G/60G | {"step":11951,"ce":5.274362,"loss":5.279511,"lr":0.002639783,"code_temperature":0.2,"masked_targets":512,"compute_seconds":23072.4944,"wall_seconds":23205.4437,"val_mlm_ce":5.28987}
HB [12:54:10] pretrain 12583 steps | disk free 38G | mem 2.8G/60G | {"step":11951,"ce":5.274362,"loss":5.279511,"lr":0.002639783,"code_temperature":0.2,"masked_targets":512,"compute_seconds":23072.4944,"wall_seconds":23205.4437,"val_mlm_ce":5.28987}
HB [12:54:40] pretrain 12583 steps | disk free 38G | mem 2.8G/60G | {"step":11951,"ce":5.274362,"loss":5.279511,"lr":0.002639783,"code_temperature":0.2,"masked_targets":512,"compute_seconds":23072.4944,"wall_seconds":23205.4437,"val_mlm_ce":5.28987}
HB [12:55:10] pretrain 12583 steps | disk free 38G | mem 2.8G/60G | {"step":11951,"ce":5.274362,"loss":5.279511,"lr":0.002639783,"code_temperature":0.2,"masked_targets":512,"compute_seconds":23072.4944,"wall_seconds":23205.4437,"val_mlm_ce":5.28987}
HB [12:55:40] pretrain 12583 steps | disk free 38G | mem 2.8G/60G | {"step":11951,"ce":5.274362,"loss":5.279511,"lr":0.002639783,"code_temperature":0.2,"masked_targets":512,"compute_seconds":23072.4944,"wall_seconds":23205.4437,"val_mlm_ce":5.28987}
HB [12:56:10] pretrain 12583 steps | disk free 38G | mem 2.8G/60G | {"step":11951,"ce":5.274362,"loss":5.279511,"lr":0.002639783,"code_temperature":0.2,"masked_targets":512,"compute_seconds":23072.4944,"wall_seconds":23205.4437,"val_mlm_ce":5.28987}
HB [12:56:40] pretrain 12583 steps | disk free 38G | mem 2.8G/60G | {"step":11951,"ce":5.274362,"loss":5.279511,"lr":0.002639783,"code_temperature":0.2,"masked_targets":512,"compute_seconds":23072.4944,"wall_seconds":23205.4437,"val_mlm_ce":5.28987}
HB [12:57:10] pretrain 12583 steps | disk free 38G | mem 2.8G/60G | {"step":11951,"ce":5.274362,"loss":5.279511,"lr":0.002639783,"code_temperature":0.2,"masked_targets":512,"compute_seconds":23072.4944,"wall_seconds":23205.4437,"val_mlm_ce":5.28987}
HB [12:57:40] pretrain 12583 steps | disk free 38G | mem 2.8G/60G | {"step":11951,"ce":5.274362,"loss":5.279511,"lr":0.002639783,"code_temperature":0.2,"masked_targets":512,"compute_seconds":23072.4944,"wall_seconds":23205.4437,"val_mlm_ce":5.28987}
HB [12:58:10] pretrain 12583 steps | disk free 38G | mem 2.8G/60G | {"step":11951,"ce":5.274362,"loss":5.279511,"lr":0.002639783,"code_temperature":0.2,"masked_targets":512,"compute_seconds":23072.4944,"wall_seconds":23205.4437,"val_mlm_ce":5.28987}
HB [12:58:40] pretrain 12583 steps | disk free 38G | mem 2.8G/60G | {"step":11951,"ce":5.274362,"loss":5.279511,"lr":0.002639783,"code_temperature":0.2,"masked_targets":512,"compute_seconds":23072.4944,"wall_seconds":23205.4437,"val_mlm_ce":5.28987}
HB [12:59:10] pretrain 12583 steps | disk free 38G | mem 2.8G/60G | {"step":11951,"ce":5.274362,"loss":5.279511,"lr":0.002639783,"code_temperature":0.2,"masked_targets":512,"compute_seconds":23072.4944,"wall_seconds":23205.4437,"val_mlm_ce":5.28987}
HB [12:59:41] pretrain 12583 steps | disk free 38G | mem 2.8G/60G | {"step":11951,"ce":5.274362,"loss":5.279511,"lr":0.002639783,"code_temperature":0.2,"masked_targets":512,"compute_seconds":23072.4944,"wall_seconds":23205.4437,"val_mlm_ce":5.28987}
HB [13:00:11] pretrain 12583 steps | disk free 38G | mem 2.8G/60G | {"step":11951,"ce":5.274362,"loss":5.279511,"lr":0.002639783,"code_temperature":0.2,"masked_targets":512,"compute_seconds":23072.4944,"wall_seconds":23205.4437,"val_mlm_ce":5.28987}
HB [13:00:41] pretrain 12583 steps | disk free 38G | mem 2.8G/60G | {"step":11951,"ce":5.274362,"loss":5.279511,"lr":0.002639783,"code_temperature":0.2,"masked_targets":512,"compute_seconds":23072.4944,"wall_seconds":23205.4437,"val_mlm_ce":5.28987}
HB [13:01:11] pretrain 12583 steps | disk free 38G | mem 2.8G/60G | {"step":11951,"ce":5.274362,"loss":5.279511,"lr":0.002639783,"code_temperature":0.2,"masked_targets":512,"compute_seconds":23072.4944,"wall_seconds":23205.4437,"val_mlm_ce":5.28987}
HB [13:01:41] pretrain 12583 steps | disk free 38G | mem 2.8G/60G | {"step":11951,"ce":5.274362,"loss":5.279511,"lr":0.002639783,"code_temperature":0.2,"masked_targets":512,"compute_seconds":23072.4944,"wall_seconds":23205.4437,"val_mlm_ce":5.28987}
HB [13:02:11] pretrain 12583 steps | disk free 38G | mem 2.8G/60G | {"step":11951,"ce":5.274362,"loss":5.279511,"lr":0.002639783,"code_temperature":0.2,"masked_targets":512,"compute_seconds":23072.4944,"wall_seconds":23205.4437,"val_mlm_ce":5.28987}
HB [13:02:41] pretrain 12583 steps | disk free 38G | mem 2.8G/60G | {"step":11951,"ce":5.274362,"loss":5.279511,"lr":0.002639783,"code_temperature":0.2,"masked_targets":512,"compute_seconds":23072.4944,"wall_seconds":23205.4437,"val_mlm_ce":5.28987}
HB [13:03:11] pretrain 12583 steps | disk free 38G | mem 2.8G/60G | {"step":11951,"ce":5.274362,"loss":5.279511,"lr":0.002639783,"code_temperature":0.2,"masked_targets":512,"compute_seconds":23072.4944,"wall_seconds":23205.4437,"val_mlm_ce":5.28987}
HB [13:03:41] pretrain 12583 steps | disk free 38G | mem 2.8G/60G | {"step":11951,"ce":5.274362,"loss":5.279511,"lr":0.002639783,"code_temperature":0.2,"masked_targets":512,"compute_seconds":23072.4944,"wall_seconds":23205.4437,"val_mlm_ce":5.28987}
HB [13:04:11] pretrain 12583 steps | disk free 38G | mem 2.8G/60G | {"step":12580,"ce":5.120534,"loss":5.125672,"lr":0.002500003,"code_temperature":0.2,"masked_targets":512,"compute_seconds":24248.6423,"wall_seconds":24388.8179,"val_mlm_ce":5.285435}
curve "step":629	"val_mlm_ce":6.855171
curve "step":1258	"val_mlm_ce":6.153991
curve "step":1887	"val_mlm_ce":5.838322
curve "step":2516	"val_mlm_ce":5.676781
curve "step":3145	"val_mlm_ce":5.576441
curve "step":3774	"val_mlm_ce":5.501362
curve "step":4403	"val_mlm_ce":5.452284
curve "step":5032	"val_mlm_ce":5.414924
curve "step":5661	"val_mlm_ce":5.387256
curve "step":6290	"val_mlm_ce":5.357693
curve "step":6919	"val_mlm_ce":5.345783
curve "step":7548	"val_mlm_ce":5.331765
curve "step":8177	"val_mlm_ce":5.31842
curve "step":8806	"val_mlm_ce":5.310732
curve "step":9435	"val_mlm_ce":5.307468
curve "step":10064	"val_mlm_ce":5.309631
curve "step":10693	"val_mlm_ce":5.300566
curve "step":11322	"val_mlm_ce":5.294654
curve "step":11951	"val_mlm_ce":5.28987
curve "step":12580	"val_mlm_ce":5.285435
curve "step":12583	"val_mlm_ce":5.285528
== [13:04:23] masked-token test ranking (pt.ltc)
HB [13:04:41] masked-token test ranking (pt.ltc) | disk free 38G | mem 2.6G/60G | {"step":12583,"ce":5.330831,"loss":5.335968,"lr":0.0025,"code_temperature":0.2,"masked_targets":512,"compute_seconds":24254.2201,"wall_seconds":24401.2691,"val_mlm_ce":5.285528}
RESULT {"model":"logicae-pt.ltc","test20k":{"n":20000,"acc@1":0.237800,"acc@10":0.450600,"mrr":0.310544,"params":4404791}}
== [13:04:42] masked-token test ranking (pt.ltc.best)
RESULT {"model":"logicae-pt.ltc.best","test20k":{"n":20000,"acc@1":0.237750,"acc@10":0.450450,"mrr":0.310504,"params":4404791}}
== [13:05:06] fine-tune sst2_pretrained
HB [13:05:11] fine-tune sst2_pretrained | disk free 38G | mem 2.4G/60G | 
HB [13:05:41] fine-tune sst2_pretrained | disk free 38G | mem 2.4G/60G | 
HB [13:06:11] fine-tune sst2_pretrained | disk free 38G | mem 2.4G/60G | 
HB [13:06:41] fine-tune sst2_pretrained | disk free 38G | mem 2.4G/60G | 
HB [13:07:11] fine-tune sst2_pretrained | disk free 38G | mem 2.4G/60G | 
HB [13:07:41] fine-tune sst2_pretrained | disk free 38G | mem 2.4G/60G | 
HB [13:08:11] fine-tune sst2_pretrained | disk free 38G | mem 2.4G/60G | 
HB [13:08:41] fine-tune sst2_pretrained | disk free 38G | mem 2.4G/60G | 
HB [13:09:11] fine-tune sst2_pretrained | disk free 38G | mem 2.4G/60G | 
HB [13:09:41] fine-tune sst2_pretrained | disk free 38G | mem 2.4G/60G | 
HB [13:10:11] fine-tune sst2_pretrained | disk free 38G | mem 2.4G/60G | 
HB [13:10:41] fine-tune sst2_pretrained | disk free 38G | mem 2.4G/60G | 
HB [13:11:11] fine-tune sst2_pretrained | disk free 38G | mem 2.4G/60G | 
HB [13:11:41] fine-tune sst2_pretrained | disk free 38G | mem 2.4G/60G | 
HB [13:12:11] fine-tune sst2_pretrained | disk free 38G | mem 2.5G/60G | {"step":250,"ce":0.6819627,"loss":0.6833727,"lr":0.02414956,"code_temperature":0.87544,"masked_targets":0,"compute_seconds":400.0419,"wall_seconds":401.4249,"val_hard_accuracy":0.547}
HB [13:12:41] fine-tune sst2_pretrained | disk free 38G | mem 2.5G/60G | {"step":250,"ce":0.6819627,"loss":0.6833727,"lr":0.02414956,"code_temperature":0.87544,"masked_targets":0,"compute_seconds":400.0419,"wall_seconds":401.4249,"val_hard_accuracy":0.547}
HB [13:13:11] fine-tune sst2_pretrained | disk free 38G | mem 2.5G/60G | {"step":250,"ce":0.6819627,"loss":0.6833727,"lr":0.02414956,"code_temperature":0.87544,"masked_targets":0,"compute_seconds":400.0419,"wall_seconds":401.4249,"val_hard_accuracy":0.547}
HB [13:13:41] fine-tune sst2_pretrained | disk free 38G | mem 2.5G/60G | {"step":250,"ce":0.6819627,"loss":0.6833727,"lr":0.02414956,"code_temperature":0.87544,"masked_targets":0,"compute_seconds":400.0419,"wall_seconds":401.4249,"val_hard_accuracy":0.547}
HB [13:14:11] fine-tune sst2_pretrained | disk free 38G | mem 2.5G/60G | {"step":250,"ce":0.6819627,"loss":0.6833727,"lr":0.02414956,"code_temperature":0.87544,"masked_targets":0,"compute_seconds":400.0419,"wall_seconds":401.4249,"val_hard_accuracy":0.547}
HB [13:14:41] fine-tune sst2_pretrained | disk free 38G | mem 2.5G/60G | {"step":250,"ce":0.6819627,"loss":0.6833727,"lr":0.02414956,"code_temperature":0.87544,"masked_targets":0,"compute_seconds":400.0419,"wall_seconds":401.4249,"val_hard_accuracy":0.547}
HB [13:15:11] fine-tune sst2_pretrained | disk free 38G | mem 2.5G/60G | {"step":250,"ce":0.6819627,"loss":0.6833727,"lr":0.02414956,"code_temperature":0.87544,"masked_targets":0,"compute_seconds":400.0419,"wall_seconds":401.4249,"val_hard_accuracy":0.547}
HB [13:15:41] fine-tune sst2_pretrained | disk free 38G | mem 2.5G/60G | {"step":250,"ce":0.6819627,"loss":0.6833727,"lr":0.02414956,"code_temperature":0.87544,"masked_targets":0,"compute_seconds":400.0419,"wall_seconds":401.4249,"val_hard_accuracy":0.547}
HB [13:16:11] fine-tune sst2_pretrained | disk free 38G | mem 2.5G/60G | {"step":250,"ce":0.6819627,"loss":0.6833727,"lr":0.02414956,"code_temperature":0.87544,"masked_targets":0,"compute_seconds":400.0419,"wall_seconds":401.4249,"val_hard_accuracy":0.547}
HB [13:16:41] fine-tune sst2_pretrained | disk free 38G | mem 2.5G/60G | {"step":250,"ce":0.6819627,"loss":0.6833727,"lr":0.02414956,"code_temperature":0.87544,"masked_targets":0,"compute_seconds":400.0419,"wall_seconds":401.4249,"val_hard_accuracy":0.547}
HB [13:17:11] fine-tune sst2_pretrained | disk free 38G | mem 2.5G/60G | {"step":250,"ce":0.6819627,"loss":0.6833727,"lr":0.02414956,"code_temperature":0.87544,"masked_targets":0,"compute_seconds":400.0419,"wall_seconds":401.4249,"val_hard_accuracy":0.547}
HB [13:17:42] fine-tune sst2_pretrained | disk free 38G | mem 2.5G/60G | {"step":250,"ce":0.6819627,"loss":0.6833727,"lr":0.02414956,"code_temperature":0.87544,"masked_targets":0,"compute_seconds":400.0419,"wall_seconds":401.4249,"val_hard_accuracy":0.547}
HB [13:18:12] fine-tune sst2_pretrained | disk free 38G | mem 2.5G/60G | {"step":250,"ce":0.6819627,"loss":0.6833727,"lr":0.02414956,"code_temperature":0.87544,"masked_targets":0,"compute_seconds":400.0419,"wall_seconds":401.4249,"val_hard_accuracy":0.547}
HB [13:18:42] fine-tune sst2_pretrained | disk free 38G | mem 2.5G/60G | {"step":500,"ce":0.5754819,"loss":0.5760326,"lr":0.02171432,"code_temperature":0.75038,"masked_targets":0,"compute_seconds":809.0449,"wall_seconds":811.0084,"val_hard_accuracy":0.6175}
HB [13:19:12] fine-tune sst2_pretrained | disk free 38G | mem 2.5G/60G | {"step":500,"ce":0.5754819,"loss":0.5760326,"lr":0.02171432,"code_temperature":0.75038,"masked_targets":0,"compute_seconds":809.0449,"wall_seconds":811.0084,"val_hard_accuracy":0.6175}
HB [13:19:42] fine-tune sst2_pretrained | disk free 38G | mem 2.5G/60G | {"step":500,"ce":0.5754819,"loss":0.5760326,"lr":0.02171432,"code_temperature":0.75038,"masked_targets":0,"compute_seconds":809.0449,"wall_seconds":811.0084,"val_hard_accuracy":0.6175}
HB [13:20:12] fine-tune sst2_pretrained | disk free 38G | mem 2.5G/60G | {"step":500,"ce":0.5754819,"loss":0.5760326,"lr":0.02171432,"code_temperature":0.75038,"masked_targets":0,"compute_seconds":809.0449,"wall_seconds":811.0084,"val_hard_accuracy":0.6175}
HB [13:20:42] fine-tune sst2_pretrained | disk free 38G | mem 2.5G/60G | {"step":500,"ce":0.5754819,"loss":0.5760326,"lr":0.02171432,"code_temperature":0.75038,"masked_targets":0,"compute_seconds":809.0449,"wall_seconds":811.0084,"val_hard_accuracy":0.6175}
HB [13:21:12] fine-tune sst2_pretrained | disk free 38G | mem 2.5G/60G | {"step":500,"ce":0.5754819,"loss":0.5760326,"lr":0.02171432,"code_temperature":0.75038,"masked_targets":0,"compute_seconds":809.0449,"wall_seconds":811.0084,"val_hard_accuracy":0.6175}
HB [13:21:42] fine-tune sst2_pretrained | disk free 38G | mem 2.5G/60G | {"step":500,"ce":0.5754819,"loss":0.5760326,"lr":0.02171432,"code_temperature":0.75038,"masked_targets":0,"compute_seconds":809.0449,"wall_seconds":811.0084,"val_hard_accuracy":0.6175}
HB [13:22:12] fine-tune sst2_pretrained | disk free 38G | mem 2.5G/60G | {"step":500,"ce":0.5754819,"loss":0.5760326,"lr":0.02171432,"code_temperature":0.75038,"masked_targets":0,"compute_seconds":809.0449,"wall_seconds":811.0084,"val_hard_accuracy":0.6175}
HB [13:22:42] fine-tune sst2_pretrained | disk free 38G | mem 2.5G/60G | {"step":500,"ce":0.5754819,"loss":0.5760326,"lr":0.02171432,"code_temperature":0.75038,"masked_targets":0,"compute_seconds":809.0449,"wall_seconds":811.0084,"val_hard_accuracy":0.6175}
HB [13:23:12] fine-tune sst2_pretrained | disk free 38G | mem 2.5G/60G | {"step":500,"ce":0.5754819,"loss":0.5760326,"lr":0.02171432,"code_temperature":0.75038,"masked_targets":0,"compute_seconds":809.0449,"wall_seconds":811.0084,"val_hard_accuracy":0.6175}
HB [13:23:42] fine-tune sst2_pretrained | disk free 38G | mem 2.5G/60G | {"step":500,"ce":0.5754819,"loss":0.5760326,"lr":0.02171432,"code_temperature":0.75038,"masked_targets":0,"compute_seconds":809.0449,"wall_seconds":811.0084,"val_hard_accuracy":0.6175}
HB [13:24:12] fine-tune sst2_pretrained | disk free 38G | mem 2.5G/60G | {"step":500,"ce":0.5754819,"loss":0.5760326,"lr":0.02171432,"code_temperature":0.75038,"masked_targets":0,"compute_seconds":809.0449,"wall_seconds":811.0084,"val_hard_accuracy":0.6175}
HB [13:24:42] fine-tune sst2_pretrained | disk free 38G | mem 2.5G/60G | {"step":500,"ce":0.5754819,"loss":0.5760326,"lr":0.02171432,"code_temperature":0.75038,"masked_targets":0,"compute_seconds":809.0449,"wall_seconds":811.0084,"val_hard_accuracy":0.6175}
HB [13:25:12] fine-tune sst2_pretrained | disk free 38G | mem 2.5G/60G | {"step":500,"ce":0.5754819,"loss":0.5760326,"lr":0.02171432,"code_temperature":0.75038,"masked_targets":0,"compute_seconds":809.0449,"wall_seconds":811.0084,"val_hard_accuracy":0.6175}
HB [13:25:42] fine-tune sst2_pretrained | disk free 38G | mem 2.5G/60G | {"step":750,"ce":0.4817199,"loss":0.481969,"lr":0.0180654,"code_temperature":0.62531,"masked_targets":0,"compute_seconds":1219.9014,"wall_seconds":1222.4481,"val_hard_accuracy":0.7335}
HB [13:26:12] fine-tune sst2_pretrained | disk free 38G | mem 2.5G/60G | {"step":750,"ce":0.4817199,"loss":0.481969,"lr":0.0180654,"code_temperature":0.62531,"masked_targets":0,"compute_seconds":1219.9014,"wall_seconds":1222.4481,"val_hard_accuracy":0.7335}
HB [13:26:42] fine-tune sst2_pretrained | disk free 38G | mem 2.5G/60G | {"step":750,"ce":0.4817199,"loss":0.481969,"lr":0.0180654,"code_temperature":0.62531,"masked_targets":0,"compute_seconds":1219.9014,"wall_seconds":1222.4481,"val_hard_accuracy":0.7335}
HB [13:27:12] fine-tune sst2_pretrained | disk free 38G | mem 2.5G/60G | {"step":750,"ce":0.4817199,"loss":0.481969,"lr":0.0180654,"code_temperature":0.62531,"masked_targets":0,"compute_seconds":1219.9014,"wall_seconds":1222.4481,"val_hard_accuracy":0.7335}
HB [13:27:42] fine-tune sst2_pretrained | disk free 38G | mem 2.5G/60G | {"step":750,"ce":0.4817199,"loss":0.481969,"lr":0.0180654,"code_temperature":0.62531,"masked_targets":0,"compute_seconds":1219.9014,"wall_seconds":1222.4481,"val_hard_accuracy":0.7335}
HB [13:28:12] fine-tune sst2_pretrained | disk free 38G | mem 2.5G/60G | {"step":750,"ce":0.4817199,"loss":0.481969,"lr":0.0180654,"code_temperature":0.62531,"masked_targets":0,"compute_seconds":1219.9014,"wall_seconds":1222.4481,"val_hard_accuracy":0.7335}
HB [13:28:42] fine-tune sst2_pretrained | disk free 38G | mem 2.5G/60G | {"step":750,"ce":0.4817199,"loss":0.481969,"lr":0.0180654,"code_temperature":0.62531,"masked_targets":0,"compute_seconds":1219.9014,"wall_seconds":1222.4481,"val_hard_accuracy":0.7335}
HB [13:29:12] fine-tune sst2_pretrained | disk free 38G | mem 2.5G/60G | {"step":750,"ce":0.4817199,"loss":0.481969,"lr":0.0180654,"code_temperature":0.62531,"masked_targets":0,"compute_seconds":1219.9014,"wall_seconds":1222.4481,"val_hard_accuracy":0.7335}
HB [13:29:42] fine-tune sst2_pretrained | disk free 38G | mem 2.5G/60G | {"step":750,"ce":0.4817199,"loss":0.481969,"lr":0.0180654,"code_temperature":0.62531,"masked_targets":0,"compute_seconds":1219.9014,"wall_seconds":1222.4481,"val_hard_accuracy":0.7335}
HB [13:30:12] fine-tune sst2_pretrained | disk free 38G | mem 2.5G/60G | {"step":750,"ce":0.4817199,"loss":0.481969,"lr":0.0180654,"code_temperature":0.62531,"masked_targets":0,"compute_seconds":1219.9014,"wall_seconds":1222.4481,"val_hard_accuracy":0.7335}
HB [13:30:42] fine-tune sst2_pretrained | disk free 38G | mem 2.5G/60G | {"step":750,"ce":0.4817199,"loss":0.481969,"lr":0.0180654,"code_temperature":0.62531,"masked_targets":0,"compute_seconds":1219.9014,"wall_seconds":1222.4481,"val_hard_accuracy":0.7335}
HB [13:31:12] fine-tune sst2_pretrained | disk free 38G | mem 2.5G/60G | {"step":750,"ce":0.4817199,"loss":0.481969,"lr":0.0180654,"code_temperature":0.62531,"masked_targets":0,"compute_seconds":1219.9014,"wall_seconds":1222.4481,"val_hard_accuracy":0.7335}
HB [13:31:42] fine-tune sst2_pretrained | disk free 38G | mem 2.5G/60G | {"step":750,"ce":0.4817199,"loss":0.481969,"lr":0.0180654,"code_temperature":0.62531,"masked_targets":0,"compute_seconds":1219.9014,"wall_seconds":1222.4481,"val_hard_accuracy":0.7335}
HB [13:32:12] fine-tune sst2_pretrained | disk free 38G | mem 2.5G/60G | {"step":750,"ce":0.4817199,"loss":0.481969,"lr":0.0180654,"code_temperature":0.62531,"masked_targets":0,"compute_seconds":1219.9014,"wall_seconds":1222.4481,"val_hard_accuracy":0.7335}
HB [13:32:42] fine-tune sst2_pretrained | disk free 38G | mem 2.5G/60G | {"step":1000,"ce":0.2409819,"loss":0.2411222,"lr":0.01375884,"code_temperature":0.50025,"masked_targets":0,"compute_seconds":1629.3668,"wall_seconds":1632.4939,"val_hard_accuracy":0.806}
HB [13:33:12] fine-tune sst2_pretrained | disk free 38G | mem 2.5G/60G | {"step":1000,"ce":0.2409819,"loss":0.2411222,"lr":0.01375884,"code_temperature":0.50025,"masked_targets":0,"compute_seconds":1629.3668,"wall_seconds":1632.4939,"val_hard_accuracy":0.806}
HB [13:33:42] fine-tune sst2_pretrained | disk free 38G | mem 2.5G/60G | {"step":1000,"ce":0.2409819,"loss":0.2411222,"lr":0.01375884,"code_temperature":0.50025,"masked_targets":0,"compute_seconds":1629.3668,"wall_seconds":1632.4939,"val_hard_accuracy":0.806}
HB [13:34:12] fine-tune sst2_pretrained | disk free 38G | mem 2.5G/60G | {"step":1000,"ce":0.2409819,"loss":0.2411222,"lr":0.01375884,"code_temperature":0.50025,"masked_targets":0,"compute_seconds":1629.3668,"wall_seconds":1632.4939,"val_hard_accuracy":0.806}
HB [13:34:42] fine-tune sst2_pretrained | disk free 38G | mem 2.5G/60G | {"step":1000,"ce":0.2409819,"loss":0.2411222,"lr":0.01375884,"code_temperature":0.50025,"masked_targets":0,"compute_seconds":1629.3668,"wall_seconds":1632.4939,"val_hard_accuracy":0.806}
HB [13:35:12] fine-tune sst2_pretrained | disk free 38G | mem 2.5G/60G | {"step":1000,"ce":0.2409819,"loss":0.2411222,"lr":0.01375884,"code_temperature":0.50025,"masked_targets":0,"compute_seconds":1629.3668,"wall_seconds":1632.4939,"val_hard_accuracy":0.806}
HB [13:35:42] fine-tune sst2_pretrained | disk free 38G | mem 2.5G/60G | {"step":1000,"ce":0.2409819,"loss":0.2411222,"lr":0.01375884,"code_temperature":0.50025,"masked_targets":0,"compute_seconds":1629.3668,"wall_seconds":1632.4939,"val_hard_accuracy":0.806}
HB [13:36:12] fine-tune sst2_pretrained | disk free 38G | mem 2.5G/60G | {"step":1000,"ce":0.2409819,"loss":0.2411222,"lr":0.01375884,"code_temperature":0.50025,"masked_targets":0,"compute_seconds":1629.3668,"wall_seconds":1632.4939,"val_hard_accuracy":0.806}
HB [13:36:42] fine-tune sst2_pretrained | disk free 38G | mem 2.5G/60G | {"step":1000,"ce":0.2409819,"loss":0.2411222,"lr":0.01375884,"code_temperature":0.50025,"masked_targets":0,"compute_seconds":1629.3668,"wall_seconds":1632.4939,"val_hard_accuracy":0.806}
HB [13:37:12] fine-tune sst2_pretrained | disk free 38G | mem 2.5G/60G | {"step":1000,"ce":0.2409819,"loss":0.2411222,"lr":0.01375884,"code_temperature":0.50025,"masked_targets":0,"compute_seconds":1629.3668,"wall_seconds":1632.4939,"val_hard_accuracy":0.806}
HB [13:37:42] fine-tune sst2_pretrained | disk free 38G | mem 2.5G/60G | {"step":1000,"ce":0.2409819,"loss":0.2411222,"lr":0.01375884,"code_temperature":0.50025,"masked_targets":0,"compute_seconds":1629.3668,"wall_seconds":1632.4939,"val_hard_accuracy":0.806}
HB [13:38:12] fine-tune sst2_pretrained | disk free 38G | mem 2.5G/60G | {"step":1000,"ce":0.2409819,"loss":0.2411222,"lr":0.01375884,"code_temperature":0.50025,"masked_targets":0,"compute_seconds":1629.3668,"wall_seconds":1632.4939,"val_hard_accuracy":0.806}
HB [13:38:42] fine-tune sst2_pretrained | disk free 38G | mem 2.5G/60G | {"step":1000,"ce":0.2409819,"loss":0.2411222,"lr":0.01375884,"code_temperature":0.50025,"masked_targets":0,"compute_seconds":1629.3668,"wall_seconds":1632.4939,"val_hard_accuracy":0.806}
HB [13:39:12] fine-tune sst2_pretrained | disk free 38G | mem 2.5G/60G | {"step":1250,"ce":0.3334414,"loss":0.3335348,"lr":0.009450937,"code_temperature":0.37519,"masked_targets":0,"compute_seconds":2040.7079,"wall_seconds":2044.3636,"val_hard_accuracy":0.8055}
HB [13:39:42] fine-tune sst2_pretrained | disk free 38G | mem 2.5G/60G | {"step":1250,"ce":0.3334414,"loss":0.3335348,"lr":0.009450937,"code_temperature":0.37519,"masked_targets":0,"compute_seconds":2040.7079,"wall_seconds":2044.3636,"val_hard_accuracy":0.8055}
HB [13:40:12] fine-tune sst2_pretrained | disk free 38G | mem 2.5G/60G | {"step":1250,"ce":0.3334414,"loss":0.3335348,"lr":0.009450937,"code_temperature":0.37519,"masked_targets":0,"compute_seconds":2040.7079,"wall_seconds":2044.3636,"val_hard_accuracy":0.8055}
HB [13:40:42] fine-tune sst2_pretrained | disk free 38G | mem 2.5G/60G | {"step":1250,"ce":0.3334414,"loss":0.3335348,"lr":0.009450937,"code_temperature":0.37519,"masked_targets":0,"compute_seconds":2040.7079,"wall_seconds":2044.3636,"val_hard_accuracy":0.8055}
HB [13:41:12] fine-tune sst2_pretrained | disk free 38G | mem 2.5G/60G | {"step":1250,"ce":0.3334414,"loss":0.3335348,"lr":0.009450937,"code_temperature":0.37519,"masked_targets":0,"compute_seconds":2040.7079,"wall_seconds":2044.3636,"val_hard_accuracy":0.8055}
HB [13:41:42] fine-tune sst2_pretrained | disk free 38G | mem 2.5G/60G | {"step":1250,"ce":0.3334414,"loss":0.3335348,"lr":0.009450937,"code_temperature":0.37519,"masked_targets":0,"compute_seconds":2040.7079,"wall_seconds":2044.3636,"val_hard_accuracy":0.8055}
HB [13:42:12] fine-tune sst2_pretrained | disk free 38G | mem 2.5G/60G | {"step":1250,"ce":0.3334414,"loss":0.3335348,"lr":0.009450937,"code_temperature":0.37519,"masked_targets":0,"compute_seconds":2040.7079,"wall_seconds":2044.3636,"val_hard_accuracy":0.8055}
HB [13:42:42] fine-tune sst2_pretrained | disk free 38G | mem 2.5G/60G | {"step":1250,"ce":0.3334414,"loss":0.3335348,"lr":0.009450937,"code_temperature":0.37519,"masked_targets":0,"compute_seconds":2040.7079,"wall_seconds":2044.3636,"val_hard_accuracy":0.8055}
HB [13:43:13] fine-tune sst2_pretrained | disk free 38G | mem 2.5G/60G | {"step":1250,"ce":0.3334414,"loss":0.3335348,"lr":0.009450937,"code_temperature":0.37519,"masked_targets":0,"compute_seconds":2040.7079,"wall_seconds":2044.3636,"val_hard_accuracy":0.8055}
HB [13:43:43] fine-tune sst2_pretrained | disk free 38G | mem 2.5G/60G | {"step":1250,"ce":0.3334414,"loss":0.3335348,"lr":0.009450937,"code_temperature":0.37519,"masked_targets":0,"compute_seconds":2040.7079,"wall_seconds":2044.3636,"val_hard_accuracy":0.8055}
HB [13:44:13] fine-tune sst2_pretrained | disk free 38G | mem 2.5G/60G | {"step":1250,"ce":0.3334414,"loss":0.3335348,"lr":0.009450937,"code_temperature":0.37519,"masked_targets":0,"compute_seconds":2040.7079,"wall_seconds":2044.3636,"val_hard_accuracy":0.8055}
HB [13:44:43] fine-tune sst2_pretrained | disk free 38G | mem 2.5G/60G | {"step":1250,"ce":0.3334414,"loss":0.3335348,"lr":0.009450937,"code_temperature":0.37519,"masked_targets":0,"compute_seconds":2040.7079,"wall_seconds":2044.3636,"val_hard_accuracy":0.8055}
HB [13:45:13] fine-tune sst2_pretrained | disk free 38G | mem 2.5G/60G | {"step":1250,"ce":0.3334414,"loss":0.3335348,"lr":0.009450937,"code_temperature":0.37519,"masked_targets":0,"compute_seconds":2040.7079,"wall_seconds":2044.3636,"val_hard_accuracy":0.8055}
HB [13:45:43] fine-tune sst2_pretrained | disk free 38G | mem 2.5G/60G | {"step":1250,"ce":0.3334414,"loss":0.3335348,"lr":0.009450937,"code_temperature":0.37519,"masked_targets":0,"compute_seconds":2040.7079,"wall_seconds":2044.3636,"val_hard_accuracy":0.8055}
HB [13:46:13] fine-tune sst2_pretrained | disk free 38G | mem 2.5G/60G | {"step":1250,"ce":0.3334414,"loss":0.3335348,"lr":0.009450937,"code_temperature":0.37519,"masked_targets":0,"compute_seconds":2040.7079,"wall_seconds":2044.3636,"val_hard_accuracy":0.8055}
HB [13:46:43] fine-tune sst2_pretrained | disk free 38G | mem 2.5G/60G | {"step":1500,"ce":0.2456346,"loss":0.2457012,"lr":0.005798175,"code_temperature":0.25013,"masked_targets":0,"compute_seconds":2466.0585,"wall_seconds":2470.2967,"val_hard_accuracy":0.822}
HB [13:47:13] fine-tune sst2_pretrained | disk free 38G | mem 2.5G/60G | {"step":1500,"ce":0.2456346,"loss":0.2457012,"lr":0.005798175,"code_temperature":0.25013,"masked_targets":0,"compute_seconds":2466.0585,"wall_seconds":2470.2967,"val_hard_accuracy":0.822}
HB [13:47:43] fine-tune sst2_pretrained | disk free 38G | mem 2.5G/60G | {"step":1500,"ce":0.2456346,"loss":0.2457012,"lr":0.005798175,"code_temperature":0.25013,"masked_targets":0,"compute_seconds":2466.0585,"wall_seconds":2470.2967,"val_hard_accuracy":0.822}
HB [13:48:13] fine-tune sst2_pretrained | disk free 38G | mem 2.5G/60G | {"step":1500,"ce":0.2456346,"loss":0.2457012,"lr":0.005798175,"code_temperature":0.25013,"masked_targets":0,"compute_seconds":2466.0585,"wall_seconds":2470.2967,"val_hard_accuracy":0.822}
HB [13:48:43] fine-tune sst2_pretrained | disk free 38G | mem 2.5G/60G | {"step":1500,"ce":0.2456346,"loss":0.2457012,"lr":0.005798175,"code_temperature":0.25013,"masked_targets":0,"compute_seconds":2466.0585,"wall_seconds":2470.2967,"val_hard_accuracy":0.822}
HB [13:49:13] fine-tune sst2_pretrained | disk free 38G | mem 2.5G/60G | {"step":1500,"ce":0.2456346,"loss":0.2457012,"lr":0.005798175,"code_temperature":0.25013,"masked_targets":0,"compute_seconds":2466.0585,"wall_seconds":2470.2967,"val_hard_accuracy":0.822}
HB [13:49:43] fine-tune sst2_pretrained | disk free 38G | mem 2.5G/60G | {"step":1500,"ce":0.2456346,"loss":0.2457012,"lr":0.005798175,"code_temperature":0.25013,"masked_targets":0,"compute_seconds":2466.0585,"wall_seconds":2470.2967,"val_hard_accuracy":0.822}
HB [13:50:13] fine-tune sst2_pretrained | disk free 38G | mem 2.5G/60G | {"step":1500,"ce":0.2456346,"loss":0.2457012,"lr":0.005798175,"code_temperature":0.25013,"masked_targets":0,"compute_seconds":2466.0585,"wall_seconds":2470.2967,"val_hard_accuracy":0.822}
HB [13:50:43] fine-tune sst2_pretrained | disk free 38G | mem 2.5G/60G | {"step":1500,"ce":0.2456346,"loss":0.2457012,"lr":0.005798175,"code_temperature":0.25013,"masked_targets":0,"compute_seconds":2466.0585,"wall_seconds":2470.2967,"val_hard_accuracy":0.822}
HB [13:51:13] fine-tune sst2_pretrained | disk free 38G | mem 2.5G/60G | {"step":1500,"ce":0.2456346,"loss":0.2457012,"lr":0.005798175,"code_temperature":0.25013,"masked_targets":0,"compute_seconds":2466.0585,"wall_seconds":2470.2967,"val_hard_accuracy":0.822}
HB [13:51:43] fine-tune sst2_pretrained | disk free 38G | mem 2.5G/60G | {"step":1500,"ce":0.2456346,"loss":0.2457012,"lr":0.005798175,"code_temperature":0.25013,"masked_targets":0,"compute_seconds":2466.0585,"wall_seconds":2470.2967,"val_hard_accuracy":0.822}
HB [13:52:13] fine-tune sst2_pretrained | disk free 38G | mem 2.5G/60G | {"step":1500,"ce":0.2456346,"loss":0.2457012,"lr":0.005798175,"code_temperature":0.25013,"masked_targets":0,"compute_seconds":2466.0585,"wall_seconds":2470.2967,"val_hard_accuracy":0.822}
HB [13:52:43] fine-tune sst2_pretrained | disk free 38G | mem 2.5G/60G | {"step":1500,"ce":0.2456346,"loss":0.2457012,"lr":0.005798175,"code_temperature":0.25013,"masked_targets":0,"compute_seconds":2466.0585,"wall_seconds":2470.2967,"val_hard_accuracy":0.822}
HB [13:53:13] fine-tune sst2_pretrained | disk free 38G | mem 2.5G/60G | {"step":1750,"ce":0.2695224,"loss":0.2695808,"lr":0.0033572,"code_temperature":0.2,"masked_targets":0,"compute_seconds":2873.2167,"wall_seconds":2878.0407,"val_hard_accuracy":0.8255}
HB [13:53:43] fine-tune sst2_pretrained | disk free 38G | mem 2.5G/60G | {"step":1750,"ce":0.2695224,"loss":0.2695808,"lr":0.0033572,"code_temperature":0.2,"masked_targets":0,"compute_seconds":2873.2167,"wall_seconds":2878.0407,"val_hard_accuracy":0.8255}
HB [13:54:13] fine-tune sst2_pretrained | disk free 38G | mem 2.5G/60G | {"step":1750,"ce":0.2695224,"loss":0.2695808,"lr":0.0033572,"code_temperature":0.2,"masked_targets":0,"compute_seconds":2873.2167,"wall_seconds":2878.0407,"val_hard_accuracy":0.8255}
HB [13:54:43] fine-tune sst2_pretrained | disk free 38G | mem 2.5G/60G | {"step":1750,"ce":0.2695224,"loss":0.2695808,"lr":0.0033572,"code_temperature":0.2,"masked_targets":0,"compute_seconds":2873.2167,"wall_seconds":2878.0407,"val_hard_accuracy":0.8255}
HB [13:55:13] fine-tune sst2_pretrained | disk free 38G | mem 2.5G/60G | {"step":1750,"ce":0.2695224,"loss":0.2695808,"lr":0.0033572,"code_temperature":0.2,"masked_targets":0,"compute_seconds":2873.2167,"wall_seconds":2878.0407,"val_hard_accuracy":0.8255}
HB [13:55:43] fine-tune sst2_pretrained | disk free 38G | mem 2.5G/60G | {"step":1750,"ce":0.2695224,"loss":0.2695808,"lr":0.0033572,"code_temperature":0.2,"masked_targets":0,"compute_seconds":2873.2167,"wall_seconds":2878.0407,"val_hard_accuracy":0.8255}
HB [13:56:13] fine-tune sst2_pretrained | disk free 38G | mem 2.5G/60G | {"step":1750,"ce":0.2695224,"loss":0.2695808,"lr":0.0033572,"code_temperature":0.2,"masked_targets":0,"compute_seconds":2873.2167,"wall_seconds":2878.0407,"val_hard_accuracy":0.8255}
HB [13:56:43] fine-tune sst2_pretrained | disk free 38G | mem 2.5G/60G | {"step":1750,"ce":0.2695224,"loss":0.2695808,"lr":0.0033572,"code_temperature":0.2,"masked_targets":0,"compute_seconds":2873.2167,"wall_seconds":2878.0407,"val_hard_accuracy":0.8255}
HB [13:57:13] fine-tune sst2_pretrained | disk free 38G | mem 2.5G/60G | {"step":1750,"ce":0.2695224,"loss":0.2695808,"lr":0.0033572,"code_temperature":0.2,"masked_targets":0,"compute_seconds":2873.2167,"wall_seconds":2878.0407,"val_hard_accuracy":0.8255}
HB [13:57:43] fine-tune sst2_pretrained | disk free 38G | mem 2.5G/60G | {"step":1750,"ce":0.2695224,"loss":0.2695808,"lr":0.0033572,"code_temperature":0.2,"masked_targets":0,"compute_seconds":2873.2167,"wall_seconds":2878.0407,"val_hard_accuracy":0.8255}
HB [13:58:13] fine-tune sst2_pretrained | disk free 38G | mem 2.5G/60G | {"step":1750,"ce":0.2695224,"loss":0.2695808,"lr":0.0033572,"code_temperature":0.2,"masked_targets":0,"compute_seconds":2873.2167,"wall_seconds":2878.0407,"val_hard_accuracy":0.8255}
HB [13:58:43] fine-tune sst2_pretrained | disk free 38G | mem 2.5G/60G | {"step":1750,"ce":0.2695224,"loss":0.2695808,"lr":0.0033572,"code_temperature":0.2,"masked_targets":0,"compute_seconds":2873.2167,"wall_seconds":2878.0407,"val_hard_accuracy":0.8255}
HB [13:59:13] fine-tune sst2_pretrained | disk free 38G | mem 2.5G/60G | {"step":1750,"ce":0.2695224,"loss":0.2695808,"lr":0.0033572,"code_temperature":0.2,"masked_targets":0,"compute_seconds":2873.2167,"wall_seconds":2878.0407,"val_hard_accuracy":0.8255}
HB [13:59:43] fine-tune sst2_pretrained | disk free 38G | mem 2.5G/60G | {"step":1750,"ce":0.2695224,"loss":0.2695808,"lr":0.0033572,"code_temperature":0.2,"masked_targets":0,"compute_seconds":2873.2167,"wall_seconds":2878.0407,"val_hard_accuracy":0.8255}
HB [14:00:13] fine-tune sst2_pretrained | disk free 38G | mem 2.5G/60G | {"step":1750,"ce":0.2695224,"loss":0.2695808,"lr":0.0033572,"code_temperature":0.2,"masked_targets":0,"compute_seconds":2873.2167,"wall_seconds":2878.0407,"val_hard_accuracy":0.8255}
RESULT {"model":"sst2_pretrained","task":"sst2","test_final":0.75802752,"dev_best":0.834}
== [14:00:21] fine-tune sst2_scratch
HB [14:00:43] fine-tune sst2_scratch | disk free 38G | mem 2.5G/60G | 
HB [14:01:13] fine-tune sst2_scratch | disk free 38G | mem 2.5G/60G | 
HB [14:01:43] fine-tune sst2_scratch | disk free 38G | mem 2.5G/60G | 
HB [14:02:13] fine-tune sst2_scratch | disk free 38G | mem 2.5G/60G | 
HB [14:02:43] fine-tune sst2_scratch | disk free 38G | mem 2.5G/60G | 
HB [14:03:13] fine-tune sst2_scratch | disk free 38G | mem 2.5G/60G | 
HB [14:03:43] fine-tune sst2_scratch | disk free 38G | mem 2.5G/60G | 
HB [14:04:13] fine-tune sst2_scratch | disk free 38G | mem 2.5G/60G | 
HB [14:04:43] fine-tune sst2_scratch | disk free 38G | mem 2.5G/60G | 
HB [14:05:13] fine-tune sst2_scratch | disk free 38G | mem 2.5G/60G | 
HB [14:05:43] fine-tune sst2_scratch | disk free 38G | mem 2.5G/60G | 
HB [14:06:13] fine-tune sst2_scratch | disk free 38G | mem 2.5G/60G | 
HB [14:06:43] fine-tune sst2_scratch | disk free 38G | mem 2.5G/60G | 
HB [14:07:13] fine-tune sst2_scratch | disk free 38G | mem 2.5G/60G | 
HB [14:07:44] fine-tune sst2_scratch | disk free 38G | mem 2.6G/60G | {"step":250,"ce":0.70025,"loss":0.7003258,"lr":0.02414956,"code_temperature":0.87544,"masked_targets":0,"compute_seconds":418.7207,"wall_seconds":419.3014,"val_hard_accuracy":0.7055}
HB [14:08:14] fine-tune sst2_scratch | disk free 38G | mem 2.6G/60G | {"step":250,"ce":0.70025,"loss":0.7003258,"lr":0.02414956,"code_temperature":0.87544,"masked_targets":0,"compute_seconds":418.7207,"wall_seconds":419.3014,"val_hard_accuracy":0.7055}
HB [14:08:44] fine-tune sst2_scratch | disk free 38G | mem 2.6G/60G | {"step":250,"ce":0.70025,"loss":0.7003258,"lr":0.02414956,"code_temperature":0.87544,"masked_targets":0,"compute_seconds":418.7207,"wall_seconds":419.3014,"val_hard_accuracy":0.7055}
HB [14:09:14] fine-tune sst2_scratch | disk free 38G | mem 2.6G/60G | {"step":250,"ce":0.70025,"loss":0.7003258,"lr":0.02414956,"code_temperature":0.87544,"masked_targets":0,"compute_seconds":418.7207,"wall_seconds":419.3014,"val_hard_accuracy":0.7055}
HB [14:09:44] fine-tune sst2_scratch | disk free 38G | mem 2.6G/60G | {"step":250,"ce":0.70025,"loss":0.7003258,"lr":0.02414956,"code_temperature":0.87544,"masked_targets":0,"compute_seconds":418.7207,"wall_seconds":419.3014,"val_hard_accuracy":0.7055}
HB [14:10:14] fine-tune sst2_scratch | disk free 38G | mem 2.6G/60G | {"step":250,"ce":0.70025,"loss":0.7003258,"lr":0.02414956,"code_temperature":0.87544,"masked_targets":0,"compute_seconds":418.7207,"wall_seconds":419.3014,"val_hard_accuracy":0.7055}
HB [14:10:44] fine-tune sst2_scratch | disk free 38G | mem 2.6G/60G | {"step":250,"ce":0.70025,"loss":0.7003258,"lr":0.02414956,"code_temperature":0.87544,"masked_targets":0,"compute_seconds":418.7207,"wall_seconds":419.3014,"val_hard_accuracy":0.7055}
HB [14:11:14] fine-tune sst2_scratch | disk free 38G | mem 2.6G/60G | {"step":250,"ce":0.70025,"loss":0.7003258,"lr":0.02414956,"code_temperature":0.87544,"masked_targets":0,"compute_seconds":418.7207,"wall_seconds":419.3014,"val_hard_accuracy":0.7055}
HB [14:11:44] fine-tune sst2_scratch | disk free 38G | mem 2.6G/60G | {"step":250,"ce":0.70025,"loss":0.7003258,"lr":0.02414956,"code_temperature":0.87544,"masked_targets":0,"compute_seconds":418.7207,"wall_seconds":419.3014,"val_hard_accuracy":0.7055}
HB [14:12:14] fine-tune sst2_scratch | disk free 38G | mem 2.6G/60G | {"step":250,"ce":0.70025,"loss":0.7003258,"lr":0.02414956,"code_temperature":0.87544,"masked_targets":0,"compute_seconds":418.7207,"wall_seconds":419.3014,"val_hard_accuracy":0.7055}
HB [14:12:44] fine-tune sst2_scratch | disk free 38G | mem 2.6G/60G | {"step":250,"ce":0.70025,"loss":0.7003258,"lr":0.02414956,"code_temperature":0.87544,"masked_targets":0,"compute_seconds":418.7207,"wall_seconds":419.3014,"val_hard_accuracy":0.7055}
HB [14:13:14] fine-tune sst2_scratch | disk free 38G | mem 2.6G/60G | {"step":250,"ce":0.70025,"loss":0.7003258,"lr":0.02414956,"code_temperature":0.87544,"masked_targets":0,"compute_seconds":418.7207,"wall_seconds":419.3014,"val_hard_accuracy":0.7055}
HB [14:13:44] fine-tune sst2_scratch | disk free 38G | mem 2.6G/60G | {"step":250,"ce":0.70025,"loss":0.7003258,"lr":0.02414956,"code_temperature":0.87544,"masked_targets":0,"compute_seconds":418.7207,"wall_seconds":419.3014,"val_hard_accuracy":0.7055}
HB [14:14:14] fine-tune sst2_scratch | disk free 38G | mem 2.6G/60G | {"step":250,"ce":0.70025,"loss":0.7003258,"lr":0.02414956,"code_temperature":0.87544,"masked_targets":0,"compute_seconds":418.7207,"wall_seconds":419.3014,"val_hard_accuracy":0.7055}
HB [14:14:44] fine-tune sst2_scratch | disk free 38G | mem 2.6G/60G | {"step":500,"ce":0.5090553,"loss":0.5092678,"lr":0.02171432,"code_temperature":0.75038,"masked_targets":0,"compute_seconds":841.4710,"wall_seconds":848.1885,"val_hard_accuracy":0.8085}
HB [14:15:14] fine-tune sst2_scratch | disk free 38G | mem 2.6G/60G | {"step":500,"ce":0.5090553,"loss":0.5092678,"lr":0.02171432,"code_temperature":0.75038,"masked_targets":0,"compute_seconds":841.4710,"wall_seconds":848.1885,"val_hard_accuracy":0.8085}
HB [14:15:44] fine-tune sst2_scratch | disk free 38G | mem 2.6G/60G | {"step":500,"ce":0.5090553,"loss":0.5092678,"lr":0.02171432,"code_temperature":0.75038,"masked_targets":0,"compute_seconds":841.4710,"wall_seconds":848.1885,"val_hard_accuracy":0.8085}
HB [14:16:14] fine-tune sst2_scratch | disk free 38G | mem 2.6G/60G | {"step":500,"ce":0.5090553,"loss":0.5092678,"lr":0.02171432,"code_temperature":0.75038,"masked_targets":0,"compute_seconds":841.4710,"wall_seconds":848.1885,"val_hard_accuracy":0.8085}
HB [14:16:44] fine-tune sst2_scratch | disk free 38G | mem 2.6G/60G | {"step":500,"ce":0.5090553,"loss":0.5092678,"lr":0.02171432,"code_temperature":0.75038,"masked_targets":0,"compute_seconds":841.4710,"wall_seconds":848.1885,"val_hard_accuracy":0.8085}
HB [14:17:14] fine-tune sst2_scratch | disk free 38G | mem 2.6G/60G | {"step":500,"ce":0.5090553,"loss":0.5092678,"lr":0.02171432,"code_temperature":0.75038,"masked_targets":0,"compute_seconds":841.4710,"wall_seconds":848.1885,"val_hard_accuracy":0.8085}
HB [14:17:44] fine-tune sst2_scratch | disk free 38G | mem 2.6G/60G | {"step":500,"ce":0.5090553,"loss":0.5092678,"lr":0.02171432,"code_temperature":0.75038,"masked_targets":0,"compute_seconds":841.4710,"wall_seconds":848.1885,"val_hard_accuracy":0.8085}
HB [14:18:14] fine-tune sst2_scratch | disk free 38G | mem 2.6G/60G | {"step":500,"ce":0.5090553,"loss":0.5092678,"lr":0.02171432,"code_temperature":0.75038,"masked_targets":0,"compute_seconds":841.4710,"wall_seconds":848.1885,"val_hard_accuracy":0.8085}
HB [14:18:44] fine-tune sst2_scratch | disk free 38G | mem 2.6G/60G | {"step":500,"ce":0.5090553,"loss":0.5092678,"lr":0.02171432,"code_temperature":0.75038,"masked_targets":0,"compute_seconds":841.4710,"wall_seconds":848.1885,"val_hard_accuracy":0.8085}
HB [14:19:14] fine-tune sst2_scratch | disk free 38G | mem 2.6G/60G | {"step":500,"ce":0.5090553,"loss":0.5092678,"lr":0.02171432,"code_temperature":0.75038,"masked_targets":0,"compute_seconds":841.4710,"wall_seconds":848.1885,"val_hard_accuracy":0.8085}
HB [14:19:44] fine-tune sst2_scratch | disk free 38G | mem 2.6G/60G | {"step":500,"ce":0.5090553,"loss":0.5092678,"lr":0.02171432,"code_temperature":0.75038,"masked_targets":0,"compute_seconds":841.4710,"wall_seconds":848.1885,"val_hard_accuracy":0.8085}
HB [14:20:14] fine-tune sst2_scratch | disk free 38G | mem 2.6G/60G | {"step":500,"ce":0.5090553,"loss":0.5092678,"lr":0.02171432,"code_temperature":0.75038,"masked_targets":0,"compute_seconds":841.4710,"wall_seconds":848.1885,"val_hard_accuracy":0.8085}
HB [14:20:44] fine-tune sst2_scratch | disk free 38G | mem 2.6G/60G | {"step":500,"ce":0.5090553,"loss":0.5092678,"lr":0.02171432,"code_temperature":0.75038,"masked_targets":0,"compute_seconds":841.4710,"wall_seconds":848.1885,"val_hard_accuracy":0.8085}
HB [14:21:14] fine-tune sst2_scratch | disk free 38G | mem 2.6G/60G | {"step":500,"ce":0.5090553,"loss":0.5092678,"lr":0.02171432,"code_temperature":0.75038,"masked_targets":0,"compute_seconds":841.4710,"wall_seconds":848.1885,"val_hard_accuracy":0.8085}
HB [14:21:44] fine-tune sst2_scratch | disk free 38G | mem 2.6G/60G | {"step":750,"ce":0.4484074,"loss":0.448677,"lr":0.0180654,"code_temperature":0.62531,"masked_targets":0,"compute_seconds":1249.2936,"wall_seconds":1256.5932,"val_hard_accuracy":0.8435}
HB [14:22:14] fine-tune sst2_scratch | disk free 38G | mem 2.6G/60G | {"step":750,"ce":0.4484074,"loss":0.448677,"lr":0.0180654,"code_temperature":0.62531,"masked_targets":0,"compute_seconds":1249.2936,"wall_seconds":1256.5932,"val_hard_accuracy":0.8435}
HB [14:22:44] fine-tune sst2_scratch | disk free 38G | mem 2.6G/60G | {"step":750,"ce":0.4484074,"loss":0.448677,"lr":0.0180654,"code_temperature":0.62531,"masked_targets":0,"compute_seconds":1249.2936,"wall_seconds":1256.5932,"val_hard_accuracy":0.8435}
HB [14:23:14] fine-tune sst2_scratch | disk free 38G | mem 2.6G/60G | {"step":750,"ce":0.4484074,"loss":0.448677,"lr":0.0180654,"code_temperature":0.62531,"masked_targets":0,"compute_seconds":1249.2936,"wall_seconds":1256.5932,"val_hard_accuracy":0.8435}
HB [14:23:44] fine-tune sst2_scratch | disk free 38G | mem 2.6G/60G | {"step":750,"ce":0.4484074,"loss":0.448677,"lr":0.0180654,"code_temperature":0.62531,"masked_targets":0,"compute_seconds":1249.2936,"wall_seconds":1256.5932,"val_hard_accuracy":0.8435}
HB [14:24:14] fine-tune sst2_scratch | disk free 38G | mem 2.6G/60G | {"step":750,"ce":0.4484074,"loss":0.448677,"lr":0.0180654,"code_temperature":0.62531,"masked_targets":0,"compute_seconds":1249.2936,"wall_seconds":1256.5932,"val_hard_accuracy":0.8435}
HB [14:24:44] fine-tune sst2_scratch | disk free 38G | mem 2.6G/60G | {"step":750,"ce":0.4484074,"loss":0.448677,"lr":0.0180654,"code_temperature":0.62531,"masked_targets":0,"compute_seconds":1249.2936,"wall_seconds":1256.5932,"val_hard_accuracy":0.8435}
HB [14:25:14] fine-tune sst2_scratch | disk free 38G | mem 2.6G/60G | {"step":750,"ce":0.4484074,"loss":0.448677,"lr":0.0180654,"code_temperature":0.62531,"masked_targets":0,"compute_seconds":1249.2936,"wall_seconds":1256.5932,"val_hard_accuracy":0.8435}
HB [14:25:44] fine-tune sst2_scratch | disk free 38G | mem 2.6G/60G | {"step":750,"ce":0.4484074,"loss":0.448677,"lr":0.0180654,"code_temperature":0.62531,"masked_targets":0,"compute_seconds":1249.2936,"wall_seconds":1256.5932,"val_hard_accuracy":0.8435}
HB [14:26:14] fine-tune sst2_scratch | disk free 38G | mem 2.6G/60G | {"step":750,"ce":0.4484074,"loss":0.448677,"lr":0.0180654,"code_temperature":0.62531,"masked_targets":0,"compute_seconds":1249.2936,"wall_seconds":1256.5932,"val_hard_accuracy":0.8435}
HB [14:26:44] fine-tune sst2_scratch | disk free 38G | mem 2.6G/60G | {"step":750,"ce":0.4484074,"loss":0.448677,"lr":0.0180654,"code_temperature":0.62531,"masked_targets":0,"compute_seconds":1249.2936,"wall_seconds":1256.5932,"val_hard_accuracy":0.8435}
HB [14:27:14] fine-tune sst2_scratch | disk free 38G | mem 2.6G/60G | {"step":750,"ce":0.4484074,"loss":0.448677,"lr":0.0180654,"code_temperature":0.62531,"masked_targets":0,"compute_seconds":1249.2936,"wall_seconds":1256.5932,"val_hard_accuracy":0.8435}
HB [14:27:44] fine-tune sst2_scratch | disk free 38G | mem 2.6G/60G | {"step":750,"ce":0.4484074,"loss":0.448677,"lr":0.0180654,"code_temperature":0.62531,"masked_targets":0,"compute_seconds":1249.2936,"wall_seconds":1256.5932,"val_hard_accuracy":0.8435}
HB [14:28:14] fine-tune sst2_scratch | disk free 38G | mem 2.6G/60G | {"step":1000,"ce":0.4055847,"loss":0.4058718,"lr":0.01375884,"code_temperature":0.50025,"masked_targets":0,"compute_seconds":1640.0962,"wall_seconds":1657.0543,"val_hard_accuracy":0.8535}
HB [14:28:44] fine-tune sst2_scratch | disk free 38G | mem 2.6G/60G | {"step":1000,"ce":0.4055847,"loss":0.4058718,"lr":0.01375884,"code_temperature":0.50025,"masked_targets":0,"compute_seconds":1640.0962,"wall_seconds":1657.0543,"val_hard_accuracy":0.8535}
HB [14:29:14] fine-tune sst2_scratch | disk free 38G | mem 2.6G/60G | {"step":1000,"ce":0.4055847,"loss":0.4058718,"lr":0.01375884,"code_temperature":0.50025,"masked_targets":0,"compute_seconds":1640.0962,"wall_seconds":1657.0543,"val_hard_accuracy":0.8535}
HB [14:29:44] fine-tune sst2_scratch | disk free 38G | mem 2.6G/60G | {"step":1000,"ce":0.4055847,"loss":0.4058718,"lr":0.01375884,"code_temperature":0.50025,"masked_targets":0,"compute_seconds":1640.0962,"wall_seconds":1657.0543,"val_hard_accuracy":0.8535}
HB [14:30:14] fine-tune sst2_scratch | disk free 38G | mem 2.6G/60G | {"step":1000,"ce":0.4055847,"loss":0.4058718,"lr":0.01375884,"code_temperature":0.50025,"masked_targets":0,"compute_seconds":1640.0962,"wall_seconds":1657.0543,"val_hard_accuracy":0.8535}
HB [14:30:44] fine-tune sst2_scratch | disk free 38G | mem 2.6G/60G | {"step":1000,"ce":0.4055847,"loss":0.4058718,"lr":0.01375884,"code_temperature":0.50025,"masked_targets":0,"compute_seconds":1640.0962,"wall_seconds":1657.0543,"val_hard_accuracy":0.8535}
HB [14:31:14] fine-tune sst2_scratch | disk free 38G | mem 2.6G/60G | {"step":1000,"ce":0.4055847,"loss":0.4058718,"lr":0.01375884,"code_temperature":0.50025,"masked_targets":0,"compute_seconds":1640.0962,"wall_seconds":1657.0543,"val_hard_accuracy":0.8535}
HB [14:31:44] fine-tune sst2_scratch | disk free 38G | mem 2.6G/60G | {"step":1000,"ce":0.4055847,"loss":0.4058718,"lr":0.01375884,"code_temperature":0.50025,"masked_targets":0,"compute_seconds":1640.0962,"wall_seconds":1657.0543,"val_hard_accuracy":0.8535}
HB [14:32:14] fine-tune sst2_scratch | disk free 38G | mem 2.6G/60G | {"step":1000,"ce":0.4055847,"loss":0.4058718,"lr":0.01375884,"code_temperature":0.50025,"masked_targets":0,"compute_seconds":1640.0962,"wall_seconds":1657.0543,"val_hard_accuracy":0.8535}
HB [14:32:44] fine-tune sst2_scratch | disk free 38G | mem 2.6G/60G | {"step":1000,"ce":0.4055847,"loss":0.4058718,"lr":0.01375884,"code_temperature":0.50025,"masked_targets":0,"compute_seconds":1640.0962,"wall_seconds":1657.0543,"val_hard_accuracy":0.8535}
HB [14:33:14] fine-tune sst2_scratch | disk free 38G | mem 2.6G/60G | {"step":1000,"ce":0.4055847,"loss":0.4058718,"lr":0.01375884,"code_temperature":0.50025,"masked_targets":0,"compute_seconds":1640.0962,"wall_seconds":1657.0543,"val_hard_accuracy":0.8535}
HB [14:33:44] fine-tune sst2_scratch | disk free 38G | mem 2.6G/60G | {"step":1000,"ce":0.4055847,"loss":0.4058718,"lr":0.01375884,"code_temperature":0.50025,"masked_targets":0,"compute_seconds":1640.0962,"wall_seconds":1657.0543,"val_hard_accuracy":0.8535}
HB [14:34:15] fine-tune sst2_scratch | disk free 38G | mem 2.6G/60G | {"step":1000,"ce":0.4055847,"loss":0.4058718,"lr":0.01375884,"code_temperature":0.50025,"masked_targets":0,"compute_seconds":1640.0962,"wall_seconds":1657.0543,"val_hard_accuracy":0.8535}
HB [14:34:45] fine-tune sst2_scratch | disk free 38G | mem 2.6G/60G | {"step":1000,"ce":0.4055847,"loss":0.4058718,"lr":0.01375884,"code_temperature":0.50025,"masked_targets":0,"compute_seconds":1640.0962,"wall_seconds":1657.0543,"val_hard_accuracy":0.8535}
HB [14:35:15] fine-tune sst2_scratch | disk free 38G | mem 2.6G/60G | {"step":1250,"ce":0.2315986,"loss":0.2318738,"lr":0.009450937,"code_temperature":0.37519,"masked_targets":0,"compute_seconds":2065.0666,"wall_seconds":2082.9015,"val_hard_accuracy":0.857}
HB [14:35:45] fine-tune sst2_scratch | disk free 38G | mem 2.6G/60G | {"step":1250,"ce":0.2315986,"loss":0.2318738,"lr":0.009450937,"code_temperature":0.37519,"masked_targets":0,"compute_seconds":2065.0666,"wall_seconds":2082.9015,"val_hard_accuracy":0.857}
HB [14:36:15] fine-tune sst2_scratch | disk free 38G | mem 2.6G/60G | {"step":1250,"ce":0.2315986,"loss":0.2318738,"lr":0.009450937,"code_temperature":0.37519,"masked_targets":0,"compute_seconds":2065.0666,"wall_seconds":2082.9015,"val_hard_accuracy":0.857}
HB [14:36:45] fine-tune sst2_scratch | disk free 38G | mem 2.6G/60G | {"step":1250,"ce":0.2315986,"loss":0.2318738,"lr":0.009450937,"code_temperature":0.37519,"masked_targets":0,"compute_seconds":2065.0666,"wall_seconds":2082.9015,"val_hard_accuracy":0.857}
HB [14:37:15] fine-tune sst2_scratch | disk free 38G | mem 2.6G/60G | {"step":1250,"ce":0.2315986,"loss":0.2318738,"lr":0.009450937,"code_temperature":0.37519,"masked_targets":0,"compute_seconds":2065.0666,"wall_seconds":2082.9015,"val_hard_accuracy":0.857}
HB [14:37:45] fine-tune sst2_scratch | disk free 38G | mem 2.6G/60G | {"step":1250,"ce":0.2315986,"loss":0.2318738,"lr":0.009450937,"code_temperature":0.37519,"masked_targets":0,"compute_seconds":2065.0666,"wall_seconds":2082.9015,"val_hard_accuracy":0.857}
HB [14:38:15] fine-tune sst2_scratch | disk free 38G | mem 2.6G/60G | {"step":1250,"ce":0.2315986,"loss":0.2318738,"lr":0.009450937,"code_temperature":0.37519,"masked_targets":0,"compute_seconds":2065.0666,"wall_seconds":2082.9015,"val_hard_accuracy":0.857}
HB [14:38:45] fine-tune sst2_scratch | disk free 38G | mem 2.6G/60G | {"step":1250,"ce":0.2315986,"loss":0.2318738,"lr":0.009450937,"code_temperature":0.37519,"masked_targets":0,"compute_seconds":2065.0666,"wall_seconds":2082.9015,"val_hard_accuracy":0.857}
HB [14:39:15] fine-tune sst2_scratch | disk free 38G | mem 2.6G/60G | {"step":1250,"ce":0.2315986,"loss":0.2318738,"lr":0.009450937,"code_temperature":0.37519,"masked_targets":0,"compute_seconds":2065.0666,"wall_seconds":2082.9015,"val_hard_accuracy":0.857}
HB [14:39:45] fine-tune sst2_scratch | disk free 38G | mem 2.6G/60G | {"step":1250,"ce":0.2315986,"loss":0.2318738,"lr":0.009450937,"code_temperature":0.37519,"masked_targets":0,"compute_seconds":2065.0666,"wall_seconds":2082.9015,"val_hard_accuracy":0.857}
HB [14:40:15] fine-tune sst2_scratch | disk free 38G | mem 2.6G/60G | {"step":1250,"ce":0.2315986,"loss":0.2318738,"lr":0.009450937,"code_temperature":0.37519,"masked_targets":0,"compute_seconds":2065.0666,"wall_seconds":2082.9015,"val_hard_accuracy":0.857}
HB [14:40:45] fine-tune sst2_scratch | disk free 38G | mem 2.6G/60G | {"step":1250,"ce":0.2315986,"loss":0.2318738,"lr":0.009450937,"code_temperature":0.37519,"masked_targets":0,"compute_seconds":2065.0666,"wall_seconds":2082.9015,"val_hard_accuracy":0.857}
HB [14:41:15] fine-tune sst2_scratch | disk free 38G | mem 2.6G/60G | {"step":1250,"ce":0.2315986,"loss":0.2318738,"lr":0.009450937,"code_temperature":0.37519,"masked_targets":0,"compute_seconds":2065.0666,"wall_seconds":2082.9015,"val_hard_accuracy":0.857}
HB [14:41:45] fine-tune sst2_scratch | disk free 38G | mem 2.6G/60G | {"step":1250,"ce":0.2315986,"loss":0.2318738,"lr":0.009450937,"code_temperature":0.37519,"masked_targets":0,"compute_seconds":2065.0666,"wall_seconds":2082.9015,"val_hard_accuracy":0.857}
HB [14:42:15] fine-tune sst2_scratch | disk free 38G | mem 2.6G/60G | {"step":1250,"ce":0.2315986,"loss":0.2318738,"lr":0.009450937,"code_temperature":0.37519,"masked_targets":0,"compute_seconds":2065.0666,"wall_seconds":2082.9015,"val_hard_accuracy":0.857}
HB [14:42:45] fine-tune sst2_scratch | disk free 38G | mem 2.6G/60G | {"step":1500,"ce":0.4952861,"loss":0.4955249,"lr":0.005798175,"code_temperature":0.25013,"masked_targets":0,"compute_seconds":2491.8378,"wall_seconds":2516.4716,"val_hard_accuracy":0.8625}
HB [14:43:15] fine-tune sst2_scratch | disk free 38G | mem 2.6G/60G | {"step":1500,"ce":0.4952861,"loss":0.4955249,"lr":0.005798175,"code_temperature":0.25013,"masked_targets":0,"compute_seconds":2491.8378,"wall_seconds":2516.4716,"val_hard_accuracy":0.8625}
HB [14:43:45] fine-tune sst2_scratch | disk free 38G | mem 2.6G/60G | {"step":1500,"ce":0.4952861,"loss":0.4955249,"lr":0.005798175,"code_temperature":0.25013,"masked_targets":0,"compute_seconds":2491.8378,"wall_seconds":2516.4716,"val_hard_accuracy":0.8625}
HB [14:44:15] fine-tune sst2_scratch | disk free 38G | mem 2.6G/60G | {"step":1500,"ce":0.4952861,"loss":0.4955249,"lr":0.005798175,"code_temperature":0.25013,"masked_targets":0,"compute_seconds":2491.8378,"wall_seconds":2516.4716,"val_hard_accuracy":0.8625}
HB [14:44:45] fine-tune sst2_scratch | disk free 38G | mem 2.6G/60G | {"step":1500,"ce":0.4952861,"loss":0.4955249,"lr":0.005798175,"code_temperature":0.25013,"masked_targets":0,"compute_seconds":2491.8378,"wall_seconds":2516.4716,"val_hard_accuracy":0.8625}
HB [14:45:15] fine-tune sst2_scratch | disk free 38G | mem 2.6G/60G | {"step":1500,"ce":0.4952861,"loss":0.4955249,"lr":0.005798175,"code_temperature":0.25013,"masked_targets":0,"compute_seconds":2491.8378,"wall_seconds":2516.4716,"val_hard_accuracy":0.8625}
HB [14:45:45] fine-tune sst2_scratch | disk free 38G | mem 2.6G/60G | {"step":1500,"ce":0.4952861,"loss":0.4955249,"lr":0.005798175,"code_temperature":0.25013,"masked_targets":0,"compute_seconds":2491.8378,"wall_seconds":2516.4716,"val_hard_accuracy":0.8625}
HB [14:46:15] fine-tune sst2_scratch | disk free 38G | mem 2.6G/60G | {"step":1500,"ce":0.4952861,"loss":0.4955249,"lr":0.005798175,"code_temperature":0.25013,"masked_targets":0,"compute_seconds":2491.8378,"wall_seconds":2516.4716,"val_hard_accuracy":0.8625}
HB [14:46:45] fine-tune sst2_scratch | disk free 38G | mem 2.6G/60G | {"step":1500,"ce":0.4952861,"loss":0.4955249,"lr":0.005798175,"code_temperature":0.25013,"masked_targets":0,"compute_seconds":2491.8378,"wall_seconds":2516.4716,"val_hard_accuracy":0.8625}
HB [14:47:15] fine-tune sst2_scratch | disk free 38G | mem 2.6G/60G | {"step":1500,"ce":0.4952861,"loss":0.4955249,"lr":0.005798175,"code_temperature":0.25013,"masked_targets":0,"compute_seconds":2491.8378,"wall_seconds":2516.4716,"val_hard_accuracy":0.8625}
HB [14:47:45] fine-tune sst2_scratch | disk free 38G | mem 2.6G/60G | {"step":1500,"ce":0.4952861,"loss":0.4955249,"lr":0.005798175,"code_temperature":0.25013,"masked_targets":0,"compute_seconds":2491.8378,"wall_seconds":2516.4716,"val_hard_accuracy":0.8625}
HB [14:48:15] fine-tune sst2_scratch | disk free 38G | mem 2.6G/60G | {"step":1500,"ce":0.4952861,"loss":0.4955249,"lr":0.005798175,"code_temperature":0.25013,"masked_targets":0,"compute_seconds":2491.8378,"wall_seconds":2516.4716,"val_hard_accuracy":0.8625}
HB [14:48:45] fine-tune sst2_scratch | disk free 38G | mem 2.6G/60G | {"step":1500,"ce":0.4952861,"loss":0.4955249,"lr":0.005798175,"code_temperature":0.25013,"masked_targets":0,"compute_seconds":2491.8378,"wall_seconds":2516.4716,"val_hard_accuracy":0.8625}
HB [14:49:15] fine-tune sst2_scratch | disk free 38G | mem 2.6G/60G | {"step":1500,"ce":0.4952861,"loss":0.4955249,"lr":0.005798175,"code_temperature":0.25013,"masked_targets":0,"compute_seconds":2491.8378,"wall_seconds":2516.4716,"val_hard_accuracy":0.8625}
HB [14:49:45] fine-tune sst2_scratch | disk free 38G | mem 2.6G/60G | {"step":1750,"ce":0.2355879,"loss":0.2358137,"lr":0.0033572,"code_temperature":0.2,"masked_targets":0,"compute_seconds":2917.5532,"wall_seconds":2942.7623,"val_hard_accuracy":0.864}
HB [14:50:15] fine-tune sst2_scratch | disk free 38G | mem 2.6G/60G | {"step":1750,"ce":0.2355879,"loss":0.2358137,"lr":0.0033572,"code_temperature":0.2,"masked_targets":0,"compute_seconds":2917.5532,"wall_seconds":2942.7623,"val_hard_accuracy":0.864}
HB [14:50:45] fine-tune sst2_scratch | disk free 38G | mem 2.6G/60G | {"step":1750,"ce":0.2355879,"loss":0.2358137,"lr":0.0033572,"code_temperature":0.2,"masked_targets":0,"compute_seconds":2917.5532,"wall_seconds":2942.7623,"val_hard_accuracy":0.864}
HB [14:51:15] fine-tune sst2_scratch | disk free 38G | mem 2.6G/60G | {"step":1750,"ce":0.2355879,"loss":0.2358137,"lr":0.0033572,"code_temperature":0.2,"masked_targets":0,"compute_seconds":2917.5532,"wall_seconds":2942.7623,"val_hard_accuracy":0.864}
HB [14:51:45] fine-tune sst2_scratch | disk free 38G | mem 2.6G/60G | {"step":1750,"ce":0.2355879,"loss":0.2358137,"lr":0.0033572,"code_temperature":0.2,"masked_targets":0,"compute_seconds":2917.5532,"wall_seconds":2942.7623,"val_hard_accuracy":0.864}
HB [14:52:15] fine-tune sst2_scratch | disk free 38G | mem 2.6G/60G | {"step":1750,"ce":0.2355879,"loss":0.2358137,"lr":0.0033572,"code_temperature":0.2,"masked_targets":0,"compute_seconds":2917.5532,"wall_seconds":2942.7623,"val_hard_accuracy":0.864}
HB [14:52:45] fine-tune sst2_scratch | disk free 38G | mem 2.6G/60G | {"step":1750,"ce":0.2355879,"loss":0.2358137,"lr":0.0033572,"code_temperature":0.2,"masked_targets":0,"compute_seconds":2917.5532,"wall_seconds":2942.7623,"val_hard_accuracy":0.864}
HB [14:53:15] fine-tune sst2_scratch | disk free 38G | mem 2.6G/60G | {"step":1750,"ce":0.2355879,"loss":0.2358137,"lr":0.0033572,"code_temperature":0.2,"masked_targets":0,"compute_seconds":2917.5532,"wall_seconds":2942.7623,"val_hard_accuracy":0.864}
HB [14:53:45] fine-tune sst2_scratch | disk free 38G | mem 2.6G/60G | {"step":1750,"ce":0.2355879,"loss":0.2358137,"lr":0.0033572,"code_temperature":0.2,"masked_targets":0,"compute_seconds":2917.5532,"wall_seconds":2942.7623,"val_hard_accuracy":0.864}
HB [14:54:15] fine-tune sst2_scratch | disk free 38G | mem 2.6G/60G | {"step":1750,"ce":0.2355879,"loss":0.2358137,"lr":0.0033572,"code_temperature":0.2,"masked_targets":0,"compute_seconds":2917.5532,"wall_seconds":2942.7623,"val_hard_accuracy":0.864}
HB [14:54:45] fine-tune sst2_scratch | disk free 38G | mem 2.6G/60G | {"step":1750,"ce":0.2355879,"loss":0.2358137,"lr":0.0033572,"code_temperature":0.2,"masked_targets":0,"compute_seconds":2917.5532,"wall_seconds":2942.7623,"val_hard_accuracy":0.864}
HB [14:55:15] fine-tune sst2_scratch | disk free 38G | mem 2.6G/60G | {"step":1750,"ce":0.2355879,"loss":0.2358137,"lr":0.0033572,"code_temperature":0.2,"masked_targets":0,"compute_seconds":2917.5532,"wall_seconds":2942.7623,"val_hard_accuracy":0.864}
HB [14:55:45] fine-tune sst2_scratch | disk free 38G | mem 2.6G/60G | {"step":1750,"ce":0.2355879,"loss":0.2358137,"lr":0.0033572,"code_temperature":0.2,"masked_targets":0,"compute_seconds":2917.5532,"wall_seconds":2942.7623,"val_hard_accuracy":0.864}
HB [14:56:15] fine-tune sst2_scratch | disk free 38G | mem 2.6G/60G | {"step":1750,"ce":0.2355879,"loss":0.2358137,"lr":0.0033572,"code_temperature":0.2,"masked_targets":0,"compute_seconds":2917.5532,"wall_seconds":2942.7623,"val_hard_accuracy":0.864}
RESULT {"model":"sst2_scratch","task":"sst2","test_final":0.79357798,"dev_best":0.865}
== [14:56:45] fine-tune qnli_pretrained
HB [14:56:45] fine-tune qnli_pretrained | disk free 38G | mem 2.6G/60G | 
HB [14:57:15] fine-tune qnli_pretrained | disk free 38G | mem 2.8G/60G | 
HB [14:57:46] fine-tune qnli_pretrained | disk free 38G | mem 2.8G/60G | 
HB [14:58:16] fine-tune qnli_pretrained | disk free 38G | mem 2.8G/60G | 
HB [14:58:46] fine-tune qnli_pretrained | disk free 38G | mem 2.8G/60G | 
HB [14:59:16] fine-tune qnli_pretrained | disk free 38G | mem 2.8G/60G | 
HB [14:59:46] fine-tune qnli_pretrained | disk free 38G | mem 2.8G/60G | 
HB [15:00:16] fine-tune qnli_pretrained | disk free 38G | mem 2.8G/60G | 
HB [15:00:46] fine-tune qnli_pretrained | disk free 38G | mem 2.8G/60G | 
HB [15:01:16] fine-tune qnli_pretrained | disk free 38G | mem 2.8G/60G | 
HB [15:01:46] fine-tune qnli_pretrained | disk free 38G | mem 2.8G/60G | 
HB [15:02:16] fine-tune qnli_pretrained | disk free 38G | mem 2.8G/60G | 
HB [15:02:46] fine-tune qnli_pretrained | disk free 38G | mem 2.8G/60G | 
HB [15:03:16] fine-tune qnli_pretrained | disk free 38G | mem 2.8G/60G | 
HB [15:03:46] fine-tune qnli_pretrained | disk free 38G | mem 2.8G/60G | 
HB [15:04:16] fine-tune qnli_pretrained | disk free 38G | mem 2.8G/60G | 
HB [15:04:46] fine-tune qnli_pretrained | disk free 38G | mem 2.8G/60G | 
HB [15:05:16] fine-tune qnli_pretrained | disk free 38G | mem 2.8G/60G | 
HB [15:05:46] fine-tune qnli_pretrained | disk free 38G | mem 2.8G/60G | 
HB [15:06:16] fine-tune qnli_pretrained | disk free 38G | mem 2.8G/60G | 
HB [15:06:46] fine-tune qnli_pretrained | disk free 38G | mem 2.8G/60G | 
HB [15:07:16] fine-tune qnli_pretrained | disk free 38G | mem 2.8G/60G | 
HB [15:07:46] fine-tune qnli_pretrained | disk free 38G | mem 2.8G/60G | 
HB [15:08:16] fine-tune qnli_pretrained | disk free 38G | mem 2.8G/60G | 
HB [15:08:46] fine-tune qnli_pretrained | disk free 38G | mem 2.8G/60G | 
HB [15:09:16] fine-tune qnli_pretrained | disk free 38G | mem 2.8G/60G | 
HB [15:09:46] fine-tune qnli_pretrained | disk free 38G | mem 2.8G/60G | 
HB [15:10:16] fine-tune qnli_pretrained | disk free 38G | mem 2.8G/60G | 
HB [15:10:46] fine-tune qnli_pretrained | disk free 38G | mem 2.9G/60G | {"step":250,"ce":0.6738935,"loss":0.6755542,"lr":0.02414956,"code_temperature":0.87544,"masked_targets":0,"compute_seconds":814.4398,"wall_seconds":815.9731,"val_hard_accuracy":0.5125}
HB [15:11:16] fine-tune qnli_pretrained | disk free 38G | mem 2.9G/60G | {"step":250,"ce":0.6738935,"loss":0.6755542,"lr":0.02414956,"code_temperature":0.87544,"masked_targets":0,"compute_seconds":814.4398,"wall_seconds":815.9731,"val_hard_accuracy":0.5125}
HB [15:11:46] fine-tune qnli_pretrained | disk free 38G | mem 2.9G/60G | {"step":250,"ce":0.6738935,"loss":0.6755542,"lr":0.02414956,"code_temperature":0.87544,"masked_targets":0,"compute_seconds":814.4398,"wall_seconds":815.9731,"val_hard_accuracy":0.5125}
HB [15:12:16] fine-tune qnli_pretrained | disk free 38G | mem 2.9G/60G | {"step":250,"ce":0.6738935,"loss":0.6755542,"lr":0.02414956,"code_temperature":0.87544,"masked_targets":0,"compute_seconds":814.4398,"wall_seconds":815.9731,"val_hard_accuracy":0.5125}
HB [15:12:46] fine-tune qnli_pretrained | disk free 38G | mem 2.9G/60G | {"step":250,"ce":0.6738935,"loss":0.6755542,"lr":0.02414956,"code_temperature":0.87544,"masked_targets":0,"compute_seconds":814.4398,"wall_seconds":815.9731,"val_hard_accuracy":0.5125}
HB [15:13:16] fine-tune qnli_pretrained | disk free 38G | mem 2.9G/60G | {"step":250,"ce":0.6738935,"loss":0.6755542,"lr":0.02414956,"code_temperature":0.87544,"masked_targets":0,"compute_seconds":814.4398,"wall_seconds":815.9731,"val_hard_accuracy":0.5125}
HB [15:13:46] fine-tune qnli_pretrained | disk free 38G | mem 2.9G/60G | {"step":250,"ce":0.6738935,"loss":0.6755542,"lr":0.02414956,"code_temperature":0.87544,"masked_targets":0,"compute_seconds":814.4398,"wall_seconds":815.9731,"val_hard_accuracy":0.5125}
HB [15:14:16] fine-tune qnli_pretrained | disk free 38G | mem 2.9G/60G | {"step":250,"ce":0.6738935,"loss":0.6755542,"lr":0.02414956,"code_temperature":0.87544,"masked_targets":0,"compute_seconds":814.4398,"wall_seconds":815.9731,"val_hard_accuracy":0.5125}
HB [15:14:46] fine-tune qnli_pretrained | disk free 38G | mem 2.9G/60G | {"step":250,"ce":0.6738935,"loss":0.6755542,"lr":0.02414956,"code_temperature":0.87544,"masked_targets":0,"compute_seconds":814.4398,"wall_seconds":815.9731,"val_hard_accuracy":0.5125}
HB [15:15:16] fine-tune qnli_pretrained | disk free 38G | mem 2.9G/60G | {"step":250,"ce":0.6738935,"loss":0.6755542,"lr":0.02414956,"code_temperature":0.87544,"masked_targets":0,"compute_seconds":814.4398,"wall_seconds":815.9731,"val_hard_accuracy":0.5125}
HB [15:15:46] fine-tune qnli_pretrained | disk free 38G | mem 2.9G/60G | {"step":250,"ce":0.6738935,"loss":0.6755542,"lr":0.02414956,"code_temperature":0.87544,"masked_targets":0,"compute_seconds":814.4398,"wall_seconds":815.9731,"val_hard_accuracy":0.5125}
HB [15:16:16] fine-tune qnli_pretrained | disk free 38G | mem 2.9G/60G | {"step":250,"ce":0.6738935,"loss":0.6755542,"lr":0.02414956,"code_temperature":0.87544,"masked_targets":0,"compute_seconds":814.4398,"wall_seconds":815.9731,"val_hard_accuracy":0.5125}
HB [15:16:46] fine-tune qnli_pretrained | disk free 38G | mem 2.9G/60G | {"step":250,"ce":0.6738935,"loss":0.6755542,"lr":0.02414956,"code_temperature":0.87544,"masked_targets":0,"compute_seconds":814.4398,"wall_seconds":815.9731,"val_hard_accuracy":0.5125}
HB [15:17:16] fine-tune qnli_pretrained | disk free 38G | mem 2.9G/60G | {"step":250,"ce":0.6738935,"loss":0.6755542,"lr":0.02414956,"code_temperature":0.87544,"masked_targets":0,"compute_seconds":814.4398,"wall_seconds":815.9731,"val_hard_accuracy":0.5125}
HB [15:17:46] fine-tune qnli_pretrained | disk free 38G | mem 2.9G/60G | {"step":250,"ce":0.6738935,"loss":0.6755542,"lr":0.02414956,"code_temperature":0.87544,"masked_targets":0,"compute_seconds":814.4398,"wall_seconds":815.9731,"val_hard_accuracy":0.5125}
HB [15:18:16] fine-tune qnli_pretrained | disk free 38G | mem 2.9G/60G | {"step":250,"ce":0.6738935,"loss":0.6755542,"lr":0.02414956,"code_temperature":0.87544,"masked_targets":0,"compute_seconds":814.4398,"wall_seconds":815.9731,"val_hard_accuracy":0.5125}
HB [15:18:46] fine-tune qnli_pretrained | disk free 38G | mem 2.9G/60G | {"step":250,"ce":0.6738935,"loss":0.6755542,"lr":0.02414956,"code_temperature":0.87544,"masked_targets":0,"compute_seconds":814.4398,"wall_seconds":815.9731,"val_hard_accuracy":0.5125}
HB [15:19:16] fine-tune qnli_pretrained | disk free 38G | mem 2.9G/60G | {"step":250,"ce":0.6738935,"loss":0.6755542,"lr":0.02414956,"code_temperature":0.87544,"masked_targets":0,"compute_seconds":814.4398,"wall_seconds":815.9731,"val_hard_accuracy":0.5125}
HB [15:19:46] fine-tune qnli_pretrained | disk free 38G | mem 2.9G/60G | {"step":250,"ce":0.6738935,"loss":0.6755542,"lr":0.02414956,"code_temperature":0.87544,"masked_targets":0,"compute_seconds":814.4398,"wall_seconds":815.9731,"val_hard_accuracy":0.5125}
HB [15:20:16] fine-tune qnli_pretrained | disk free 38G | mem 2.9G/60G | {"step":250,"ce":0.6738935,"loss":0.6755542,"lr":0.02414956,"code_temperature":0.87544,"masked_targets":0,"compute_seconds":814.4398,"wall_seconds":815.9731,"val_hard_accuracy":0.5125}
HB [15:20:46] fine-tune qnli_pretrained | disk free 38G | mem 2.9G/60G | {"step":250,"ce":0.6738935,"loss":0.6755542,"lr":0.02414956,"code_temperature":0.87544,"masked_targets":0,"compute_seconds":814.4398,"wall_seconds":815.9731,"val_hard_accuracy":0.5125}
HB [15:21:16] fine-tune qnli_pretrained | disk free 38G | mem 2.9G/60G | {"step":250,"ce":0.6738935,"loss":0.6755542,"lr":0.02414956,"code_temperature":0.87544,"masked_targets":0,"compute_seconds":814.4398,"wall_seconds":815.9731,"val_hard_accuracy":0.5125}
HB [15:21:46] fine-tune qnli_pretrained | disk free 38G | mem 2.9G/60G | {"step":250,"ce":0.6738935,"loss":0.6755542,"lr":0.02414956,"code_temperature":0.87544,"masked_targets":0,"compute_seconds":814.4398,"wall_seconds":815.9731,"val_hard_accuracy":0.5125}
HB [15:22:16] fine-tune qnli_pretrained | disk free 38G | mem 2.9G/60G | {"step":250,"ce":0.6738935,"loss":0.6755542,"lr":0.02414956,"code_temperature":0.87544,"masked_targets":0,"compute_seconds":814.4398,"wall_seconds":815.9731,"val_hard_accuracy":0.5125}
HB [15:22:46] fine-tune qnli_pretrained | disk free 38G | mem 2.9G/60G | {"step":250,"ce":0.6738935,"loss":0.6755542,"lr":0.02414956,"code_temperature":0.87544,"masked_targets":0,"compute_seconds":814.4398,"wall_seconds":815.9731,"val_hard_accuracy":0.5125}
HB [15:23:16] fine-tune qnli_pretrained | disk free 38G | mem 2.9G/60G | {"step":250,"ce":0.6738935,"loss":0.6755542,"lr":0.02414956,"code_temperature":0.87544,"masked_targets":0,"compute_seconds":814.4398,"wall_seconds":815.9731,"val_hard_accuracy":0.5125}
HB [15:23:46] fine-tune qnli_pretrained | disk free 38G | mem 2.9G/60G | {"step":250,"ce":0.6738935,"loss":0.6755542,"lr":0.02414956,"code_temperature":0.87544,"masked_targets":0,"compute_seconds":814.4398,"wall_seconds":815.9731,"val_hard_accuracy":0.5125}
HB [15:24:16] fine-tune qnli_pretrained | disk free 38G | mem 2.9G/60G | {"step":250,"ce":0.6738935,"loss":0.6755542,"lr":0.02414956,"code_temperature":0.87544,"masked_targets":0,"compute_seconds":814.4398,"wall_seconds":815.9731,"val_hard_accuracy":0.5125}
HB [15:24:47] fine-tune qnli_pretrained | disk free 38G | mem 2.9G/60G | {"step":500,"ce":0.6854355,"loss":0.6863005,"lr":0.02171432,"code_temperature":0.75038,"masked_targets":0,"compute_seconds":1665.6312,"wall_seconds":1668.2394,"val_hard_accuracy":0.513}
HB [15:25:17] fine-tune qnli_pretrained | disk free 38G | mem 2.9G/60G | {"step":500,"ce":0.6854355,"loss":0.6863005,"lr":0.02171432,"code_temperature":0.75038,"masked_targets":0,"compute_seconds":1665.6312,"wall_seconds":1668.2394,"val_hard_accuracy":0.513}
HB [15:25:47] fine-tune qnli_pretrained | disk free 38G | mem 2.9G/60G | {"step":500,"ce":0.6854355,"loss":0.6863005,"lr":0.02171432,"code_temperature":0.75038,"masked_targets":0,"compute_seconds":1665.6312,"wall_seconds":1668.2394,"val_hard_accuracy":0.513}
HB [15:26:17] fine-tune qnli_pretrained | disk free 38G | mem 2.9G/60G | {"step":500,"ce":0.6854355,"loss":0.6863005,"lr":0.02171432,"code_temperature":0.75038,"masked_targets":0,"compute_seconds":1665.6312,"wall_seconds":1668.2394,"val_hard_accuracy":0.513}
HB [15:26:47] fine-tune qnli_pretrained | disk free 38G | mem 2.9G/60G | {"step":500,"ce":0.6854355,"loss":0.6863005,"lr":0.02171432,"code_temperature":0.75038,"masked_targets":0,"compute_seconds":1665.6312,"wall_seconds":1668.2394,"val_hard_accuracy":0.513}
HB [15:27:17] fine-tune qnli_pretrained | disk free 38G | mem 2.9G/60G | {"step":500,"ce":0.6854355,"loss":0.6863005,"lr":0.02171432,"code_temperature":0.75038,"masked_targets":0,"compute_seconds":1665.6312,"wall_seconds":1668.2394,"val_hard_accuracy":0.513}
HB [15:27:47] fine-tune qnli_pretrained | disk free 38G | mem 2.9G/60G | {"step":500,"ce":0.6854355,"loss":0.6863005,"lr":0.02171432,"code_temperature":0.75038,"masked_targets":0,"compute_seconds":1665.6312,"wall_seconds":1668.2394,"val_hard_accuracy":0.513}
HB [15:28:17] fine-tune qnli_pretrained | disk free 38G | mem 2.9G/60G | {"step":500,"ce":0.6854355,"loss":0.6863005,"lr":0.02171432,"code_temperature":0.75038,"masked_targets":0,"compute_seconds":1665.6312,"wall_seconds":1668.2394,"val_hard_accuracy":0.513}
HB [15:28:47] fine-tune qnli_pretrained | disk free 38G | mem 2.9G/60G | {"step":500,"ce":0.6854355,"loss":0.6863005,"lr":0.02171432,"code_temperature":0.75038,"masked_targets":0,"compute_seconds":1665.6312,"wall_seconds":1668.2394,"val_hard_accuracy":0.513}
HB [15:29:17] fine-tune qnli_pretrained | disk free 38G | mem 2.9G/60G | {"step":500,"ce":0.6854355,"loss":0.6863005,"lr":0.02171432,"code_temperature":0.75038,"masked_targets":0,"compute_seconds":1665.6312,"wall_seconds":1668.2394,"val_hard_accuracy":0.513}
HB [15:29:47] fine-tune qnli_pretrained | disk free 38G | mem 2.9G/60G | {"step":500,"ce":0.6854355,"loss":0.6863005,"lr":0.02171432,"code_temperature":0.75038,"masked_targets":0,"compute_seconds":1665.6312,"wall_seconds":1668.2394,"val_hard_accuracy":0.513}
HB [15:30:17] fine-tune qnli_pretrained | disk free 38G | mem 2.9G/60G | {"step":500,"ce":0.6854355,"loss":0.6863005,"lr":0.02171432,"code_temperature":0.75038,"masked_targets":0,"compute_seconds":1665.6312,"wall_seconds":1668.2394,"val_hard_accuracy":0.513}
HB [15:30:47] fine-tune qnli_pretrained | disk free 38G | mem 2.9G/60G | {"step":500,"ce":0.6854355,"loss":0.6863005,"lr":0.02171432,"code_temperature":0.75038,"masked_targets":0,"compute_seconds":1665.6312,"wall_seconds":1668.2394,"val_hard_accuracy":0.513}
HB [15:31:17] fine-tune qnli_pretrained | disk free 38G | mem 2.9G/60G | {"step":500,"ce":0.6854355,"loss":0.6863005,"lr":0.02171432,"code_temperature":0.75038,"masked_targets":0,"compute_seconds":1665.6312,"wall_seconds":1668.2394,"val_hard_accuracy":0.513}
HB [15:31:47] fine-tune qnli_pretrained | disk free 38G | mem 2.9G/60G | {"step":500,"ce":0.6854355,"loss":0.6863005,"lr":0.02171432,"code_temperature":0.75038,"masked_targets":0,"compute_seconds":1665.6312,"wall_seconds":1668.2394,"val_hard_accuracy":0.513}
HB [15:32:17] fine-tune qnli_pretrained | disk free 38G | mem 2.9G/60G | {"step":500,"ce":0.6854355,"loss":0.6863005,"lr":0.02171432,"code_temperature":0.75038,"masked_targets":0,"compute_seconds":1665.6312,"wall_seconds":1668.2394,"val_hard_accuracy":0.513}
HB [15:32:47] fine-tune qnli_pretrained | disk free 38G | mem 2.9G/60G | {"step":500,"ce":0.6854355,"loss":0.6863005,"lr":0.02171432,"code_temperature":0.75038,"masked_targets":0,"compute_seconds":1665.6312,"wall_seconds":1668.2394,"val_hard_accuracy":0.513}
HB [15:33:17] fine-tune qnli_pretrained | disk free 38G | mem 2.9G/60G | {"step":500,"ce":0.6854355,"loss":0.6863005,"lr":0.02171432,"code_temperature":0.75038,"masked_targets":0,"compute_seconds":1665.6312,"wall_seconds":1668.2394,"val_hard_accuracy":0.513}
HB [15:33:47] fine-tune qnli_pretrained | disk free 38G | mem 2.9G/60G | {"step":500,"ce":0.6854355,"loss":0.6863005,"lr":0.02171432,"code_temperature":0.75038,"masked_targets":0,"compute_seconds":1665.6312,"wall_seconds":1668.2394,"val_hard_accuracy":0.513}
HB [15:34:17] fine-tune qnli_pretrained | disk free 38G | mem 2.9G/60G | {"step":500,"ce":0.6854355,"loss":0.6863005,"lr":0.02171432,"code_temperature":0.75038,"masked_targets":0,"compute_seconds":1665.6312,"wall_seconds":1668.2394,"val_hard_accuracy":0.513}
HB [15:34:47] fine-tune qnli_pretrained | disk free 38G | mem 2.9G/60G | {"step":500,"ce":0.6854355,"loss":0.6863005,"lr":0.02171432,"code_temperature":0.75038,"masked_targets":0,"compute_seconds":1665.6312,"wall_seconds":1668.2394,"val_hard_accuracy":0.513}
HB [15:35:17] fine-tune qnli_pretrained | disk free 38G | mem 2.9G/60G | {"step":500,"ce":0.6854355,"loss":0.6863005,"lr":0.02171432,"code_temperature":0.75038,"masked_targets":0,"compute_seconds":1665.6312,"wall_seconds":1668.2394,"val_hard_accuracy":0.513}
HB [15:35:47] fine-tune qnli_pretrained | disk free 38G | mem 2.9G/60G | {"step":500,"ce":0.6854355,"loss":0.6863005,"lr":0.02171432,"code_temperature":0.75038,"masked_targets":0,"compute_seconds":1665.6312,"wall_seconds":1668.2394,"val_hard_accuracy":0.513}
HB [15:36:17] fine-tune qnli_pretrained | disk free 38G | mem 2.9G/60G | {"step":500,"ce":0.6854355,"loss":0.6863005,"lr":0.02171432,"code_temperature":0.75038,"masked_targets":0,"compute_seconds":1665.6312,"wall_seconds":1668.2394,"val_hard_accuracy":0.513}
HB [15:36:47] fine-tune qnli_pretrained | disk free 38G | mem 2.9G/60G | {"step":500,"ce":0.6854355,"loss":0.6863005,"lr":0.02171432,"code_temperature":0.75038,"masked_targets":0,"compute_seconds":1665.6312,"wall_seconds":1668.2394,"val_hard_accuracy":0.513}
HB [15:37:17] fine-tune qnli_pretrained | disk free 38G | mem 2.9G/60G | {"step":500,"ce":0.6854355,"loss":0.6863005,"lr":0.02171432,"code_temperature":0.75038,"masked_targets":0,"compute_seconds":1665.6312,"wall_seconds":1668.2394,"val_hard_accuracy":0.513}
HB [15:37:47] fine-tune qnli_pretrained | disk free 38G | mem 2.9G/60G | {"step":500,"ce":0.6854355,"loss":0.6863005,"lr":0.02171432,"code_temperature":0.75038,"masked_targets":0,"compute_seconds":1665.6312,"wall_seconds":1668.2394,"val_hard_accuracy":0.513}
HB [15:38:17] fine-tune qnli_pretrained | disk free 38G | mem 2.9G/60G | {"step":750,"ce":0.6978351,"loss":0.6983664,"lr":0.0180654,"code_temperature":0.62531,"masked_targets":0,"compute_seconds":2481.9398,"wall_seconds":2485.6247,"val_hard_accuracy":0.522}
HB [15:38:47] fine-tune qnli_pretrained | disk free 38G | mem 2.9G/60G | {"step":750,"ce":0.6978351,"loss":0.6983664,"lr":0.0180654,"code_temperature":0.62531,"masked_targets":0,"compute_seconds":2481.9398,"wall_seconds":2485.6247,"val_hard_accuracy":0.522}
HB [15:39:17] fine-tune qnli_pretrained | disk free 38G | mem 2.9G/60G | {"step":750,"ce":0.6978351,"loss":0.6983664,"lr":0.0180654,"code_temperature":0.62531,"masked_targets":0,"compute_seconds":2481.9398,"wall_seconds":2485.6247,"val_hard_accuracy":0.522}
HB [15:39:47] fine-tune qnli_pretrained | disk free 38G | mem 2.9G/60G | {"step":750,"ce":0.6978351,"loss":0.6983664,"lr":0.0180654,"code_temperature":0.62531,"masked_targets":0,"compute_seconds":2481.9398,"wall_seconds":2485.6247,"val_hard_accuracy":0.522}
HB [15:40:17] fine-tune qnli_pretrained | disk free 38G | mem 2.9G/60G | {"step":750,"ce":0.6978351,"loss":0.6983664,"lr":0.0180654,"code_temperature":0.62531,"masked_targets":0,"compute_seconds":2481.9398,"wall_seconds":2485.6247,"val_hard_accuracy":0.522}
HB [15:40:47] fine-tune qnli_pretrained | disk free 38G | mem 2.9G/60G | {"step":750,"ce":0.6978351,"loss":0.6983664,"lr":0.0180654,"code_temperature":0.62531,"masked_targets":0,"compute_seconds":2481.9398,"wall_seconds":2485.6247,"val_hard_accuracy":0.522}
HB [15:41:17] fine-tune qnli_pretrained | disk free 38G | mem 2.9G/60G | {"step":750,"ce":0.6978351,"loss":0.6983664,"lr":0.0180654,"code_temperature":0.62531,"masked_targets":0,"compute_seconds":2481.9398,"wall_seconds":2485.6247,"val_hard_accuracy":0.522}
HB [15:41:47] fine-tune qnli_pretrained | disk free 38G | mem 2.9G/60G | {"step":750,"ce":0.6978351,"loss":0.6983664,"lr":0.0180654,"code_temperature":0.62531,"masked_targets":0,"compute_seconds":2481.9398,"wall_seconds":2485.6247,"val_hard_accuracy":0.522}
HB [15:42:17] fine-tune qnli_pretrained | disk free 38G | mem 2.9G/60G | {"step":750,"ce":0.6978351,"loss":0.6983664,"lr":0.0180654,"code_temperature":0.62531,"masked_targets":0,"compute_seconds":2481.9398,"wall_seconds":2485.6247,"val_hard_accuracy":0.522}
HB [15:42:47] fine-tune qnli_pretrained | disk free 38G | mem 2.9G/60G | {"step":750,"ce":0.6978351,"loss":0.6983664,"lr":0.0180654,"code_temperature":0.62531,"masked_targets":0,"compute_seconds":2481.9398,"wall_seconds":2485.6247,"val_hard_accuracy":0.522}
HB [15:43:17] fine-tune qnli_pretrained | disk free 38G | mem 2.9G/60G | {"step":750,"ce":0.6978351,"loss":0.6983664,"lr":0.0180654,"code_temperature":0.62531,"masked_targets":0,"compute_seconds":2481.9398,"wall_seconds":2485.6247,"val_hard_accuracy":0.522}
HB [15:43:47] fine-tune qnli_pretrained | disk free 38G | mem 2.9G/60G | {"step":750,"ce":0.6978351,"loss":0.6983664,"lr":0.0180654,"code_temperature":0.62531,"masked_targets":0,"compute_seconds":2481.9398,"wall_seconds":2485.6247,"val_hard_accuracy":0.522}
HB [15:44:17] fine-tune qnli_pretrained | disk free 38G | mem 2.9G/60G | {"step":750,"ce":0.6978351,"loss":0.6983664,"lr":0.0180654,"code_temperature":0.62531,"masked_targets":0,"compute_seconds":2481.9398,"wall_seconds":2485.6247,"val_hard_accuracy":0.522}
HB [15:44:47] fine-tune qnli_pretrained | disk free 38G | mem 2.9G/60G | {"step":750,"ce":0.6978351,"loss":0.6983664,"lr":0.0180654,"code_temperature":0.62531,"masked_targets":0,"compute_seconds":2481.9398,"wall_seconds":2485.6247,"val_hard_accuracy":0.522}
HB [15:45:17] fine-tune qnli_pretrained | disk free 38G | mem 2.9G/60G | {"step":750,"ce":0.6978351,"loss":0.6983664,"lr":0.0180654,"code_temperature":0.62531,"masked_targets":0,"compute_seconds":2481.9398,"wall_seconds":2485.6247,"val_hard_accuracy":0.522}
HB [15:45:47] fine-tune qnli_pretrained | disk free 38G | mem 2.9G/60G | {"step":750,"ce":0.6978351,"loss":0.6983664,"lr":0.0180654,"code_temperature":0.62531,"masked_targets":0,"compute_seconds":2481.9398,"wall_seconds":2485.6247,"val_hard_accuracy":0.522}
HB [15:46:17] fine-tune qnli_pretrained | disk free 38G | mem 2.9G/60G | {"step":750,"ce":0.6978351,"loss":0.6983664,"lr":0.0180654,"code_temperature":0.62531,"masked_targets":0,"compute_seconds":2481.9398,"wall_seconds":2485.6247,"val_hard_accuracy":0.522}
HB [15:46:47] fine-tune qnli_pretrained | disk free 38G | mem 2.9G/60G | {"step":750,"ce":0.6978351,"loss":0.6983664,"lr":0.0180654,"code_temperature":0.62531,"masked_targets":0,"compute_seconds":2481.9398,"wall_seconds":2485.6247,"val_hard_accuracy":0.522}
HB [15:47:17] fine-tune qnli_pretrained | disk free 38G | mem 2.9G/60G | {"step":750,"ce":0.6978351,"loss":0.6983664,"lr":0.0180654,"code_temperature":0.62531,"masked_targets":0,"compute_seconds":2481.9398,"wall_seconds":2485.6247,"val_hard_accuracy":0.522}
HB [15:47:47] fine-tune qnli_pretrained | disk free 38G | mem 2.9G/60G | {"step":750,"ce":0.6978351,"loss":0.6983664,"lr":0.0180654,"code_temperature":0.62531,"masked_targets":0,"compute_seconds":2481.9398,"wall_seconds":2485.6247,"val_hard_accuracy":0.522}
HB [15:48:17] fine-tune qnli_pretrained | disk free 38G | mem 2.9G/60G | {"step":750,"ce":0.6978351,"loss":0.6983664,"lr":0.0180654,"code_temperature":0.62531,"masked_targets":0,"compute_seconds":2481.9398,"wall_seconds":2485.6247,"val_hard_accuracy":0.522}
HB [15:48:47] fine-tune qnli_pretrained | disk free 38G | mem 2.9G/60G | {"step":750,"ce":0.6978351,"loss":0.6983664,"lr":0.0180654,"code_temperature":0.62531,"masked_targets":0,"compute_seconds":2481.9398,"wall_seconds":2485.6247,"val_hard_accuracy":0.522}
HB [15:49:17] fine-tune qnli_pretrained | disk free 38G | mem 2.9G/60G | {"step":750,"ce":0.6978351,"loss":0.6983664,"lr":0.0180654,"code_temperature":0.62531,"masked_targets":0,"compute_seconds":2481.9398,"wall_seconds":2485.6247,"val_hard_accuracy":0.522}
HB [15:49:47] fine-tune qnli_pretrained | disk free 38G | mem 2.9G/60G | {"step":750,"ce":0.6978351,"loss":0.6983664,"lr":0.0180654,"code_temperature":0.62531,"masked_targets":0,"compute_seconds":2481.9398,"wall_seconds":2485.6247,"val_hard_accuracy":0.522}
HB [15:50:17] fine-tune qnli_pretrained | disk free 38G | mem 2.9G/60G | {"step":750,"ce":0.6978351,"loss":0.6983664,"lr":0.0180654,"code_temperature":0.62531,"masked_targets":0,"compute_seconds":2481.9398,"wall_seconds":2485.6247,"val_hard_accuracy":0.522}
HB [15:50:47] fine-tune qnli_pretrained | disk free 38G | mem 2.9G/60G | {"step":750,"ce":0.6978351,"loss":0.6983664,"lr":0.0180654,"code_temperature":0.62531,"masked_targets":0,"compute_seconds":2481.9398,"wall_seconds":2485.6247,"val_hard_accuracy":0.522}
HB [15:51:17] fine-tune qnli_pretrained | disk free 38G | mem 2.9G/60G | {"step":750,"ce":0.6978351,"loss":0.6983664,"lr":0.0180654,"code_temperature":0.62531,"masked_targets":0,"compute_seconds":2481.9398,"wall_seconds":2485.6247,"val_hard_accuracy":0.522}
HB [15:51:47] fine-tune qnli_pretrained | disk free 38G | mem 2.9G/60G | {"step":1000,"ce":0.6418154,"loss":0.6421957,"lr":0.01375884,"code_temperature":0.50025,"masked_targets":0,"compute_seconds":3287.7910,"wall_seconds":3298.0835,"val_hard_accuracy":0.5315}
HB [15:52:17] fine-tune qnli_pretrained | disk free 38G | mem 2.9G/60G | {"step":1000,"ce":0.6418154,"loss":0.6421957,"lr":0.01375884,"code_temperature":0.50025,"masked_targets":0,"compute_seconds":3287.7910,"wall_seconds":3298.0835,"val_hard_accuracy":0.5315}
HB [15:52:47] fine-tune qnli_pretrained | disk free 38G | mem 2.9G/60G | {"step":1000,"ce":0.6418154,"loss":0.6421957,"lr":0.01375884,"code_temperature":0.50025,"masked_targets":0,"compute_seconds":3287.7910,"wall_seconds":3298.0835,"val_hard_accuracy":0.5315}
HB [15:53:17] fine-tune qnli_pretrained | disk free 38G | mem 2.9G/60G | {"step":1000,"ce":0.6418154,"loss":0.6421957,"lr":0.01375884,"code_temperature":0.50025,"masked_targets":0,"compute_seconds":3287.7910,"wall_seconds":3298.0835,"val_hard_accuracy":0.5315}
HB [15:53:48] fine-tune qnli_pretrained | disk free 38G | mem 2.9G/60G | {"step":1000,"ce":0.6418154,"loss":0.6421957,"lr":0.01375884,"code_temperature":0.50025,"masked_targets":0,"compute_seconds":3287.7910,"wall_seconds":3298.0835,"val_hard_accuracy":0.5315}
HB [15:54:18] fine-tune qnli_pretrained | disk free 38G | mem 2.9G/60G | {"step":1000,"ce":0.6418154,"loss":0.6421957,"lr":0.01375884,"code_temperature":0.50025,"masked_targets":0,"compute_seconds":3287.7910,"wall_seconds":3298.0835,"val_hard_accuracy":0.5315}
HB [15:54:48] fine-tune qnli_pretrained | disk free 38G | mem 2.9G/60G | {"step":1000,"ce":0.6418154,"loss":0.6421957,"lr":0.01375884,"code_temperature":0.50025,"masked_targets":0,"compute_seconds":3287.7910,"wall_seconds":3298.0835,"val_hard_accuracy":0.5315}
HB [15:55:18] fine-tune qnli_pretrained | disk free 38G | mem 2.9G/60G | {"step":1000,"ce":0.6418154,"loss":0.6421957,"lr":0.01375884,"code_temperature":0.50025,"masked_targets":0,"compute_seconds":3287.7910,"wall_seconds":3298.0835,"val_hard_accuracy":0.5315}
HB [15:55:48] fine-tune qnli_pretrained | disk free 38G | mem 2.9G/60G | {"step":1000,"ce":0.6418154,"loss":0.6421957,"lr":0.01375884,"code_temperature":0.50025,"masked_targets":0,"compute_seconds":3287.7910,"wall_seconds":3298.0835,"val_hard_accuracy":0.5315}
HB [15:56:18] fine-tune qnli_pretrained | disk free 38G | mem 2.9G/60G | {"step":1000,"ce":0.6418154,"loss":0.6421957,"lr":0.01375884,"code_temperature":0.50025,"masked_targets":0,"compute_seconds":3287.7910,"wall_seconds":3298.0835,"val_hard_accuracy":0.5315}
HB [15:56:48] fine-tune qnli_pretrained | disk free 38G | mem 2.9G/60G | {"step":1000,"ce":0.6418154,"loss":0.6421957,"lr":0.01375884,"code_temperature":0.50025,"masked_targets":0,"compute_seconds":3287.7910,"wall_seconds":3298.0835,"val_hard_accuracy":0.5315}
HB [15:57:18] fine-tune qnli_pretrained | disk free 38G | mem 2.9G/60G | {"step":1000,"ce":0.6418154,"loss":0.6421957,"lr":0.01375884,"code_temperature":0.50025,"masked_targets":0,"compute_seconds":3287.7910,"wall_seconds":3298.0835,"val_hard_accuracy":0.5315}
HB [15:57:48] fine-tune qnli_pretrained | disk free 38G | mem 2.9G/60G | {"step":1000,"ce":0.6418154,"loss":0.6421957,"lr":0.01375884,"code_temperature":0.50025,"masked_targets":0,"compute_seconds":3287.7910,"wall_seconds":3298.0835,"val_hard_accuracy":0.5315}
HB [15:58:18] fine-tune qnli_pretrained | disk free 38G | mem 2.9G/60G | {"step":1000,"ce":0.6418154,"loss":0.6421957,"lr":0.01375884,"code_temperature":0.50025,"masked_targets":0,"compute_seconds":3287.7910,"wall_seconds":3298.0835,"val_hard_accuracy":0.5315}
HB [15:58:48] fine-tune qnli_pretrained | disk free 38G | mem 2.9G/60G | {"step":1000,"ce":0.6418154,"loss":0.6421957,"lr":0.01375884,"code_temperature":0.50025,"masked_targets":0,"compute_seconds":3287.7910,"wall_seconds":3298.0835,"val_hard_accuracy":0.5315}
HB [15:59:18] fine-tune qnli_pretrained | disk free 38G | mem 2.9G/60G | {"step":1000,"ce":0.6418154,"loss":0.6421957,"lr":0.01375884,"code_temperature":0.50025,"masked_targets":0,"compute_seconds":3287.7910,"wall_seconds":3298.0835,"val_hard_accuracy":0.5315}
HB [15:59:48] fine-tune qnli_pretrained | disk free 38G | mem 2.9G/60G | {"step":1000,"ce":0.6418154,"loss":0.6421957,"lr":0.01375884,"code_temperature":0.50025,"masked_targets":0,"compute_seconds":3287.7910,"wall_seconds":3298.0835,"val_hard_accuracy":0.5315}
HB [16:00:18] fine-tune qnli_pretrained | disk free 38G | mem 2.9G/60G | {"step":1000,"ce":0.6418154,"loss":0.6421957,"lr":0.01375884,"code_temperature":0.50025,"masked_targets":0,"compute_seconds":3287.7910,"wall_seconds":3298.0835,"val_hard_accuracy":0.5315}
HB [16:00:48] fine-tune qnli_pretrained | disk free 38G | mem 2.9G/60G | {"step":1000,"ce":0.6418154,"loss":0.6421957,"lr":0.01375884,"code_temperature":0.50025,"masked_targets":0,"compute_seconds":3287.7910,"wall_seconds":3298.0835,"val_hard_accuracy":0.5315}
HB [16:01:18] fine-tune qnli_pretrained | disk free 38G | mem 2.9G/60G | {"step":1000,"ce":0.6418154,"loss":0.6421957,"lr":0.01375884,"code_temperature":0.50025,"masked_targets":0,"compute_seconds":3287.7910,"wall_seconds":3298.0835,"val_hard_accuracy":0.5315}
HB [16:01:48] fine-tune qnli_pretrained | disk free 38G | mem 2.9G/60G | {"step":1000,"ce":0.6418154,"loss":0.6421957,"lr":0.01375884,"code_temperature":0.50025,"masked_targets":0,"compute_seconds":3287.7910,"wall_seconds":3298.0835,"val_hard_accuracy":0.5315}
HB [16:02:18] fine-tune qnli_pretrained | disk free 38G | mem 2.9G/60G | {"step":1000,"ce":0.6418154,"loss":0.6421957,"lr":0.01375884,"code_temperature":0.50025,"masked_targets":0,"compute_seconds":3287.7910,"wall_seconds":3298.0835,"val_hard_accuracy":0.5315}
HB [16:02:48] fine-tune qnli_pretrained | disk free 38G | mem 2.9G/60G | {"step":1000,"ce":0.6418154,"loss":0.6421957,"lr":0.01375884,"code_temperature":0.50025,"masked_targets":0,"compute_seconds":3287.7910,"wall_seconds":3298.0835,"val_hard_accuracy":0.5315}
HB [16:03:18] fine-tune qnli_pretrained | disk free 38G | mem 2.9G/60G | {"step":1000,"ce":0.6418154,"loss":0.6421957,"lr":0.01375884,"code_temperature":0.50025,"masked_targets":0,"compute_seconds":3287.7910,"wall_seconds":3298.0835,"val_hard_accuracy":0.5315}
HB [16:03:48] fine-tune qnli_pretrained | disk free 38G | mem 2.9G/60G | {"step":1000,"ce":0.6418154,"loss":0.6421957,"lr":0.01375884,"code_temperature":0.50025,"masked_targets":0,"compute_seconds":3287.7910,"wall_seconds":3298.0835,"val_hard_accuracy":0.5315}
HB [16:04:18] fine-tune qnli_pretrained | disk free 38G | mem 2.9G/60G | {"step":1000,"ce":0.6418154,"loss":0.6421957,"lr":0.01375884,"code_temperature":0.50025,"masked_targets":0,"compute_seconds":3287.7910,"wall_seconds":3298.0835,"val_hard_accuracy":0.5315}
HB [16:04:48] fine-tune qnli_pretrained | disk free 38G | mem 2.9G/60G | {"step":1250,"ce":0.6620834,"loss":0.6623831,"lr":0.009450937,"code_temperature":0.37519,"masked_targets":0,"compute_seconds":4049.7060,"wall_seconds":4061.1487,"val_hard_accuracy":0.534}
HB [16:05:18] fine-tune qnli_pretrained | disk free 38G | mem 2.9G/60G | {"step":1250,"ce":0.6620834,"loss":0.6623831,"lr":0.009450937,"code_temperature":0.37519,"masked_targets":0,"compute_seconds":4049.7060,"wall_seconds":4061.1487,"val_hard_accuracy":0.534}
HB [16:05:48] fine-tune qnli_pretrained | disk free 38G | mem 2.9G/60G | {"step":1250,"ce":0.6620834,"loss":0.6623831,"lr":0.009450937,"code_temperature":0.37519,"masked_targets":0,"compute_seconds":4049.7060,"wall_seconds":4061.1487,"val_hard_accuracy":0.534}
HB [16:06:18] fine-tune qnli_pretrained | disk free 38G | mem 2.9G/60G | {"step":1250,"ce":0.6620834,"loss":0.6623831,"lr":0.009450937,"code_temperature":0.37519,"masked_targets":0,"compute_seconds":4049.7060,"wall_seconds":4061.1487,"val_hard_accuracy":0.534}
HB [16:06:48] fine-tune qnli_pretrained | disk free 38G | mem 2.9G/60G | {"step":1250,"ce":0.6620834,"loss":0.6623831,"lr":0.009450937,"code_temperature":0.37519,"masked_targets":0,"compute_seconds":4049.7060,"wall_seconds":4061.1487,"val_hard_accuracy":0.534}
HB [16:07:18] fine-tune qnli_pretrained | disk free 38G | mem 2.9G/60G | {"step":1250,"ce":0.6620834,"loss":0.6623831,"lr":0.009450937,"code_temperature":0.37519,"masked_targets":0,"compute_seconds":4049.7060,"wall_seconds":4061.1487,"val_hard_accuracy":0.534}
HB [16:07:48] fine-tune qnli_pretrained | disk free 38G | mem 2.9G/60G | {"step":1250,"ce":0.6620834,"loss":0.6623831,"lr":0.009450937,"code_temperature":0.37519,"masked_targets":0,"compute_seconds":4049.7060,"wall_seconds":4061.1487,"val_hard_accuracy":0.534}
HB [16:08:18] fine-tune qnli_pretrained | disk free 38G | mem 2.9G/60G | {"step":1250,"ce":0.6620834,"loss":0.6623831,"lr":0.009450937,"code_temperature":0.37519,"masked_targets":0,"compute_seconds":4049.7060,"wall_seconds":4061.1487,"val_hard_accuracy":0.534}
HB [16:08:48] fine-tune qnli_pretrained | disk free 38G | mem 2.9G/60G | {"step":1250,"ce":0.6620834,"loss":0.6623831,"lr":0.009450937,"code_temperature":0.37519,"masked_targets":0,"compute_seconds":4049.7060,"wall_seconds":4061.1487,"val_hard_accuracy":0.534}
HB [16:09:18] fine-tune qnli_pretrained | disk free 38G | mem 2.9G/60G | {"step":1250,"ce":0.6620834,"loss":0.6623831,"lr":0.009450937,"code_temperature":0.37519,"masked_targets":0,"compute_seconds":4049.7060,"wall_seconds":4061.1487,"val_hard_accuracy":0.534}
HB [16:09:48] fine-tune qnli_pretrained | disk free 38G | mem 2.9G/60G | {"step":1250,"ce":0.6620834,"loss":0.6623831,"lr":0.009450937,"code_temperature":0.37519,"masked_targets":0,"compute_seconds":4049.7060,"wall_seconds":4061.1487,"val_hard_accuracy":0.534}
HB [16:10:18] fine-tune qnli_pretrained | disk free 38G | mem 2.9G/60G | {"step":1250,"ce":0.6620834,"loss":0.6623831,"lr":0.009450937,"code_temperature":0.37519,"masked_targets":0,"compute_seconds":4049.7060,"wall_seconds":4061.1487,"val_hard_accuracy":0.534}
HB [16:10:48] fine-tune qnli_pretrained | disk free 38G | mem 2.9G/60G | {"step":1250,"ce":0.6620834,"loss":0.6623831,"lr":0.009450937,"code_temperature":0.37519,"masked_targets":0,"compute_seconds":4049.7060,"wall_seconds":4061.1487,"val_hard_accuracy":0.534}
HB [16:11:18] fine-tune qnli_pretrained | disk free 38G | mem 2.9G/60G | {"step":1250,"ce":0.6620834,"loss":0.6623831,"lr":0.009450937,"code_temperature":0.37519,"masked_targets":0,"compute_seconds":4049.7060,"wall_seconds":4061.1487,"val_hard_accuracy":0.534}
HB [16:11:48] fine-tune qnli_pretrained | disk free 38G | mem 2.9G/60G | {"step":1250,"ce":0.6620834,"loss":0.6623831,"lr":0.009450937,"code_temperature":0.37519,"masked_targets":0,"compute_seconds":4049.7060,"wall_seconds":4061.1487,"val_hard_accuracy":0.534}
HB [16:12:18] fine-tune qnli_pretrained | disk free 38G | mem 2.9G/60G | {"step":1250,"ce":0.6620834,"loss":0.6623831,"lr":0.009450937,"code_temperature":0.37519,"masked_targets":0,"compute_seconds":4049.7060,"wall_seconds":4061.1487,"val_hard_accuracy":0.534}
HB [16:12:48] fine-tune qnli_pretrained | disk free 38G | mem 2.9G/60G | {"step":1250,"ce":0.6620834,"loss":0.6623831,"lr":0.009450937,"code_temperature":0.37519,"masked_targets":0,"compute_seconds":4049.7060,"wall_seconds":4061.1487,"val_hard_accuracy":0.534}
HB [16:13:18] fine-tune qnli_pretrained | disk free 38G | mem 2.9G/60G | {"step":1250,"ce":0.6620834,"loss":0.6623831,"lr":0.009450937,"code_temperature":0.37519,"masked_targets":0,"compute_seconds":4049.7060,"wall_seconds":4061.1487,"val_hard_accuracy":0.534}
HB [16:13:48] fine-tune qnli_pretrained | disk free 38G | mem 2.9G/60G | {"step":1250,"ce":0.6620834,"loss":0.6623831,"lr":0.009450937,"code_temperature":0.37519,"masked_targets":0,"compute_seconds":4049.7060,"wall_seconds":4061.1487,"val_hard_accuracy":0.534}
HB [16:14:18] fine-tune qnli_pretrained | disk free 38G | mem 2.9G/60G | {"step":1250,"ce":0.6620834,"loss":0.6623831,"lr":0.009450937,"code_temperature":0.37519,"masked_targets":0,"compute_seconds":4049.7060,"wall_seconds":4061.1487,"val_hard_accuracy":0.534}
HB [16:14:48] fine-tune qnli_pretrained | disk free 38G | mem 2.9G/60G | {"step":1250,"ce":0.6620834,"loss":0.6623831,"lr":0.009450937,"code_temperature":0.37519,"masked_targets":0,"compute_seconds":4049.7060,"wall_seconds":4061.1487,"val_hard_accuracy":0.534}
HB [16:15:18] fine-tune qnli_pretrained | disk free 38G | mem 2.9G/60G | {"step":1250,"ce":0.6620834,"loss":0.6623831,"lr":0.009450937,"code_temperature":0.37519,"masked_targets":0,"compute_seconds":4049.7060,"wall_seconds":4061.1487,"val_hard_accuracy":0.534}
HB [16:15:48] fine-tune qnli_pretrained | disk free 38G | mem 2.9G/60G | {"step":1250,"ce":0.6620834,"loss":0.6623831,"lr":0.009450937,"code_temperature":0.37519,"masked_targets":0,"compute_seconds":4049.7060,"wall_seconds":4061.1487,"val_hard_accuracy":0.534}
HB [16:16:18] fine-tune qnli_pretrained | disk free 38G | mem 2.9G/60G | {"step":1250,"ce":0.6620834,"loss":0.6623831,"lr":0.009450937,"code_temperature":0.37519,"masked_targets":0,"compute_seconds":4049.7060,"wall_seconds":4061.1487,"val_hard_accuracy":0.534}
HB [16:16:48] fine-tune qnli_pretrained | disk free 38G | mem 2.9G/60G | {"step":1250,"ce":0.6620834,"loss":0.6623831,"lr":0.009450937,"code_temperature":0.37519,"masked_targets":0,"compute_seconds":4049.7060,"wall_seconds":4061.1487,"val_hard_accuracy":0.534}
HB [16:17:18] fine-tune qnli_pretrained | disk free 38G | mem 2.9G/60G | {"step":1250,"ce":0.6620834,"loss":0.6623831,"lr":0.009450937,"code_temperature":0.37519,"masked_targets":0,"compute_seconds":4049.7060,"wall_seconds":4061.1487,"val_hard_accuracy":0.534}
HB [16:17:48] fine-tune qnli_pretrained | disk free 38G | mem 2.9G/60G | {"step":1250,"ce":0.6620834,"loss":0.6623831,"lr":0.009450937,"code_temperature":0.37519,"masked_targets":0,"compute_seconds":4049.7060,"wall_seconds":4061.1487,"val_hard_accuracy":0.534}
HB [16:18:18] fine-tune qnli_pretrained | disk free 38G | mem 2.9G/60G | {"step":1500,"ce":0.6588108,"loss":0.6590605,"lr":0.005798175,"code_temperature":0.25013,"masked_targets":0,"compute_seconds":4855.5816,"wall_seconds":4868.0966,"val_hard_accuracy":0.538}
HB [16:18:48] fine-tune qnli_pretrained | disk free 38G | mem 2.9G/60G | {"step":1500,"ce":0.6588108,"loss":0.6590605,"lr":0.005798175,"code_temperature":0.25013,"masked_targets":0,"compute_seconds":4855.5816,"wall_seconds":4868.0966,"val_hard_accuracy":0.538}
HB [16:19:18] fine-tune qnli_pretrained | disk free 38G | mem 2.9G/60G | {"step":1500,"ce":0.6588108,"loss":0.6590605,"lr":0.005798175,"code_temperature":0.25013,"masked_targets":0,"compute_seconds":4855.5816,"wall_seconds":4868.0966,"val_hard_accuracy":0.538}
HB [16:19:48] fine-tune qnli_pretrained | disk free 38G | mem 2.9G/60G | {"step":1500,"ce":0.6588108,"loss":0.6590605,"lr":0.005798175,"code_temperature":0.25013,"masked_targets":0,"compute_seconds":4855.5816,"wall_seconds":4868.0966,"val_hard_accuracy":0.538}
HB [16:20:18] fine-tune qnli_pretrained | disk free 38G | mem 2.9G/60G | {"step":1500,"ce":0.6588108,"loss":0.6590605,"lr":0.005798175,"code_temperature":0.25013,"masked_targets":0,"compute_seconds":4855.5816,"wall_seconds":4868.0966,"val_hard_accuracy":0.538}
HB [16:20:48] fine-tune qnli_pretrained | disk free 38G | mem 2.9G/60G | {"step":1500,"ce":0.6588108,"loss":0.6590605,"lr":0.005798175,"code_temperature":0.25013,"masked_targets":0,"compute_seconds":4855.5816,"wall_seconds":4868.0966,"val_hard_accuracy":0.538}
HB [16:21:18] fine-tune qnli_pretrained | disk free 38G | mem 2.9G/60G | {"step":1500,"ce":0.6588108,"loss":0.6590605,"lr":0.005798175,"code_temperature":0.25013,"masked_targets":0,"compute_seconds":4855.5816,"wall_seconds":4868.0966,"val_hard_accuracy":0.538}
HB [16:21:48] fine-tune qnli_pretrained | disk free 38G | mem 2.9G/60G | {"step":1500,"ce":0.6588108,"loss":0.6590605,"lr":0.005798175,"code_temperature":0.25013,"masked_targets":0,"compute_seconds":4855.5816,"wall_seconds":4868.0966,"val_hard_accuracy":0.538}
HB [16:22:18] fine-tune qnli_pretrained | disk free 38G | mem 2.9G/60G | {"step":1500,"ce":0.6588108,"loss":0.6590605,"lr":0.005798175,"code_temperature":0.25013,"masked_targets":0,"compute_seconds":4855.5816,"wall_seconds":4868.0966,"val_hard_accuracy":0.538}
HB [16:22:48] fine-tune qnli_pretrained | disk free 38G | mem 2.9G/60G | {"step":1500,"ce":0.6588108,"loss":0.6590605,"lr":0.005798175,"code_temperature":0.25013,"masked_targets":0,"compute_seconds":4855.5816,"wall_seconds":4868.0966,"val_hard_accuracy":0.538}
HB [16:23:18] fine-tune qnli_pretrained | disk free 38G | mem 2.9G/60G | {"step":1500,"ce":0.6588108,"loss":0.6590605,"lr":0.005798175,"code_temperature":0.25013,"masked_targets":0,"compute_seconds":4855.5816,"wall_seconds":4868.0966,"val_hard_accuracy":0.538}
HB [16:23:48] fine-tune qnli_pretrained | disk free 38G | mem 2.9G/60G | {"step":1500,"ce":0.6588108,"loss":0.6590605,"lr":0.005798175,"code_temperature":0.25013,"masked_targets":0,"compute_seconds":4855.5816,"wall_seconds":4868.0966,"val_hard_accuracy":0.538}
HB [16:24:19] fine-tune qnli_pretrained | disk free 38G | mem 2.9G/60G | {"step":1500,"ce":0.6588108,"loss":0.6590605,"lr":0.005798175,"code_temperature":0.25013,"masked_targets":0,"compute_seconds":4855.5816,"wall_seconds":4868.0966,"val_hard_accuracy":0.538}
HB [16:24:49] fine-tune qnli_pretrained | disk free 38G | mem 2.9G/60G | {"step":1500,"ce":0.6588108,"loss":0.6590605,"lr":0.005798175,"code_temperature":0.25013,"masked_targets":0,"compute_seconds":4855.5816,"wall_seconds":4868.0966,"val_hard_accuracy":0.538}
HB [16:25:19] fine-tune qnli_pretrained | disk free 38G | mem 2.9G/60G | {"step":1500,"ce":0.6588108,"loss":0.6590605,"lr":0.005798175,"code_temperature":0.25013,"masked_targets":0,"compute_seconds":4855.5816,"wall_seconds":4868.0966,"val_hard_accuracy":0.538}
HB [16:25:49] fine-tune qnli_pretrained | disk free 38G | mem 2.9G/60G | {"step":1500,"ce":0.6588108,"loss":0.6590605,"lr":0.005798175,"code_temperature":0.25013,"masked_targets":0,"compute_seconds":4855.5816,"wall_seconds":4868.0966,"val_hard_accuracy":0.538}
HB [16:26:19] fine-tune qnli_pretrained | disk free 38G | mem 2.9G/60G | {"step":1500,"ce":0.6588108,"loss":0.6590605,"lr":0.005798175,"code_temperature":0.25013,"masked_targets":0,"compute_seconds":4855.5816,"wall_seconds":4868.0966,"val_hard_accuracy":0.538}
HB [16:26:49] fine-tune qnli_pretrained | disk free 38G | mem 2.9G/60G | {"step":1500,"ce":0.6588108,"loss":0.6590605,"lr":0.005798175,"code_temperature":0.25013,"masked_targets":0,"compute_seconds":4855.5816,"wall_seconds":4868.0966,"val_hard_accuracy":0.538}
HB [16:27:19] fine-tune qnli_pretrained | disk free 38G | mem 2.9G/60G | {"step":1500,"ce":0.6588108,"loss":0.6590605,"lr":0.005798175,"code_temperature":0.25013,"masked_targets":0,"compute_seconds":4855.5816,"wall_seconds":4868.0966,"val_hard_accuracy":0.538}
HB [16:27:49] fine-tune qnli_pretrained | disk free 38G | mem 2.9G/60G | {"step":1500,"ce":0.6588108,"loss":0.6590605,"lr":0.005798175,"code_temperature":0.25013,"masked_targets":0,"compute_seconds":4855.5816,"wall_seconds":4868.0966,"val_hard_accuracy":0.538}
HB [16:28:19] fine-tune qnli_pretrained | disk free 38G | mem 2.9G/60G | {"step":1500,"ce":0.6588108,"loss":0.6590605,"lr":0.005798175,"code_temperature":0.25013,"masked_targets":0,"compute_seconds":4855.5816,"wall_seconds":4868.0966,"val_hard_accuracy":0.538}
HB [16:28:49] fine-tune qnli_pretrained | disk free 38G | mem 2.9G/60G | {"step":1500,"ce":0.6588108,"loss":0.6590605,"lr":0.005798175,"code_temperature":0.25013,"masked_targets":0,"compute_seconds":4855.5816,"wall_seconds":4868.0966,"val_hard_accuracy":0.538}
HB [16:29:19] fine-tune qnli_pretrained | disk free 38G | mem 2.9G/60G | {"step":1500,"ce":0.6588108,"loss":0.6590605,"lr":0.005798175,"code_temperature":0.25013,"masked_targets":0,"compute_seconds":4855.5816,"wall_seconds":4868.0966,"val_hard_accuracy":0.538}
HB [16:29:49] fine-tune qnli_pretrained | disk free 38G | mem 2.9G/60G | {"step":1500,"ce":0.6588108,"loss":0.6590605,"lr":0.005798175,"code_temperature":0.25013,"masked_targets":0,"compute_seconds":4855.5816,"wall_seconds":4868.0966,"val_hard_accuracy":0.538}
HB [16:30:19] fine-tune qnli_pretrained | disk free 38G | mem 2.9G/60G | {"step":1500,"ce":0.6588108,"loss":0.6590605,"lr":0.005798175,"code_temperature":0.25013,"masked_targets":0,"compute_seconds":4855.5816,"wall_seconds":4868.0966,"val_hard_accuracy":0.538}
HB [16:30:49] fine-tune qnli_pretrained | disk free 38G | mem 2.9G/60G | {"step":1500,"ce":0.6588108,"loss":0.6590605,"lr":0.005798175,"code_temperature":0.25013,"masked_targets":0,"compute_seconds":4855.5816,"wall_seconds":4868.0966,"val_hard_accuracy":0.538}
HB [16:31:19] fine-tune qnli_pretrained | disk free 38G | mem 2.9G/60G | {"step":1750,"ce":0.6786613,"loss":0.678892,"lr":0.0033572,"code_temperature":0.2,"masked_targets":0,"compute_seconds":5641.0918,"wall_seconds":5655.2845,"val_hard_accuracy":0.541}
HB [16:31:49] fine-tune qnli_pretrained | disk free 38G | mem 2.9G/60G | {"step":1750,"ce":0.6786613,"loss":0.678892,"lr":0.0033572,"code_temperature":0.2,"masked_targets":0,"compute_seconds":5641.0918,"wall_seconds":5655.2845,"val_hard_accuracy":0.541}
HB [16:32:19] fine-tune qnli_pretrained | disk free 38G | mem 2.9G/60G | {"step":1750,"ce":0.6786613,"loss":0.678892,"lr":0.0033572,"code_temperature":0.2,"masked_targets":0,"compute_seconds":5641.0918,"wall_seconds":5655.2845,"val_hard_accuracy":0.541}
HB [16:32:49] fine-tune qnli_pretrained | disk free 38G | mem 2.9G/60G | {"step":1750,"ce":0.6786613,"loss":0.678892,"lr":0.0033572,"code_temperature":0.2,"masked_targets":0,"compute_seconds":5641.0918,"wall_seconds":5655.2845,"val_hard_accuracy":0.541}
HB [16:33:19] fine-tune qnli_pretrained | disk free 38G | mem 2.9G/60G | {"step":1750,"ce":0.6786613,"loss":0.678892,"lr":0.0033572,"code_temperature":0.2,"masked_targets":0,"compute_seconds":5641.0918,"wall_seconds":5655.2845,"val_hard_accuracy":0.541}
HB [16:33:49] fine-tune qnli_pretrained | disk free 38G | mem 2.9G/60G | {"step":1750,"ce":0.6786613,"loss":0.678892,"lr":0.0033572,"code_temperature":0.2,"masked_targets":0,"compute_seconds":5641.0918,"wall_seconds":5655.2845,"val_hard_accuracy":0.541}
HB [16:34:19] fine-tune qnli_pretrained | disk free 38G | mem 2.9G/60G | {"step":1750,"ce":0.6786613,"loss":0.678892,"lr":0.0033572,"code_temperature":0.2,"masked_targets":0,"compute_seconds":5641.0918,"wall_seconds":5655.2845,"val_hard_accuracy":0.541}
HB [16:34:49] fine-tune qnli_pretrained | disk free 38G | mem 2.9G/60G | {"step":1750,"ce":0.6786613,"loss":0.678892,"lr":0.0033572,"code_temperature":0.2,"masked_targets":0,"compute_seconds":5641.0918,"wall_seconds":5655.2845,"val_hard_accuracy":0.541}
HB [16:35:19] fine-tune qnli_pretrained | disk free 38G | mem 2.9G/60G | {"step":1750,"ce":0.6786613,"loss":0.678892,"lr":0.0033572,"code_temperature":0.2,"masked_targets":0,"compute_seconds":5641.0918,"wall_seconds":5655.2845,"val_hard_accuracy":0.541}
HB [16:35:49] fine-tune qnli_pretrained | disk free 38G | mem 2.9G/60G | {"step":1750,"ce":0.6786613,"loss":0.678892,"lr":0.0033572,"code_temperature":0.2,"masked_targets":0,"compute_seconds":5641.0918,"wall_seconds":5655.2845,"val_hard_accuracy":0.541}
HB [16:36:19] fine-tune qnli_pretrained | disk free 38G | mem 2.9G/60G | {"step":1750,"ce":0.6786613,"loss":0.678892,"lr":0.0033572,"code_temperature":0.2,"masked_targets":0,"compute_seconds":5641.0918,"wall_seconds":5655.2845,"val_hard_accuracy":0.541}
HB [16:36:49] fine-tune qnli_pretrained | disk free 38G | mem 2.9G/60G | {"step":1750,"ce":0.6786613,"loss":0.678892,"lr":0.0033572,"code_temperature":0.2,"masked_targets":0,"compute_seconds":5641.0918,"wall_seconds":5655.2845,"val_hard_accuracy":0.541}
HB [16:37:19] fine-tune qnli_pretrained | disk free 38G | mem 2.9G/60G | {"step":1750,"ce":0.6786613,"loss":0.678892,"lr":0.0033572,"code_temperature":0.2,"masked_targets":0,"compute_seconds":5641.0918,"wall_seconds":5655.2845,"val_hard_accuracy":0.541}
HB [16:37:49] fine-tune qnli_pretrained | disk free 38G | mem 2.9G/60G | {"step":1750,"ce":0.6786613,"loss":0.678892,"lr":0.0033572,"code_temperature":0.2,"masked_targets":0,"compute_seconds":5641.0918,"wall_seconds":5655.2845,"val_hard_accuracy":0.541}
HB [16:38:19] fine-tune qnli_pretrained | disk free 38G | mem 2.9G/60G | {"step":1750,"ce":0.6786613,"loss":0.678892,"lr":0.0033572,"code_temperature":0.2,"masked_targets":0,"compute_seconds":5641.0918,"wall_seconds":5655.2845,"val_hard_accuracy":0.541}
HB [16:38:49] fine-tune qnli_pretrained | disk free 38G | mem 2.9G/60G | {"step":1750,"ce":0.6786613,"loss":0.678892,"lr":0.0033572,"code_temperature":0.2,"masked_targets":0,"compute_seconds":5641.0918,"wall_seconds":5655.2845,"val_hard_accuracy":0.541}
HB [16:39:19] fine-tune qnli_pretrained | disk free 38G | mem 2.9G/60G | {"step":1750,"ce":0.6786613,"loss":0.678892,"lr":0.0033572,"code_temperature":0.2,"masked_targets":0,"compute_seconds":5641.0918,"wall_seconds":5655.2845,"val_hard_accuracy":0.541}
HB [16:39:49] fine-tune qnli_pretrained | disk free 38G | mem 2.9G/60G | {"step":1750,"ce":0.6786613,"loss":0.678892,"lr":0.0033572,"code_temperature":0.2,"masked_targets":0,"compute_seconds":5641.0918,"wall_seconds":5655.2845,"val_hard_accuracy":0.541}
HB [16:40:19] fine-tune qnli_pretrained | disk free 38G | mem 2.9G/60G | {"step":1750,"ce":0.6786613,"loss":0.678892,"lr":0.0033572,"code_temperature":0.2,"masked_targets":0,"compute_seconds":5641.0918,"wall_seconds":5655.2845,"val_hard_accuracy":0.541}
HB [16:40:49] fine-tune qnli_pretrained | disk free 38G | mem 2.9G/60G | {"step":1750,"ce":0.6786613,"loss":0.678892,"lr":0.0033572,"code_temperature":0.2,"masked_targets":0,"compute_seconds":5641.0918,"wall_seconds":5655.2845,"val_hard_accuracy":0.541}
HB [16:41:19] fine-tune qnli_pretrained | disk free 38G | mem 2.9G/60G | {"step":1750,"ce":0.6786613,"loss":0.678892,"lr":0.0033572,"code_temperature":0.2,"masked_targets":0,"compute_seconds":5641.0918,"wall_seconds":5655.2845,"val_hard_accuracy":0.541}
HB [16:41:49] fine-tune qnli_pretrained | disk free 38G | mem 2.9G/60G | {"step":1750,"ce":0.6786613,"loss":0.678892,"lr":0.0033572,"code_temperature":0.2,"masked_targets":0,"compute_seconds":5641.0918,"wall_seconds":5655.2845,"val_hard_accuracy":0.541}
HB [16:42:19] fine-tune qnli_pretrained | disk free 38G | mem 2.9G/60G | {"step":1750,"ce":0.6786613,"loss":0.678892,"lr":0.0033572,"code_temperature":0.2,"masked_targets":0,"compute_seconds":5641.0918,"wall_seconds":5655.2845,"val_hard_accuracy":0.541}
HB [16:42:49] fine-tune qnli_pretrained | disk free 38G | mem 2.9G/60G | {"step":1750,"ce":0.6786613,"loss":0.678892,"lr":0.0033572,"code_temperature":0.2,"masked_targets":0,"compute_seconds":5641.0918,"wall_seconds":5655.2845,"val_hard_accuracy":0.541}
HB [16:43:19] fine-tune qnli_pretrained | disk free 38G | mem 2.9G/60G | {"step":1750,"ce":0.6786613,"loss":0.678892,"lr":0.0033572,"code_temperature":0.2,"masked_targets":0,"compute_seconds":5641.0918,"wall_seconds":5655.2845,"val_hard_accuracy":0.541}
HB [16:43:49] fine-tune qnli_pretrained | disk free 38G | mem 2.9G/60G | {"step":1750,"ce":0.6786613,"loss":0.678892,"lr":0.0033572,"code_temperature":0.2,"masked_targets":0,"compute_seconds":5641.0918,"wall_seconds":5655.2845,"val_hard_accuracy":0.541}
RESULT {"model":"qnli_pretrained","task":"qnli","test_final":0.52462017,"dev_best":0.541}
== [16:44:01] fine-tune qnli_scratch
HB [16:44:19] fine-tune qnli_scratch | disk free 38G | mem 2.9G/60G | 
HB [16:44:49] fine-tune qnli_scratch | disk free 38G | mem 2.9G/60G | 
HB [16:45:19] fine-tune qnli_scratch | disk free 38G | mem 2.9G/60G | 
HB [16:45:49] fine-tune qnli_scratch | disk free 38G | mem 2.9G/60G | 
HB [16:46:19] fine-tune qnli_scratch | disk free 38G | mem 2.9G/60G | 
HB [16:46:49] fine-tune qnli_scratch | disk free 38G | mem 2.9G/60G | 
HB [16:47:19] fine-tune qnli_scratch | disk free 38G | mem 2.9G/60G | 
HB [16:47:49] fine-tune qnli_scratch | disk free 38G | mem 2.9G/60G | 
HB [16:48:19] fine-tune qnli_scratch | disk free 38G | mem 2.9G/60G | 
HB [16:48:49] fine-tune qnli_scratch | disk free 38G | mem 2.9G/60G | 
HB [16:49:19] fine-tune qnli_scratch | disk free 38G | mem 2.9G/60G | 
HB [16:49:49] fine-tune qnli_scratch | disk free 38G | mem 2.9G/60G | 
HB [16:50:20] fine-tune qnli_scratch | disk free 38G | mem 2.9G/60G | 
HB [16:50:50] fine-tune qnli_scratch | disk free 38G | mem 2.9G/60G | 
HB [16:51:20] fine-tune qnli_scratch | disk free 38G | mem 2.9G/60G | 
HB [16:51:50] fine-tune qnli_scratch | disk free 38G | mem 2.9G/60G | 
HB [16:52:20] fine-tune qnli_scratch | disk free 38G | mem 2.9G/60G | 
HB [16:52:50] fine-tune qnli_scratch | disk free 38G | mem 2.9G/60G | 
HB [16:53:20] fine-tune qnli_scratch | disk free 38G | mem 2.9G/60G | 
HB [16:53:50] fine-tune qnli_scratch | disk free 38G | mem 2.9G/60G | 
HB [16:54:20] fine-tune qnli_scratch | disk free 38G | mem 2.9G/60G | 
HB [16:54:50] fine-tune qnli_scratch | disk free 38G | mem 2.9G/60G | 
HB [16:55:20] fine-tune qnli_scratch | disk free 38G | mem 2.9G/60G | 
HB [16:55:50] fine-tune qnli_scratch | disk free 38G | mem 2.9G/60G | 
HB [16:56:20] fine-tune qnli_scratch | disk free 38G | mem 2.9G/60G | 
HB [16:56:50] fine-tune qnli_scratch | disk free 38G | mem 2.9G/60G | 
HB [16:57:20] fine-tune qnli_scratch | disk free 38G | mem 2.9G/60G | 
HB [16:57:50] fine-tune qnli_scratch | disk free 38G | mem 2.9G/60G | 
HB [16:58:20] fine-tune qnli_scratch | disk free 38G | mem 3.0G/60G | {"step":250,"ce":0.6776587,"loss":0.6777114,"lr":0.02414956,"code_temperature":0.87544,"masked_targets":0,"compute_seconds":830.2548,"wall_seconds":831.4839,"val_hard_accuracy":0.579}
HB [16:58:50] fine-tune qnli_scratch | disk free 38G | mem 3.0G/60G | {"step":250,"ce":0.6776587,"loss":0.6777114,"lr":0.02414956,"code_temperature":0.87544,"masked_targets":0,"compute_seconds":830.2548,"wall_seconds":831.4839,"val_hard_accuracy":0.579}
HB [16:59:20] fine-tune qnli_scratch | disk free 38G | mem 3.0G/60G | {"step":250,"ce":0.6776587,"loss":0.6777114,"lr":0.02414956,"code_temperature":0.87544,"masked_targets":0,"compute_seconds":830.2548,"wall_seconds":831.4839,"val_hard_accuracy":0.579}
HB [16:59:50] fine-tune qnli_scratch | disk free 38G | mem 3.0G/60G | {"step":250,"ce":0.6776587,"loss":0.6777114,"lr":0.02414956,"code_temperature":0.87544,"masked_targets":0,"compute_seconds":830.2548,"wall_seconds":831.4839,"val_hard_accuracy":0.579}
HB [17:00:20] fine-tune qnli_scratch | disk free 38G | mem 3.0G/60G | {"step":250,"ce":0.6776587,"loss":0.6777114,"lr":0.02414956,"code_temperature":0.87544,"masked_targets":0,"compute_seconds":830.2548,"wall_seconds":831.4839,"val_hard_accuracy":0.579}
HB [17:00:50] fine-tune qnli_scratch | disk free 38G | mem 3.0G/60G | {"step":250,"ce":0.6776587,"loss":0.6777114,"lr":0.02414956,"code_temperature":0.87544,"masked_targets":0,"compute_seconds":830.2548,"wall_seconds":831.4839,"val_hard_accuracy":0.579}
HB [17:01:20] fine-tune qnli_scratch | disk free 38G | mem 3.0G/60G | {"step":250,"ce":0.6776587,"loss":0.6777114,"lr":0.02414956,"code_temperature":0.87544,"masked_targets":0,"compute_seconds":830.2548,"wall_seconds":831.4839,"val_hard_accuracy":0.579}
HB [17:01:50] fine-tune qnli_scratch | disk free 38G | mem 3.0G/60G | {"step":250,"ce":0.6776587,"loss":0.6777114,"lr":0.02414956,"code_temperature":0.87544,"masked_targets":0,"compute_seconds":830.2548,"wall_seconds":831.4839,"val_hard_accuracy":0.579}
HB [17:02:20] fine-tune qnli_scratch | disk free 38G | mem 3.0G/60G | {"step":250,"ce":0.6776587,"loss":0.6777114,"lr":0.02414956,"code_temperature":0.87544,"masked_targets":0,"compute_seconds":830.2548,"wall_seconds":831.4839,"val_hard_accuracy":0.579}
HB [17:02:50] fine-tune qnli_scratch | disk free 38G | mem 3.0G/60G | {"step":250,"ce":0.6776587,"loss":0.6777114,"lr":0.02414956,"code_temperature":0.87544,"masked_targets":0,"compute_seconds":830.2548,"wall_seconds":831.4839,"val_hard_accuracy":0.579}
HB [17:03:20] fine-tune qnli_scratch | disk free 38G | mem 3.0G/60G | {"step":250,"ce":0.6776587,"loss":0.6777114,"lr":0.02414956,"code_temperature":0.87544,"masked_targets":0,"compute_seconds":830.2548,"wall_seconds":831.4839,"val_hard_accuracy":0.579}
HB [17:03:50] fine-tune qnli_scratch | disk free 38G | mem 3.0G/60G | {"step":250,"ce":0.6776587,"loss":0.6777114,"lr":0.02414956,"code_temperature":0.87544,"masked_targets":0,"compute_seconds":830.2548,"wall_seconds":831.4839,"val_hard_accuracy":0.579}
HB [17:04:20] fine-tune qnli_scratch | disk free 38G | mem 3.0G/60G | {"step":250,"ce":0.6776587,"loss":0.6777114,"lr":0.02414956,"code_temperature":0.87544,"masked_targets":0,"compute_seconds":830.2548,"wall_seconds":831.4839,"val_hard_accuracy":0.579}
HB [17:04:50] fine-tune qnli_scratch | disk free 38G | mem 3.0G/60G | {"step":250,"ce":0.6776587,"loss":0.6777114,"lr":0.02414956,"code_temperature":0.87544,"masked_targets":0,"compute_seconds":830.2548,"wall_seconds":831.4839,"val_hard_accuracy":0.579}
HB [17:05:20] fine-tune qnli_scratch | disk free 38G | mem 3.0G/60G | {"step":250,"ce":0.6776587,"loss":0.6777114,"lr":0.02414956,"code_temperature":0.87544,"masked_targets":0,"compute_seconds":830.2548,"wall_seconds":831.4839,"val_hard_accuracy":0.579}
HB [17:05:50] fine-tune qnli_scratch | disk free 38G | mem 3.0G/60G | {"step":250,"ce":0.6776587,"loss":0.6777114,"lr":0.02414956,"code_temperature":0.87544,"masked_targets":0,"compute_seconds":830.2548,"wall_seconds":831.4839,"val_hard_accuracy":0.579}
HB [17:06:20] fine-tune qnli_scratch | disk free 38G | mem 3.0G/60G | {"step":250,"ce":0.6776587,"loss":0.6777114,"lr":0.02414956,"code_temperature":0.87544,"masked_targets":0,"compute_seconds":830.2548,"wall_seconds":831.4839,"val_hard_accuracy":0.579}
HB [17:06:50] fine-tune qnli_scratch | disk free 38G | mem 3.0G/60G | {"step":250,"ce":0.6776587,"loss":0.6777114,"lr":0.02414956,"code_temperature":0.87544,"masked_targets":0,"compute_seconds":830.2548,"wall_seconds":831.4839,"val_hard_accuracy":0.579}
HB [17:07:20] fine-tune qnli_scratch | disk free 38G | mem 3.0G/60G | {"step":250,"ce":0.6776587,"loss":0.6777114,"lr":0.02414956,"code_temperature":0.87544,"masked_targets":0,"compute_seconds":830.2548,"wall_seconds":831.4839,"val_hard_accuracy":0.579}
HB [17:07:50] fine-tune qnli_scratch | disk free 38G | mem 3.0G/60G | {"step":250,"ce":0.6776587,"loss":0.6777114,"lr":0.02414956,"code_temperature":0.87544,"masked_targets":0,"compute_seconds":830.2548,"wall_seconds":831.4839,"val_hard_accuracy":0.579}
HB [17:08:20] fine-tune qnli_scratch | disk free 38G | mem 3.0G/60G | {"step":250,"ce":0.6776587,"loss":0.6777114,"lr":0.02414956,"code_temperature":0.87544,"masked_targets":0,"compute_seconds":830.2548,"wall_seconds":831.4839,"val_hard_accuracy":0.579}
HB [17:08:50] fine-tune qnli_scratch | disk free 38G | mem 3.0G/60G | {"step":250,"ce":0.6776587,"loss":0.6777114,"lr":0.02414956,"code_temperature":0.87544,"masked_targets":0,"compute_seconds":830.2548,"wall_seconds":831.4839,"val_hard_accuracy":0.579}
HB [17:09:20] fine-tune qnli_scratch | disk free 38G | mem 3.0G/60G | {"step":250,"ce":0.6776587,"loss":0.6777114,"lr":0.02414956,"code_temperature":0.87544,"masked_targets":0,"compute_seconds":830.2548,"wall_seconds":831.4839,"val_hard_accuracy":0.579}
HB [17:09:50] fine-tune qnli_scratch | disk free 38G | mem 3.0G/60G | {"step":250,"ce":0.6776587,"loss":0.6777114,"lr":0.02414956,"code_temperature":0.87544,"masked_targets":0,"compute_seconds":830.2548,"wall_seconds":831.4839,"val_hard_accuracy":0.579}
HB [17:10:20] fine-tune qnli_scratch | disk free 38G | mem 3.0G/60G | {"step":250,"ce":0.6776587,"loss":0.6777114,"lr":0.02414956,"code_temperature":0.87544,"masked_targets":0,"compute_seconds":830.2548,"wall_seconds":831.4839,"val_hard_accuracy":0.579}
HB [17:10:50] fine-tune qnli_scratch | disk free 38G | mem 3.0G/60G | {"step":250,"ce":0.6776587,"loss":0.6777114,"lr":0.02414956,"code_temperature":0.87544,"masked_targets":0,"compute_seconds":830.2548,"wall_seconds":831.4839,"val_hard_accuracy":0.579}
HB [17:11:20] fine-tune qnli_scratch | disk free 38G | mem 3.0G/60G | {"step":500,"ce":0.697081,"loss":0.6971866,"lr":0.02171432,"code_temperature":0.75038,"masked_targets":0,"compute_seconds":1612.1068,"wall_seconds":1618.8249,"val_hard_accuracy":0.581}
HB [17:11:50] fine-tune qnli_scratch | disk free 38G | mem 3.0G/60G | {"step":500,"ce":0.697081,"loss":0.6971866,"lr":0.02171432,"code_temperature":0.75038,"masked_targets":0,"compute_seconds":1612.1068,"wall_seconds":1618.8249,"val_hard_accuracy":0.581}
HB [17:12:20] fine-tune qnli_scratch | disk free 38G | mem 3.0G/60G | {"step":500,"ce":0.697081,"loss":0.6971866,"lr":0.02171432,"code_temperature":0.75038,"masked_targets":0,"compute_seconds":1612.1068,"wall_seconds":1618.8249,"val_hard_accuracy":0.581}
HB [17:12:50] fine-tune qnli_scratch | disk free 38G | mem 3.0G/60G | {"step":500,"ce":0.697081,"loss":0.6971866,"lr":0.02171432,"code_temperature":0.75038,"masked_targets":0,"compute_seconds":1612.1068,"wall_seconds":1618.8249,"val_hard_accuracy":0.581}
HB [17:13:20] fine-tune qnli_scratch | disk free 38G | mem 3.0G/60G | {"step":500,"ce":0.697081,"loss":0.6971866,"lr":0.02171432,"code_temperature":0.75038,"masked_targets":0,"compute_seconds":1612.1068,"wall_seconds":1618.8249,"val_hard_accuracy":0.581}
HB [17:13:50] fine-tune qnli_scratch | disk free 38G | mem 3.0G/60G | {"step":500,"ce":0.697081,"loss":0.6971866,"lr":0.02171432,"code_temperature":0.75038,"masked_targets":0,"compute_seconds":1612.1068,"wall_seconds":1618.8249,"val_hard_accuracy":0.581}
HB [17:14:20] fine-tune qnli_scratch | disk free 38G | mem 3.0G/60G | {"step":500,"ce":0.697081,"loss":0.6971866,"lr":0.02171432,"code_temperature":0.75038,"masked_targets":0,"compute_seconds":1612.1068,"wall_seconds":1618.8249,"val_hard_accuracy":0.581}
HB [17:14:51] fine-tune qnli_scratch | disk free 38G | mem 3.0G/60G | {"step":500,"ce":0.697081,"loss":0.6971866,"lr":0.02171432,"code_temperature":0.75038,"masked_targets":0,"compute_seconds":1612.1068,"wall_seconds":1618.8249,"val_hard_accuracy":0.581}
HB [17:15:21] fine-tune qnli_scratch | disk free 38G | mem 3.0G/60G | {"step":500,"ce":0.697081,"loss":0.6971866,"lr":0.02171432,"code_temperature":0.75038,"masked_targets":0,"compute_seconds":1612.1068,"wall_seconds":1618.8249,"val_hard_accuracy":0.581}
HB [17:15:51] fine-tune qnli_scratch | disk free 38G | mem 3.0G/60G | {"step":500,"ce":0.697081,"loss":0.6971866,"lr":0.02171432,"code_temperature":0.75038,"masked_targets":0,"compute_seconds":1612.1068,"wall_seconds":1618.8249,"val_hard_accuracy":0.581}
HB [17:16:21] fine-tune qnli_scratch | disk free 38G | mem 3.0G/60G | {"step":500,"ce":0.697081,"loss":0.6971866,"lr":0.02171432,"code_temperature":0.75038,"masked_targets":0,"compute_seconds":1612.1068,"wall_seconds":1618.8249,"val_hard_accuracy":0.581}
HB [17:16:51] fine-tune qnli_scratch | disk free 38G | mem 3.0G/60G | {"step":500,"ce":0.697081,"loss":0.6971866,"lr":0.02171432,"code_temperature":0.75038,"masked_targets":0,"compute_seconds":1612.1068,"wall_seconds":1618.8249,"val_hard_accuracy":0.581}
HB [17:17:21] fine-tune qnli_scratch | disk free 38G | mem 3.0G/60G | {"step":500,"ce":0.697081,"loss":0.6971866,"lr":0.02171432,"code_temperature":0.75038,"masked_targets":0,"compute_seconds":1612.1068,"wall_seconds":1618.8249,"val_hard_accuracy":0.581}
HB [17:17:51] fine-tune qnli_scratch | disk free 38G | mem 3.0G/60G | {"step":500,"ce":0.697081,"loss":0.6971866,"lr":0.02171432,"code_temperature":0.75038,"masked_targets":0,"compute_seconds":1612.1068,"wall_seconds":1618.8249,"val_hard_accuracy":0.581}
HB [17:18:21] fine-tune qnli_scratch | disk free 38G | mem 3.0G/60G | {"step":500,"ce":0.697081,"loss":0.6971866,"lr":0.02171432,"code_temperature":0.75038,"masked_targets":0,"compute_seconds":1612.1068,"wall_seconds":1618.8249,"val_hard_accuracy":0.581}
HB [17:18:51] fine-tune qnli_scratch | disk free 38G | mem 3.0G/60G | {"step":500,"ce":0.697081,"loss":0.6971866,"lr":0.02171432,"code_temperature":0.75038,"masked_targets":0,"compute_seconds":1612.1068,"wall_seconds":1618.8249,"val_hard_accuracy":0.581}
HB [17:19:21] fine-tune qnli_scratch | disk free 38G | mem 3.0G/60G | {"step":500,"ce":0.697081,"loss":0.6971866,"lr":0.02171432,"code_temperature":0.75038,"masked_targets":0,"compute_seconds":1612.1068,"wall_seconds":1618.8249,"val_hard_accuracy":0.581}
HB [17:19:51] fine-tune qnli_scratch | disk free 38G | mem 3.0G/60G | {"step":500,"ce":0.697081,"loss":0.6971866,"lr":0.02171432,"code_temperature":0.75038,"masked_targets":0,"compute_seconds":1612.1068,"wall_seconds":1618.8249,"val_hard_accuracy":0.581}
HB [17:20:21] fine-tune qnli_scratch | disk free 38G | mem 3.0G/60G | {"step":500,"ce":0.697081,"loss":0.6971866,"lr":0.02171432,"code_temperature":0.75038,"masked_targets":0,"compute_seconds":1612.1068,"wall_seconds":1618.8249,"val_hard_accuracy":0.581}
HB [17:20:51] fine-tune qnli_scratch | disk free 38G | mem 3.0G/60G | {"step":500,"ce":0.697081,"loss":0.6971866,"lr":0.02171432,"code_temperature":0.75038,"masked_targets":0,"compute_seconds":1612.1068,"wall_seconds":1618.8249,"val_hard_accuracy":0.581}
HB [17:21:21] fine-tune qnli_scratch | disk free 38G | mem 3.0G/60G | {"step":500,"ce":0.697081,"loss":0.6971866,"lr":0.02171432,"code_temperature":0.75038,"masked_targets":0,"compute_seconds":1612.1068,"wall_seconds":1618.8249,"val_hard_accuracy":0.581}
HB [17:21:51] fine-tune qnli_scratch | disk free 38G | mem 3.0G/60G | {"step":500,"ce":0.697081,"loss":0.6971866,"lr":0.02171432,"code_temperature":0.75038,"masked_targets":0,"compute_seconds":1612.1068,"wall_seconds":1618.8249,"val_hard_accuracy":0.581}
HB [17:22:21] fine-tune qnli_scratch | disk free 38G | mem 3.0G/60G | {"step":500,"ce":0.697081,"loss":0.6971866,"lr":0.02171432,"code_temperature":0.75038,"masked_targets":0,"compute_seconds":1612.1068,"wall_seconds":1618.8249,"val_hard_accuracy":0.581}
HB [17:22:51] fine-tune qnli_scratch | disk free 38G | mem 3.0G/60G | {"step":500,"ce":0.697081,"loss":0.6971866,"lr":0.02171432,"code_temperature":0.75038,"masked_targets":0,"compute_seconds":1612.1068,"wall_seconds":1618.8249,"val_hard_accuracy":0.581}
HB [17:23:21] fine-tune qnli_scratch | disk free 38G | mem 3.0G/60G | {"step":500,"ce":0.697081,"loss":0.6971866,"lr":0.02171432,"code_temperature":0.75038,"masked_targets":0,"compute_seconds":1612.1068,"wall_seconds":1618.8249,"val_hard_accuracy":0.581}
HB [17:23:51] fine-tune qnli_scratch | disk free 38G | mem 3.0G/60G | {"step":750,"ce":0.6946918,"loss":0.6948438,"lr":0.0180654,"code_temperature":0.62531,"masked_targets":0,"compute_seconds":2355.5088,"wall_seconds":2369.6161,"val_hard_accuracy":0.577}
HB [17:24:21] fine-tune qnli_scratch | disk free 38G | mem 3.0G/60G | {"step":750,"ce":0.6946918,"loss":0.6948438,"lr":0.0180654,"code_temperature":0.62531,"masked_targets":0,"compute_seconds":2355.5088,"wall_seconds":2369.6161,"val_hard_accuracy":0.577}
HB [17:24:51] fine-tune qnli_scratch | disk free 38G | mem 3.0G/60G | {"step":750,"ce":0.6946918,"loss":0.6948438,"lr":0.0180654,"code_temperature":0.62531,"masked_targets":0,"compute_seconds":2355.5088,"wall_seconds":2369.6161,"val_hard_accuracy":0.577}
HB [17:25:21] fine-tune qnli_scratch | disk free 38G | mem 3.0G/60G | {"step":750,"ce":0.6946918,"loss":0.6948438,"lr":0.0180654,"code_temperature":0.62531,"masked_targets":0,"compute_seconds":2355.5088,"wall_seconds":2369.6161,"val_hard_accuracy":0.577}
HB [17:25:51] fine-tune qnli_scratch | disk free 38G | mem 3.0G/60G | {"step":750,"ce":0.6946918,"loss":0.6948438,"lr":0.0180654,"code_temperature":0.62531,"masked_targets":0,"compute_seconds":2355.5088,"wall_seconds":2369.6161,"val_hard_accuracy":0.577}
HB [17:26:21] fine-tune qnli_scratch | disk free 38G | mem 3.0G/60G | {"step":750,"ce":0.6946918,"loss":0.6948438,"lr":0.0180654,"code_temperature":0.62531,"masked_targets":0,"compute_seconds":2355.5088,"wall_seconds":2369.6161,"val_hard_accuracy":0.577}
HB [17:26:51] fine-tune qnli_scratch | disk free 38G | mem 3.0G/60G | {"step":750,"ce":0.6946918,"loss":0.6948438,"lr":0.0180654,"code_temperature":0.62531,"masked_targets":0,"compute_seconds":2355.5088,"wall_seconds":2369.6161,"val_hard_accuracy":0.577}
HB [17:27:21] fine-tune qnli_scratch | disk free 38G | mem 3.0G/60G | {"step":750,"ce":0.6946918,"loss":0.6948438,"lr":0.0180654,"code_temperature":0.62531,"masked_targets":0,"compute_seconds":2355.5088,"wall_seconds":2369.6161,"val_hard_accuracy":0.577}
HB [17:27:51] fine-tune qnli_scratch | disk free 38G | mem 3.0G/60G | {"step":750,"ce":0.6946918,"loss":0.6948438,"lr":0.0180654,"code_temperature":0.62531,"masked_targets":0,"compute_seconds":2355.5088,"wall_seconds":2369.6161,"val_hard_accuracy":0.577}
HB [17:28:21] fine-tune qnli_scratch | disk free 38G | mem 3.0G/60G | {"step":750,"ce":0.6946918,"loss":0.6948438,"lr":0.0180654,"code_temperature":0.62531,"masked_targets":0,"compute_seconds":2355.5088,"wall_seconds":2369.6161,"val_hard_accuracy":0.577}
HB [17:28:51] fine-tune qnli_scratch | disk free 38G | mem 3.0G/60G | {"step":750,"ce":0.6946918,"loss":0.6948438,"lr":0.0180654,"code_temperature":0.62531,"masked_targets":0,"compute_seconds":2355.5088,"wall_seconds":2369.6161,"val_hard_accuracy":0.577}
HB [17:29:21] fine-tune qnli_scratch | disk free 38G | mem 3.0G/60G | {"step":750,"ce":0.6946918,"loss":0.6948438,"lr":0.0180654,"code_temperature":0.62531,"masked_targets":0,"compute_seconds":2355.5088,"wall_seconds":2369.6161,"val_hard_accuracy":0.577}
HB [17:29:51] fine-tune qnli_scratch | disk free 38G | mem 3.0G/60G | {"step":750,"ce":0.6946918,"loss":0.6948438,"lr":0.0180654,"code_temperature":0.62531,"masked_targets":0,"compute_seconds":2355.5088,"wall_seconds":2369.6161,"val_hard_accuracy":0.577}
HB [17:30:21] fine-tune qnli_scratch | disk free 38G | mem 3.0G/60G | {"step":750,"ce":0.6946918,"loss":0.6948438,"lr":0.0180654,"code_temperature":0.62531,"masked_targets":0,"compute_seconds":2355.5088,"wall_seconds":2369.6161,"val_hard_accuracy":0.577}
HB [17:30:51] fine-tune qnli_scratch | disk free 38G | mem 3.0G/60G | {"step":750,"ce":0.6946918,"loss":0.6948438,"lr":0.0180654,"code_temperature":0.62531,"masked_targets":0,"compute_seconds":2355.5088,"wall_seconds":2369.6161,"val_hard_accuracy":0.577}
HB [17:31:21] fine-tune qnli_scratch | disk free 38G | mem 3.0G/60G | {"step":750,"ce":0.6946918,"loss":0.6948438,"lr":0.0180654,"code_temperature":0.62531,"masked_targets":0,"compute_seconds":2355.5088,"wall_seconds":2369.6161,"val_hard_accuracy":0.577}
HB [17:31:51] fine-tune qnli_scratch | disk free 38G | mem 3.0G/60G | {"step":750,"ce":0.6946918,"loss":0.6948438,"lr":0.0180654,"code_temperature":0.62531,"masked_targets":0,"compute_seconds":2355.5088,"wall_seconds":2369.6161,"val_hard_accuracy":0.577}
HB [17:32:21] fine-tune qnli_scratch | disk free 38G | mem 3.0G/60G | {"step":750,"ce":0.6946918,"loss":0.6948438,"lr":0.0180654,"code_temperature":0.62531,"masked_targets":0,"compute_seconds":2355.5088,"wall_seconds":2369.6161,"val_hard_accuracy":0.577}
HB [17:32:51] fine-tune qnli_scratch | disk free 38G | mem 3.0G/60G | {"step":750,"ce":0.6946918,"loss":0.6948438,"lr":0.0180654,"code_temperature":0.62531,"masked_targets":0,"compute_seconds":2355.5088,"wall_seconds":2369.6161,"val_hard_accuracy":0.577}
HB [17:33:21] fine-tune qnli_scratch | disk free 38G | mem 3.0G/60G | {"step":750,"ce":0.6946918,"loss":0.6948438,"lr":0.0180654,"code_temperature":0.62531,"masked_targets":0,"compute_seconds":2355.5088,"wall_seconds":2369.6161,"val_hard_accuracy":0.577}
HB [17:33:51] fine-tune qnli_scratch | disk free 38G | mem 3.0G/60G | {"step":750,"ce":0.6946918,"loss":0.6948438,"lr":0.0180654,"code_temperature":0.62531,"masked_targets":0,"compute_seconds":2355.5088,"wall_seconds":2369.6161,"val_hard_accuracy":0.577}
HB [17:34:21] fine-tune qnli_scratch | disk free 38G | mem 3.0G/60G | {"step":750,"ce":0.6946918,"loss":0.6948438,"lr":0.0180654,"code_temperature":0.62531,"masked_targets":0,"compute_seconds":2355.5088,"wall_seconds":2369.6161,"val_hard_accuracy":0.577}
HB [17:34:51] fine-tune qnli_scratch | disk free 38G | mem 3.0G/60G | {"step":750,"ce":0.6946918,"loss":0.6948438,"lr":0.0180654,"code_temperature":0.62531,"masked_targets":0,"compute_seconds":2355.5088,"wall_seconds":2369.6161,"val_hard_accuracy":0.577}
HB [17:35:21] fine-tune qnli_scratch | disk free 38G | mem 3.0G/60G | {"step":750,"ce":0.6946918,"loss":0.6948438,"lr":0.0180654,"code_temperature":0.62531,"masked_targets":0,"compute_seconds":2355.5088,"wall_seconds":2369.6161,"val_hard_accuracy":0.577}
HB [17:35:51] fine-tune qnli_scratch | disk free 38G | mem 3.0G/60G | {"step":750,"ce":0.6946918,"loss":0.6948438,"lr":0.0180654,"code_temperature":0.62531,"masked_targets":0,"compute_seconds":2355.5088,"wall_seconds":2369.6161,"val_hard_accuracy":0.577}
HB [17:36:21] fine-tune qnli_scratch | disk free 38G | mem 3.0G/60G | {"step":750,"ce":0.6946918,"loss":0.6948438,"lr":0.0180654,"code_temperature":0.62531,"masked_targets":0,"compute_seconds":2355.5088,"wall_seconds":2369.6161,"val_hard_accuracy":0.577}
HB [17:36:51] fine-tune qnli_scratch | disk free 38G | mem 3.0G/60G | {"step":1000,"ce":0.6900212,"loss":0.6902021,"lr":0.01375884,"code_temperature":0.50025,"masked_targets":0,"compute_seconds":3127.1115,"wall_seconds":3151.0323,"val_hard_accuracy":0.593}
HB [17:37:21] fine-tune qnli_scratch | disk free 38G | mem 3.0G/60G | {"step":1000,"ce":0.6900212,"loss":0.6902021,"lr":0.01375884,"code_temperature":0.50025,"masked_targets":0,"compute_seconds":3127.1115,"wall_seconds":3151.0323,"val_hard_accuracy":0.593}
HB [17:37:51] fine-tune qnli_scratch | disk free 38G | mem 3.0G/60G | {"step":1000,"ce":0.6900212,"loss":0.6902021,"lr":0.01375884,"code_temperature":0.50025,"masked_targets":0,"compute_seconds":3127.1115,"wall_seconds":3151.0323,"val_hard_accuracy":0.593}
HB [17:38:21] fine-tune qnli_scratch | disk free 38G | mem 3.0G/60G | {"step":1000,"ce":0.6900212,"loss":0.6902021,"lr":0.01375884,"code_temperature":0.50025,"masked_targets":0,"compute_seconds":3127.1115,"wall_seconds":3151.0323,"val_hard_accuracy":0.593}
HB [17:38:51] fine-tune qnli_scratch | disk free 38G | mem 3.0G/60G | {"step":1000,"ce":0.6900212,"loss":0.6902021,"lr":0.01375884,"code_temperature":0.50025,"masked_targets":0,"compute_seconds":3127.1115,"wall_seconds":3151.0323,"val_hard_accuracy":0.593}
HB [17:39:21] fine-tune qnli_scratch | disk free 38G | mem 3.0G/60G | {"step":1000,"ce":0.6900212,"loss":0.6902021,"lr":0.01375884,"code_temperature":0.50025,"masked_targets":0,"compute_seconds":3127.1115,"wall_seconds":3151.0323,"val_hard_accuracy":0.593}
HB [17:39:51] fine-tune qnli_scratch | disk free 38G | mem 3.0G/60G | {"step":1000,"ce":0.6900212,"loss":0.6902021,"lr":0.01375884,"code_temperature":0.50025,"masked_targets":0,"compute_seconds":3127.1115,"wall_seconds":3151.0323,"val_hard_accuracy":0.593}
HB [17:40:22] fine-tune qnli_scratch | disk free 38G | mem 3.0G/60G | {"step":1000,"ce":0.6900212,"loss":0.6902021,"lr":0.01375884,"code_temperature":0.50025,"masked_targets":0,"compute_seconds":3127.1115,"wall_seconds":3151.0323,"val_hard_accuracy":0.593}
HB [17:40:52] fine-tune qnli_scratch | disk free 38G | mem 3.0G/60G | {"step":1000,"ce":0.6900212,"loss":0.6902021,"lr":0.01375884,"code_temperature":0.50025,"masked_targets":0,"compute_seconds":3127.1115,"wall_seconds":3151.0323,"val_hard_accuracy":0.593}
HB [17:41:22] fine-tune qnli_scratch | disk free 38G | mem 3.0G/60G | {"step":1000,"ce":0.6900212,"loss":0.6902021,"lr":0.01375884,"code_temperature":0.50025,"masked_targets":0,"compute_seconds":3127.1115,"wall_seconds":3151.0323,"val_hard_accuracy":0.593}
HB [17:41:52] fine-tune qnli_scratch | disk free 38G | mem 3.0G/60G | {"step":1000,"ce":0.6900212,"loss":0.6902021,"lr":0.01375884,"code_temperature":0.50025,"masked_targets":0,"compute_seconds":3127.1115,"wall_seconds":3151.0323,"val_hard_accuracy":0.593}
HB [17:42:22] fine-tune qnli_scratch | disk free 38G | mem 3.0G/60G | {"step":1000,"ce":0.6900212,"loss":0.6902021,"lr":0.01375884,"code_temperature":0.50025,"masked_targets":0,"compute_seconds":3127.1115,"wall_seconds":3151.0323,"val_hard_accuracy":0.593}
HB [17:42:52] fine-tune qnli_scratch | disk free 38G | mem 3.0G/60G | {"step":1000,"ce":0.6900212,"loss":0.6902021,"lr":0.01375884,"code_temperature":0.50025,"masked_targets":0,"compute_seconds":3127.1115,"wall_seconds":3151.0323,"val_hard_accuracy":0.593}
HB [17:43:22] fine-tune qnli_scratch | disk free 38G | mem 3.0G/60G | {"step":1000,"ce":0.6900212,"loss":0.6902021,"lr":0.01375884,"code_temperature":0.50025,"masked_targets":0,"compute_seconds":3127.1115,"wall_seconds":3151.0323,"val_hard_accuracy":0.593}
HB [17:43:52] fine-tune qnli_scratch | disk free 38G | mem 3.0G/60G | {"step":1000,"ce":0.6900212,"loss":0.6902021,"lr":0.01375884,"code_temperature":0.50025,"masked_targets":0,"compute_seconds":3127.1115,"wall_seconds":3151.0323,"val_hard_accuracy":0.593}
HB [17:44:22] fine-tune qnli_scratch | disk free 38G | mem 3.0G/60G | {"step":1000,"ce":0.6900212,"loss":0.6902021,"lr":0.01375884,"code_temperature":0.50025,"masked_targets":0,"compute_seconds":3127.1115,"wall_seconds":3151.0323,"val_hard_accuracy":0.593}
HB [17:44:52] fine-tune qnli_scratch | disk free 38G | mem 3.0G/60G | {"step":1000,"ce":0.6900212,"loss":0.6902021,"lr":0.01375884,"code_temperature":0.50025,"masked_targets":0,"compute_seconds":3127.1115,"wall_seconds":3151.0323,"val_hard_accuracy":0.593}
HB [17:45:22] fine-tune qnli_scratch | disk free 38G | mem 3.0G/60G | {"step":1000,"ce":0.6900212,"loss":0.6902021,"lr":0.01375884,"code_temperature":0.50025,"masked_targets":0,"compute_seconds":3127.1115,"wall_seconds":3151.0323,"val_hard_accuracy":0.593}
HB [17:45:52] fine-tune qnli_scratch | disk free 38G | mem 3.0G/60G | {"step":1000,"ce":0.6900212,"loss":0.6902021,"lr":0.01375884,"code_temperature":0.50025,"masked_targets":0,"compute_seconds":3127.1115,"wall_seconds":3151.0323,"val_hard_accuracy":0.593}
HB [17:46:22] fine-tune qnli_scratch | disk free 38G | mem 3.0G/60G | {"step":1000,"ce":0.6900212,"loss":0.6902021,"lr":0.01375884,"code_temperature":0.50025,"masked_targets":0,"compute_seconds":3127.1115,"wall_seconds":3151.0323,"val_hard_accuracy":0.593}
HB [17:46:52] fine-tune qnli_scratch | disk free 38G | mem 3.0G/60G | {"step":1000,"ce":0.6900212,"loss":0.6902021,"lr":0.01375884,"code_temperature":0.50025,"masked_targets":0,"compute_seconds":3127.1115,"wall_seconds":3151.0323,"val_hard_accuracy":0.593}
HB [17:47:22] fine-tune qnli_scratch | disk free 38G | mem 3.0G/60G | {"step":1000,"ce":0.6900212,"loss":0.6902021,"lr":0.01375884,"code_temperature":0.50025,"masked_targets":0,"compute_seconds":3127.1115,"wall_seconds":3151.0323,"val_hard_accuracy":0.593}
HB [17:47:52] fine-tune qnli_scratch | disk free 38G | mem 3.0G/60G | {"step":1000,"ce":0.6900212,"loss":0.6902021,"lr":0.01375884,"code_temperature":0.50025,"masked_targets":0,"compute_seconds":3127.1115,"wall_seconds":3151.0323,"val_hard_accuracy":0.593}
HB [17:48:22] fine-tune qnli_scratch | disk free 38G | mem 3.0G/60G | {"step":1000,"ce":0.6900212,"loss":0.6902021,"lr":0.01375884,"code_temperature":0.50025,"masked_targets":0,"compute_seconds":3127.1115,"wall_seconds":3151.0323,"val_hard_accuracy":0.593}
HB [17:48:52] fine-tune qnli_scratch | disk free 38G | mem 3.0G/60G | {"step":1000,"ce":0.6900212,"loss":0.6902021,"lr":0.01375884,"code_temperature":0.50025,"masked_targets":0,"compute_seconds":3127.1115,"wall_seconds":3151.0323,"val_hard_accuracy":0.593}
HB [17:49:22] fine-tune qnli_scratch | disk free 38G | mem 3.0G/60G | {"step":1000,"ce":0.6900212,"loss":0.6902021,"lr":0.01375884,"code_temperature":0.50025,"masked_targets":0,"compute_seconds":3127.1115,"wall_seconds":3151.0323,"val_hard_accuracy":0.593}
HB [17:49:52] fine-tune qnli_scratch | disk free 38G | mem 3.0G/60G | {"step":1000,"ce":0.6900212,"loss":0.6902021,"lr":0.01375884,"code_temperature":0.50025,"masked_targets":0,"compute_seconds":3127.1115,"wall_seconds":3151.0323,"val_hard_accuracy":0.593}
HB [17:50:22] fine-tune qnli_scratch | disk free 38G | mem 3.0G/60G | {"step":1250,"ce":0.6691847,"loss":0.6693645,"lr":0.009450937,"code_temperature":0.37519,"masked_targets":0,"compute_seconds":3924.4820,"wall_seconds":3958.2212,"val_hard_accuracy":0.598}
HB [17:50:52] fine-tune qnli_scratch | disk free 38G | mem 3.0G/60G | {"step":1250,"ce":0.6691847,"loss":0.6693645,"lr":0.009450937,"code_temperature":0.37519,"masked_targets":0,"compute_seconds":3924.4820,"wall_seconds":3958.2212,"val_hard_accuracy":0.598}
HB [17:51:22] fine-tune qnli_scratch | disk free 38G | mem 3.0G/60G | {"step":1250,"ce":0.6691847,"loss":0.6693645,"lr":0.009450937,"code_temperature":0.37519,"masked_targets":0,"compute_seconds":3924.4820,"wall_seconds":3958.2212,"val_hard_accuracy":0.598}
HB [17:51:52] fine-tune qnli_scratch | disk free 38G | mem 3.0G/60G | {"step":1250,"ce":0.6691847,"loss":0.6693645,"lr":0.009450937,"code_temperature":0.37519,"masked_targets":0,"compute_seconds":3924.4820,"wall_seconds":3958.2212,"val_hard_accuracy":0.598}
HB [17:52:22] fine-tune qnli_scratch | disk free 38G | mem 3.0G/60G | {"step":1250,"ce":0.6691847,"loss":0.6693645,"lr":0.009450937,"code_temperature":0.37519,"masked_targets":0,"compute_seconds":3924.4820,"wall_seconds":3958.2212,"val_hard_accuracy":0.598}
HB [17:52:52] fine-tune qnli_scratch | disk free 38G | mem 3.0G/60G | {"step":1250,"ce":0.6691847,"loss":0.6693645,"lr":0.009450937,"code_temperature":0.37519,"masked_targets":0,"compute_seconds":3924.4820,"wall_seconds":3958.2212,"val_hard_accuracy":0.598}
HB [17:53:22] fine-tune qnli_scratch | disk free 38G | mem 3.0G/60G | {"step":1250,"ce":0.6691847,"loss":0.6693645,"lr":0.009450937,"code_temperature":0.37519,"masked_targets":0,"compute_seconds":3924.4820,"wall_seconds":3958.2212,"val_hard_accuracy":0.598}
HB [17:53:52] fine-tune qnli_scratch | disk free 38G | mem 3.0G/60G | {"step":1250,"ce":0.6691847,"loss":0.6693645,"lr":0.009450937,"code_temperature":0.37519,"masked_targets":0,"compute_seconds":3924.4820,"wall_seconds":3958.2212,"val_hard_accuracy":0.598}
HB [17:54:22] fine-tune qnli_scratch | disk free 38G | mem 3.0G/60G | {"step":1250,"ce":0.6691847,"loss":0.6693645,"lr":0.009450937,"code_temperature":0.37519,"masked_targets":0,"compute_seconds":3924.4820,"wall_seconds":3958.2212,"val_hard_accuracy":0.598}
HB [17:54:52] fine-tune qnli_scratch | disk free 38G | mem 3.0G/60G | {"step":1250,"ce":0.6691847,"loss":0.6693645,"lr":0.009450937,"code_temperature":0.37519,"masked_targets":0,"compute_seconds":3924.4820,"wall_seconds":3958.2212,"val_hard_accuracy":0.598}
HB [17:55:22] fine-tune qnli_scratch | disk free 38G | mem 3.0G/60G | {"step":1250,"ce":0.6691847,"loss":0.6693645,"lr":0.009450937,"code_temperature":0.37519,"masked_targets":0,"compute_seconds":3924.4820,"wall_seconds":3958.2212,"val_hard_accuracy":0.598}
HB [17:55:52] fine-tune qnli_scratch | disk free 38G | mem 3.0G/60G | {"step":1250,"ce":0.6691847,"loss":0.6693645,"lr":0.009450937,"code_temperature":0.37519,"masked_targets":0,"compute_seconds":3924.4820,"wall_seconds":3958.2212,"val_hard_accuracy":0.598}
HB [17:56:22] fine-tune qnli_scratch | disk free 38G | mem 3.0G/60G | {"step":1250,"ce":0.6691847,"loss":0.6693645,"lr":0.009450937,"code_temperature":0.37519,"masked_targets":0,"compute_seconds":3924.4820,"wall_seconds":3958.2212,"val_hard_accuracy":0.598}
HB [17:56:52] fine-tune qnli_scratch | disk free 38G | mem 3.0G/60G | {"step":1250,"ce":0.6691847,"loss":0.6693645,"lr":0.009450937,"code_temperature":0.37519,"masked_targets":0,"compute_seconds":3924.4820,"wall_seconds":3958.2212,"val_hard_accuracy":0.598}
HB [17:57:22] fine-tune qnli_scratch | disk free 38G | mem 3.0G/60G | {"step":1250,"ce":0.6691847,"loss":0.6693645,"lr":0.009450937,"code_temperature":0.37519,"masked_targets":0,"compute_seconds":3924.4820,"wall_seconds":3958.2212,"val_hard_accuracy":0.598}
HB [17:57:52] fine-tune qnli_scratch | disk free 38G | mem 3.0G/60G | {"step":1250,"ce":0.6691847,"loss":0.6693645,"lr":0.009450937,"code_temperature":0.37519,"masked_targets":0,"compute_seconds":3924.4820,"wall_seconds":3958.2212,"val_hard_accuracy":0.598}
HB [17:58:22] fine-tune qnli_scratch | disk free 38G | mem 3.0G/60G | {"step":1250,"ce":0.6691847,"loss":0.6693645,"lr":0.009450937,"code_temperature":0.37519,"masked_targets":0,"compute_seconds":3924.4820,"wall_seconds":3958.2212,"val_hard_accuracy":0.598}
HB [17:58:52] fine-tune qnli_scratch | disk free 38G | mem 3.0G/60G | {"step":1250,"ce":0.6691847,"loss":0.6693645,"lr":0.009450937,"code_temperature":0.37519,"masked_targets":0,"compute_seconds":3924.4820,"wall_seconds":3958.2212,"val_hard_accuracy":0.598}
HB [17:59:22] fine-tune qnli_scratch | disk free 38G | mem 3.0G/60G | {"step":1250,"ce":0.6691847,"loss":0.6693645,"lr":0.009450937,"code_temperature":0.37519,"masked_targets":0,"compute_seconds":3924.4820,"wall_seconds":3958.2212,"val_hard_accuracy":0.598}
HB [17:59:52] fine-tune qnli_scratch | disk free 38G | mem 3.0G/60G | {"step":1250,"ce":0.6691847,"loss":0.6693645,"lr":0.009450937,"code_temperature":0.37519,"masked_targets":0,"compute_seconds":3924.4820,"wall_seconds":3958.2212,"val_hard_accuracy":0.598}
HB [18:00:22] fine-tune qnli_scratch | disk free 38G | mem 3.0G/60G | {"step":1250,"ce":0.6691847,"loss":0.6693645,"lr":0.009450937,"code_temperature":0.37519,"masked_targets":0,"compute_seconds":3924.4820,"wall_seconds":3958.2212,"val_hard_accuracy":0.598}
HB [18:00:52] fine-tune qnli_scratch | disk free 38G | mem 3.0G/60G | {"step":1250,"ce":0.6691847,"loss":0.6693645,"lr":0.009450937,"code_temperature":0.37519,"masked_targets":0,"compute_seconds":3924.4820,"wall_seconds":3958.2212,"val_hard_accuracy":0.598}
HB [18:01:22] fine-tune qnli_scratch | disk free 38G | mem 3.0G/60G | {"step":1250,"ce":0.6691847,"loss":0.6693645,"lr":0.009450937,"code_temperature":0.37519,"masked_targets":0,"compute_seconds":3924.4820,"wall_seconds":3958.2212,"val_hard_accuracy":0.598}
HB [18:01:52] fine-tune qnli_scratch | disk free 38G | mem 3.0G/60G | {"step":1250,"ce":0.6691847,"loss":0.6693645,"lr":0.009450937,"code_temperature":0.37519,"masked_targets":0,"compute_seconds":3924.4820,"wall_seconds":3958.2212,"val_hard_accuracy":0.598}
HB [18:02:22] fine-tune qnli_scratch | disk free 38G | mem 3.0G/60G | {"step":1250,"ce":0.6691847,"loss":0.6693645,"lr":0.009450937,"code_temperature":0.37519,"masked_targets":0,"compute_seconds":3924.4820,"wall_seconds":3958.2212,"val_hard_accuracy":0.598}
HB [18:02:52] fine-tune qnli_scratch | disk free 38G | mem 3.0G/60G | {"step":1500,"ce":0.6227152,"loss":0.6228657,"lr":0.005798175,"code_temperature":0.25013,"masked_targets":0,"compute_seconds":4672.4717,"wall_seconds":4710.4881,"val_hard_accuracy":0.6015}
HB [18:03:22] fine-tune qnli_scratch | disk free 38G | mem 3.0G/60G | {"step":1500,"ce":0.6227152,"loss":0.6228657,"lr":0.005798175,"code_temperature":0.25013,"masked_targets":0,"compute_seconds":4672.4717,"wall_seconds":4710.4881,"val_hard_accuracy":0.6015}
HB [18:03:52] fine-tune qnli_scratch | disk free 38G | mem 3.0G/60G | {"step":1500,"ce":0.6227152,"loss":0.6228657,"lr":0.005798175,"code_temperature":0.25013,"masked_targets":0,"compute_seconds":4672.4717,"wall_seconds":4710.4881,"val_hard_accuracy":0.6015}
HB [18:04:22] fine-tune qnli_scratch | disk free 38G | mem 3.0G/60G | {"step":1500,"ce":0.6227152,"loss":0.6228657,"lr":0.005798175,"code_temperature":0.25013,"masked_targets":0,"compute_seconds":4672.4717,"wall_seconds":4710.4881,"val_hard_accuracy":0.6015}
HB [18:04:53] fine-tune qnli_scratch | disk free 38G | mem 3.0G/60G | {"step":1500,"ce":0.6227152,"loss":0.6228657,"lr":0.005798175,"code_temperature":0.25013,"masked_targets":0,"compute_seconds":4672.4717,"wall_seconds":4710.4881,"val_hard_accuracy":0.6015}
HB [18:05:23] fine-tune qnli_scratch | disk free 38G | mem 3.0G/60G | {"step":1500,"ce":0.6227152,"loss":0.6228657,"lr":0.005798175,"code_temperature":0.25013,"masked_targets":0,"compute_seconds":4672.4717,"wall_seconds":4710.4881,"val_hard_accuracy":0.6015}
HB [18:05:53] fine-tune qnli_scratch | disk free 38G | mem 3.0G/60G | {"step":1500,"ce":0.6227152,"loss":0.6228657,"lr":0.005798175,"code_temperature":0.25013,"masked_targets":0,"compute_seconds":4672.4717,"wall_seconds":4710.4881,"val_hard_accuracy":0.6015}
HB [18:06:23] fine-tune qnli_scratch | disk free 38G | mem 3.0G/60G | {"step":1500,"ce":0.6227152,"loss":0.6228657,"lr":0.005798175,"code_temperature":0.25013,"masked_targets":0,"compute_seconds":4672.4717,"wall_seconds":4710.4881,"val_hard_accuracy":0.6015}
HB [18:06:53] fine-tune qnli_scratch | disk free 38G | mem 3.0G/60G | {"step":1500,"ce":0.6227152,"loss":0.6228657,"lr":0.005798175,"code_temperature":0.25013,"masked_targets":0,"compute_seconds":4672.4717,"wall_seconds":4710.4881,"val_hard_accuracy":0.6015}
HB [18:07:23] fine-tune qnli_scratch | disk free 38G | mem 3.0G/60G | {"step":1500,"ce":0.6227152,"loss":0.6228657,"lr":0.005798175,"code_temperature":0.25013,"masked_targets":0,"compute_seconds":4672.4717,"wall_seconds":4710.4881,"val_hard_accuracy":0.6015}
HB [18:07:53] fine-tune qnli_scratch | disk free 38G | mem 3.0G/60G | {"step":1500,"ce":0.6227152,"loss":0.6228657,"lr":0.005798175,"code_temperature":0.25013,"masked_targets":0,"compute_seconds":4672.4717,"wall_seconds":4710.4881,"val_hard_accuracy":0.6015}
HB [18:08:23] fine-tune qnli_scratch | disk free 38G | mem 3.0G/60G | {"step":1500,"ce":0.6227152,"loss":0.6228657,"lr":0.005798175,"code_temperature":0.25013,"masked_targets":0,"compute_seconds":4672.4717,"wall_seconds":4710.4881,"val_hard_accuracy":0.6015}
HB [18:08:53] fine-tune qnli_scratch | disk free 38G | mem 3.0G/60G | {"step":1500,"ce":0.6227152,"loss":0.6228657,"lr":0.005798175,"code_temperature":0.25013,"masked_targets":0,"compute_seconds":4672.4717,"wall_seconds":4710.4881,"val_hard_accuracy":0.6015}
HB [18:09:23] fine-tune qnli_scratch | disk free 38G | mem 3.0G/60G | {"step":1500,"ce":0.6227152,"loss":0.6228657,"lr":0.005798175,"code_temperature":0.25013,"masked_targets":0,"compute_seconds":4672.4717,"wall_seconds":4710.4881,"val_hard_accuracy":0.6015}
HB [18:09:53] fine-tune qnli_scratch | disk free 38G | mem 3.0G/60G | {"step":1500,"ce":0.6227152,"loss":0.6228657,"lr":0.005798175,"code_temperature":0.25013,"masked_targets":0,"compute_seconds":4672.4717,"wall_seconds":4710.4881,"val_hard_accuracy":0.6015}
HB [18:10:23] fine-tune qnli_scratch | disk free 38G | mem 3.0G/60G | {"step":1500,"ce":0.6227152,"loss":0.6228657,"lr":0.005798175,"code_temperature":0.25013,"masked_targets":0,"compute_seconds":4672.4717,"wall_seconds":4710.4881,"val_hard_accuracy":0.6015}
HB [18:10:53] fine-tune qnli_scratch | disk free 38G | mem 3.0G/60G | {"step":1500,"ce":0.6227152,"loss":0.6228657,"lr":0.005798175,"code_temperature":0.25013,"masked_targets":0,"compute_seconds":4672.4717,"wall_seconds":4710.4881,"val_hard_accuracy":0.6015}
HB [18:11:23] fine-tune qnli_scratch | disk free 38G | mem 3.0G/60G | {"step":1500,"ce":0.6227152,"loss":0.6228657,"lr":0.005798175,"code_temperature":0.25013,"masked_targets":0,"compute_seconds":4672.4717,"wall_seconds":4710.4881,"val_hard_accuracy":0.6015}
HB [18:11:53] fine-tune qnli_scratch | disk free 38G | mem 3.0G/60G | {"step":1500,"ce":0.6227152,"loss":0.6228657,"lr":0.005798175,"code_temperature":0.25013,"masked_targets":0,"compute_seconds":4672.4717,"wall_seconds":4710.4881,"val_hard_accuracy":0.6015}
HB [18:12:23] fine-tune qnli_scratch | disk free 38G | mem 3.0G/60G | {"step":1500,"ce":0.6227152,"loss":0.6228657,"lr":0.005798175,"code_temperature":0.25013,"masked_targets":0,"compute_seconds":4672.4717,"wall_seconds":4710.4881,"val_hard_accuracy":0.6015}
HB [18:12:53] fine-tune qnli_scratch | disk free 38G | mem 3.0G/60G | {"step":1500,"ce":0.6227152,"loss":0.6228657,"lr":0.005798175,"code_temperature":0.25013,"masked_targets":0,"compute_seconds":4672.4717,"wall_seconds":4710.4881,"val_hard_accuracy":0.6015}
HB [18:13:23] fine-tune qnli_scratch | disk free 38G | mem 3.0G/60G | {"step":1500,"ce":0.6227152,"loss":0.6228657,"lr":0.005798175,"code_temperature":0.25013,"masked_targets":0,"compute_seconds":4672.4717,"wall_seconds":4710.4881,"val_hard_accuracy":0.6015}
HB [18:13:53] fine-tune qnli_scratch | disk free 38G | mem 3.0G/60G | {"step":1500,"ce":0.6227152,"loss":0.6228657,"lr":0.005798175,"code_temperature":0.25013,"masked_targets":0,"compute_seconds":4672.4717,"wall_seconds":4710.4881,"val_hard_accuracy":0.6015}
HB [18:14:23] fine-tune qnli_scratch | disk free 38G | mem 3.0G/60G | {"step":1500,"ce":0.6227152,"loss":0.6228657,"lr":0.005798175,"code_temperature":0.25013,"masked_targets":0,"compute_seconds":4672.4717,"wall_seconds":4710.4881,"val_hard_accuracy":0.6015}
HB [18:14:53] fine-tune qnli_scratch | disk free 38G | mem 3.0G/60G | {"step":1500,"ce":0.6227152,"loss":0.6228657,"lr":0.005798175,"code_temperature":0.25013,"masked_targets":0,"compute_seconds":4672.4717,"wall_seconds":4710.4881,"val_hard_accuracy":0.6015}
HB [18:15:23] fine-tune qnli_scratch | disk free 38G | mem 3.0G/60G | {"step":1500,"ce":0.6227152,"loss":0.6228657,"lr":0.005798175,"code_temperature":0.25013,"masked_targets":0,"compute_seconds":4672.4717,"wall_seconds":4710.4881,"val_hard_accuracy":0.6015}
HB [18:15:53] fine-tune qnli_scratch | disk free 38G | mem 3.0G/60G | {"step":1500,"ce":0.6227152,"loss":0.6228657,"lr":0.005798175,"code_temperature":0.25013,"masked_targets":0,"compute_seconds":4672.4717,"wall_seconds":4710.4881,"val_hard_accuracy":0.6015}
HB [18:16:23] fine-tune qnli_scratch | disk free 38G | mem 3.0G/60G | {"step":1500,"ce":0.6227152,"loss":0.6228657,"lr":0.005798175,"code_temperature":0.25013,"masked_targets":0,"compute_seconds":4672.4717,"wall_seconds":4710.4881,"val_hard_accuracy":0.6015}
HB [18:16:53] fine-tune qnli_scratch | disk free 38G | mem 3.0G/60G | {"step":1750,"ce":0.6081005,"loss":0.6082404,"lr":0.0033572,"code_temperature":0.2,"masked_targets":0,"compute_seconds":5502.0074,"wall_seconds":5549.9387,"val_hard_accuracy":0.6}
HB [18:17:23] fine-tune qnli_scratch | disk free 38G | mem 3.0G/60G | {"step":1750,"ce":0.6081005,"loss":0.6082404,"lr":0.0033572,"code_temperature":0.2,"masked_targets":0,"compute_seconds":5502.0074,"wall_seconds":5549.9387,"val_hard_accuracy":0.6}
HB [18:17:53] fine-tune qnli_scratch | disk free 38G | mem 3.0G/60G | {"step":1750,"ce":0.6081005,"loss":0.6082404,"lr":0.0033572,"code_temperature":0.2,"masked_targets":0,"compute_seconds":5502.0074,"wall_seconds":5549.9387,"val_hard_accuracy":0.6}
HB [18:18:23] fine-tune qnli_scratch | disk free 38G | mem 3.0G/60G | {"step":1750,"ce":0.6081005,"loss":0.6082404,"lr":0.0033572,"code_temperature":0.2,"masked_targets":0,"compute_seconds":5502.0074,"wall_seconds":5549.9387,"val_hard_accuracy":0.6}
HB [18:18:53] fine-tune qnli_scratch | disk free 38G | mem 3.0G/60G | {"step":1750,"ce":0.6081005,"loss":0.6082404,"lr":0.0033572,"code_temperature":0.2,"masked_targets":0,"compute_seconds":5502.0074,"wall_seconds":5549.9387,"val_hard_accuracy":0.6}
HB [18:19:23] fine-tune qnli_scratch | disk free 38G | mem 3.0G/60G | {"step":1750,"ce":0.6081005,"loss":0.6082404,"lr":0.0033572,"code_temperature":0.2,"masked_targets":0,"compute_seconds":5502.0074,"wall_seconds":5549.9387,"val_hard_accuracy":0.6}
HB [18:19:53] fine-tune qnli_scratch | disk free 38G | mem 3.0G/60G | {"step":1750,"ce":0.6081005,"loss":0.6082404,"lr":0.0033572,"code_temperature":0.2,"masked_targets":0,"compute_seconds":5502.0074,"wall_seconds":5549.9387,"val_hard_accuracy":0.6}
HB [18:20:23] fine-tune qnli_scratch | disk free 38G | mem 3.0G/60G | {"step":1750,"ce":0.6081005,"loss":0.6082404,"lr":0.0033572,"code_temperature":0.2,"masked_targets":0,"compute_seconds":5502.0074,"wall_seconds":5549.9387,"val_hard_accuracy":0.6}
HB [18:20:53] fine-tune qnli_scratch | disk free 38G | mem 3.0G/60G | {"step":1750,"ce":0.6081005,"loss":0.6082404,"lr":0.0033572,"code_temperature":0.2,"masked_targets":0,"compute_seconds":5502.0074,"wall_seconds":5549.9387,"val_hard_accuracy":0.6}
HB [18:21:23] fine-tune qnli_scratch | disk free 38G | mem 3.0G/60G | {"step":1750,"ce":0.6081005,"loss":0.6082404,"lr":0.0033572,"code_temperature":0.2,"masked_targets":0,"compute_seconds":5502.0074,"wall_seconds":5549.9387,"val_hard_accuracy":0.6}
HB [18:21:53] fine-tune qnli_scratch | disk free 38G | mem 3.0G/60G | {"step":1750,"ce":0.6081005,"loss":0.6082404,"lr":0.0033572,"code_temperature":0.2,"masked_targets":0,"compute_seconds":5502.0074,"wall_seconds":5549.9387,"val_hard_accuracy":0.6}
HB [18:22:23] fine-tune qnli_scratch | disk free 38G | mem 3.0G/60G | {"step":1750,"ce":0.6081005,"loss":0.6082404,"lr":0.0033572,"code_temperature":0.2,"masked_targets":0,"compute_seconds":5502.0074,"wall_seconds":5549.9387,"val_hard_accuracy":0.6}
HB [18:22:53] fine-tune qnli_scratch | disk free 38G | mem 3.0G/60G | {"step":1750,"ce":0.6081005,"loss":0.6082404,"lr":0.0033572,"code_temperature":0.2,"masked_targets":0,"compute_seconds":5502.0074,"wall_seconds":5549.9387,"val_hard_accuracy":0.6}
HB [18:23:23] fine-tune qnli_scratch | disk free 38G | mem 3.0G/60G | {"step":1750,"ce":0.6081005,"loss":0.6082404,"lr":0.0033572,"code_temperature":0.2,"masked_targets":0,"compute_seconds":5502.0074,"wall_seconds":5549.9387,"val_hard_accuracy":0.6}
HB [18:23:53] fine-tune qnli_scratch | disk free 38G | mem 3.0G/60G | {"step":1750,"ce":0.6081005,"loss":0.6082404,"lr":0.0033572,"code_temperature":0.2,"masked_targets":0,"compute_seconds":5502.0074,"wall_seconds":5549.9387,"val_hard_accuracy":0.6}
HB [18:24:23] fine-tune qnli_scratch | disk free 38G | mem 3.0G/60G | {"step":1750,"ce":0.6081005,"loss":0.6082404,"lr":0.0033572,"code_temperature":0.2,"masked_targets":0,"compute_seconds":5502.0074,"wall_seconds":5549.9387,"val_hard_accuracy":0.6}
HB [18:24:53] fine-tune qnli_scratch | disk free 38G | mem 3.0G/60G | {"step":1750,"ce":0.6081005,"loss":0.6082404,"lr":0.0033572,"code_temperature":0.2,"masked_targets":0,"compute_seconds":5502.0074,"wall_seconds":5549.9387,"val_hard_accuracy":0.6}
HB [18:25:23] fine-tune qnli_scratch | disk free 38G | mem 3.0G/60G | {"step":1750,"ce":0.6081005,"loss":0.6082404,"lr":0.0033572,"code_temperature":0.2,"masked_targets":0,"compute_seconds":5502.0074,"wall_seconds":5549.9387,"val_hard_accuracy":0.6}
HB [18:25:53] fine-tune qnli_scratch | disk free 38G | mem 3.0G/60G | {"step":1750,"ce":0.6081005,"loss":0.6082404,"lr":0.0033572,"code_temperature":0.2,"masked_targets":0,"compute_seconds":5502.0074,"wall_seconds":5549.9387,"val_hard_accuracy":0.6}
HB [18:26:23] fine-tune qnli_scratch | disk free 38G | mem 3.0G/60G | {"step":1750,"ce":0.6081005,"loss":0.6082404,"lr":0.0033572,"code_temperature":0.2,"masked_targets":0,"compute_seconds":5502.0074,"wall_seconds":5549.9387,"val_hard_accuracy":0.6}
HB [18:26:53] fine-tune qnli_scratch | disk free 38G | mem 3.0G/60G | {"step":1750,"ce":0.6081005,"loss":0.6082404,"lr":0.0033572,"code_temperature":0.2,"masked_targets":0,"compute_seconds":5502.0074,"wall_seconds":5549.9387,"val_hard_accuracy":0.6}
HB [18:27:23] fine-tune qnli_scratch | disk free 38G | mem 3.0G/60G | {"step":1750,"ce":0.6081005,"loss":0.6082404,"lr":0.0033572,"code_temperature":0.2,"masked_targets":0,"compute_seconds":5502.0074,"wall_seconds":5549.9387,"val_hard_accuracy":0.6}
HB [18:27:53] fine-tune qnli_scratch | disk free 38G | mem 3.0G/60G | {"step":1750,"ce":0.6081005,"loss":0.6082404,"lr":0.0033572,"code_temperature":0.2,"masked_targets":0,"compute_seconds":5502.0074,"wall_seconds":5549.9387,"val_hard_accuracy":0.6}
HB [18:28:23] fine-tune qnli_scratch | disk free 38G | mem 3.0G/60G | {"step":1750,"ce":0.6081005,"loss":0.6082404,"lr":0.0033572,"code_temperature":0.2,"masked_targets":0,"compute_seconds":5502.0074,"wall_seconds":5549.9387,"val_hard_accuracy":0.6}
HB [18:28:53] fine-tune qnli_scratch | disk free 38G | mem 3.0G/60G | {"step":1750,"ce":0.6081005,"loss":0.6082404,"lr":0.0033572,"code_temperature":0.2,"masked_targets":0,"compute_seconds":5502.0074,"wall_seconds":5549.9387,"val_hard_accuracy":0.6}
HB [18:29:23] fine-tune qnli_scratch | disk free 38G | mem 3.0G/60G | {"step":1750,"ce":0.6081005,"loss":0.6082404,"lr":0.0033572,"code_temperature":0.2,"masked_targets":0,"compute_seconds":5502.0074,"wall_seconds":5549.9387,"val_hard_accuracy":0.6}
RESULT {"model":"qnli_scratch","task":"qnli","test_final":0.59271463,"dev_best":0.6025}
== [18:29:35] done
